TripID,HighCarbon
2,0.9998454
4,0.00620233
5,0.89926237
14,0.00018854723
15,0.000250622
17,0.00044977266
22,0.9984205
23,0.9954796
25,3.5679415e-05
30,0.0045354445
35,0.99140656
39,0.0003939408
45,0.99977046
50,0.0040770867
51,0.0005414266
55,0.9981766
64,0.99965394
65,0.0010912602
68,0.001824039
72,0.00013449386
73,0.00088921067
78,0.99739254
80,5.29313e-06
86,3.6076402e-05
87,0.00030554083
96,0.00021378887
97,0.00054058013
101,4.5144192e-05
102,0.00036473485
106,0.99874973
107,0.0001702663
118,0.0033122085
122,0.000194103
130,0.00013785929
140,0.9992619
141,1.18004e-05
144,0.9992237
147,0.00013526336
157,0.99911064
160,0.00054469093
161,0.0007554755
167,0.99991703
168,0.999451
172,0.9999355
176,0.0019494968
181,0.9999062
183,2.8090633e-05
186,0.00028460583
189,0.0041507925
191,0.00027177916
193,0.9997838
194,0.00016708876
197,0.00032172995
204,0.00014794705
207,0.00074686087
212,0.0003288563
214,0.0006193081
216,0.00023206692
217,0.9994301
218,0.8594181
219,4.7106172e-05
232,7.766428e-05
236,1.791874e-05
239,0.0011639384
248,0.9972582
251,0.0953222
252,0.0001797899
253,0.00013468842
255,0.0003500743
256,5.9641816e-06
261,0.00011735038
269,0.08702459
276,0.0006091668
277,0.07579438
279,0.0026375279
281,0.97062004
282,0.001955492
286,0.99876034
288,0.07844237
293,0.0002825565
301,0.0005172722
304,0.00049970625
312,0.0008096294
316,0.00063275563
317,0.99979943
318,0.9996177
320,0.00018134493
324,0.0017512075
326,1.5072436e-05
329,0.0022782518
332,0.99736017
338,0.0002279268
339,1.7409418e-05
341,0.0006089105
343,1.613875e-05
354,0.9950336
362,0.0005103168
368,0.0001768542
369,7.5754e-05
377,0.00019789096
381,0.83120745
386,0.00014473178
389,3.491322e-06
397,0.00033319363
398,0.0010108588
402,0.00034753047
403,0.9999695
404,0.00033564024
420,0.0006138
421,1.07977085e-05
423,0.9973078
430,0.00021802804
431,0.00024358073
433,0.00021884426
441,0.0034399799
443,0.0018682398
445,0.00045651649
452,0.00043462904
457,0.0007715781
460,2.3155788e-05
467,0.00020534672
468,0.99548584
473,8.112862e-05
474,0.00053095876
475,0.0019062336
478,0.00015019086
480,0.00058568927
482,3.3742062e-06
485,0.00041080036
495,0.0006174931
499,0.00041272727
502,0.000639646
503,0.0005996522
514,0.99947816
519,1.2512562e-05
521,0.00053486746
523,2.7781121e-05
526,7.921589e-05
533,0.0001220464
539,1.0279637e-05
541,0.999443
545,0.9961427
555,0.00052274624
561,0.00026503642
574,0.0004058043
575,0.00034766964
578,0.006103399
585,0.0011742656
596,0.00024439517
619,0.00071134657
625,0.0005534693
627,0.0004747061
629,0.9926803
631,0.021159584
632,0.005241541
634,0.00057443784
635,0.0014540926
638,0.00048107753
639,0.000396346
652,5.1598796e-05
656,0.00021913533
659,0.9996075
661,0.00026758664
666,0.10172311
671,6.454264e-05
679,0.0003997093
680,0.99942374
681,0.000101326084
682,0.0001472459
684,1.537487e-05
687,0.99522984
692,0.00011150414
700,0.0011473295
704,0.0024959785
721,3.5865713e-05
723,0.0016059207
725,0.00020577497
726,0.14907205
728,0.9998983
730,0.9995172
731,0.00043123215
735,0.0005226259
737,0.99954116
740,0.00080014387
743,3.541591e-06
744,0.00018734459
754,0.99672
757,0.99919504
760,7.6577555e-05
765,0.9988625
768,5.458386e-06
770,0.9990688
771,0.99811447
773,7.9717545e-05
775,0.0002785061
776,0.999874
777,0.99925107
781,2.0101992e-05
783,0.0003210531
784,1.0491834e-05
792,0.99874914
805,0.009154978
806,0.0005293246
810,0.0010788944
822,8.576989e-06
826,0.9999224
828,3.618328e-05
829,0.9994006
831,0.00040200457
833,0.0032506352
840,6.848946e-06
843,0.994412
844,0.0002891705
852,0.00026428772
854,4.0872903e-05
856,0.99946064
857,0.9995721
864,0.0012543191
865,1.929491e-05
870,0.9949595
871,0.00020987967
874,0.84976566
875,0.9998472
877,0.0009413415
878,0.00040862666
879,0.00062553503
881,0.8267896
882,0.00011847846
883,2.8966026e-05
884,0.00038507633
886,0.99973327
894,0.0005560552
897,0.0018057913
903,0.00014278501
910,1.7690352e-05
912,0.0008077703
913,0.00014472127
914,0.9998715
916,0.00044854323
924,0.00026128496
927,0.00011560001
936,0.0016430003
939,0.9997842
944,0.0001706258
950,0.00018617249
952,6.504075e-06
961,2.5292673e-05
962,0.005919795
963,0.00069021183
967,2.0662008e-05
968,0.05364511
977,8.619053e-06
980,8.218975e-05
990,0.99934465
1000,0.00031198343
1005,0.00046884312
1010,0.9996352
1013,0.042560544
1015,0.000465004
1017,0.0018421664
1021,0.9986467
1029,0.00023225993
1032,0.99887604
1036,0.00026737267
1039,0.0041903844
1040,0.0010994158
1041,0.00025206822
1043,0.00039001933
1044,0.00041110534
1056,0.00027667178
1057,5.2240557e-05
1058,0.000203433
1059,0.9940461
1062,0.00023875218
1063,0.9996319
1068,6.6014865e-05
1070,1.579777e-05
1072,0.98586905
1078,0.0029017227
1079,0.00018009565
1083,0.0001861709
1088,0.00061914965
1102,0.99952996
1107,0.00039010952
1108,0.00027906641
1114,9.0487156e-05
1125,0.00018367298
1126,0.00016435666
1130,0.9998048
1132,3.4754354e-05
1133,0.998939
1136,0.0002568614
1139,0.999483
1141,0.00026871715
1142,0.00048644035
1143,0.0009331764
1148,6.0209e-05
1149,0.0013083235
1150,0.99862766
1154,0.000103664046
1155,0.0003376836
1161,2.4986857e-05
1162,0.00040539601
1167,0.019667553
1174,0.0009344995
1179,0.0014732217
1184,0.9974044
1185,0.00016781827
1191,4.780526e-05
1192,0.9992772
1196,0.00026518048
1198,3.8109323e-05
1207,0.0004088651
1208,1.2128058e-05
1209,0.0004129016
1217,0.00011342122
1219,8.717824e-06
1220,0.991463
1224,0.99991643
1228,7.6694996e-05
1230,0.0003918856
1237,3.1420634e-05
1239,0.00034555647
1244,0.0006271582
1256,0.00032115288
1259,0.00056629785
1260,0.0012652213
1267,3.1515192e-05
1269,1.8793424e-05
1283,0.08172442
1296,0.9997234
1305,0.9997272
1310,0.9995684
1314,0.0027647414
1319,0.99705625
1324,0.0010631746
1327,0.00019531643
1329,0.9985359
1332,3.4595203e-05
1340,0.9997384
1341,0.00867173
1342,0.00027201322
1343,0.0019257602
1344,1.0538563e-05
1346,0.99293244
1349,1.0573395e-05
1353,0.09892134
1356,0.9942285
1365,0.9990927
1367,5.491981e-06
1369,0.99955887
1378,0.00010936791
1379,0.00015614292
1383,0.00018759375
1386,0.9988549
1391,1.4087173e-05
1393,0.00016687604
1397,0.9992902
1398,0.0006607462
1401,0.00025083977
1404,0.99513346
1407,0.07984291
1410,0.9992829
1412,0.99591285
1414,0.00021882067
1419,6.1612727e-06
1422,0.0015142795
1423,0.012150816
1431,0.99862087
1434,0.0031620236
1436,0.000287157
1448,0.00039977426
1450,6.8065897e-06
1453,2.4341338e-05
1455,0.00054206897
1456,0.0007485471
1457,9.183385e-05
1461,2.256872e-05
1466,0.0011406151
1470,3.184182e-05
1473,0.9910898
1485,6.95968e-05
1487,0.0002870155
1492,0.00032360674
1497,0.99695456
1498,1.414224e-05
1503,0.0002299485
1506,0.0003289839
1508,0.000111355694
1511,1.9709058e-05
1512,0.00041031017
1516,0.83857185
1517,0.0003391776
1518,0.9991555
1519,0.00062071066
1529,0.00020280975
1534,0.0016414094
1535,5.717791e-06
1540,0.000144042
1542,0.00030655885
1547,0.9999554
1550,0.00058549695
1551,0.012567232
1557,0.00033479143
1559,0.99758196
1560,0.00014015098
1561,0.0017222728
1564,0.99787784
1566,0.9947419
1570,0.009689076
1578,7.161536e-05
1581,0.9995907
1587,0.9497372
1588,0.001571075
1590,2.4555113e-05
1592,0.00013335883
1593,0.0007203247
1599,0.0005521951
1604,0.99834573
1607,5.681991e-06
1610,0.011897625
1612,0.0006416047
1613,2.123497e-05
1615,8.628973e-05
1633,0.00020269782
1638,0.00035174898
1644,0.00013778805
1645,0.894428
1648,5.2232926e-06
1651,0.9984938
1654,0.0008760797
1661,0.0010459472
1662,0.99935347
1665,0.99948275
1668,0.00022503175
1674,0.000698986
1678,0.99915636
1679,0.99953437
1682,0.0006500785
1685,2.4276082e-05
1689,0.00019163384
1697,7.147482e-05
1702,0.00053475454
1715,0.0006005327
1716,0.99692094
1721,0.9976387
1722,0.00083134713
1725,9.110509e-05
1730,0.0005430839
1731,0.00027141973
1732,0.105301745
1738,0.98760986
1739,3.223654e-05
1740,0.00019830329
1743,0.00150442
1752,0.00014629312
1764,0.99980336
1766,0.9985318
1770,0.9995466
1777,0.0004418051
1778,0.00040742007
1780,0.99968016
1792,3.350816e-05
1794,0.99896383
1801,8.997537e-05
1802,1.2535279e-05
1803,0.00022743401
1805,0.00013884185
1807,0.0016266915
1810,0.0006062765
1818,0.002604545
1819,3.3053163e-06
1821,1.4021404e-05
1823,0.00040157445
1830,0.08701438
1831,4.8298592e-05
1834,0.003891581
1836,0.00010818142
1843,3.173472e-05
1857,5.3659933e-06
1859,0.0013115985
1860,0.99959356
1866,0.00033005202
1868,1.17140535e-05
1876,0.0017063705
1883,0.00048749265
1887,0.00030839953
1889,0.0010140492
1891,0.9998592
1896,0.00047862701
1901,0.00053357583
1902,0.0008918368
1912,1.3410955e-05
1917,0.0011836027
1919,0.00021971652
1921,0.9995005
1934,0.9973099
1935,3.0141044e-05
1939,0.09960452
1941,0.00017747807
1942,7.872361e-05
1949,0.99934775
1956,5.2943393e-05
1962,1.534076e-05
1970,0.00028848843
1973,0.99847335
1985,0.00018750952
1990,0.00020126921
1996,0.00016636937
2003,0.00023353631
2007,0.9997625
2008,0.99942964
2010,0.00057280535
2011,0.00021216534
2016,9.105302e-06
2018,0.001218665
2022,0.13287634
2024,0.00025307768
2028,0.99888664
2030,0.81376225
2032,6.985398e-05
2033,2.3091602e-06
2035,0.00025408203
2038,0.00055490393
2039,1.4793253e-05
2042,0.1155348
2047,0.00027642318
2052,0.0009193715
2053,0.9997085
2054,0.0050349333
2066,2.5070301e-05
2067,1.7251139e-05
2068,0.9979006
2077,0.9996195
2080,0.99958307
2089,0.00018669138
2094,0.00019022042
2097,0.0014510737
2099,0.00032427936
2101,1.9776046e-05
2103,2.4963638e-05
2110,0.00026036857
2113,0.00013417107
2120,0.00045908443
2121,0.9949936
2126,0.040380355
2129,0.9740461
2130,0.9994955
2133,0.72317994
2134,0.0030338247
2137,0.922293
2138,0.99935955
2144,0.0033081574
2145,0.07583089
2147,1.8383398e-05
2153,0.00029325343
2155,1.1415016e-05
2157,0.08276133
2158,0.0001662945
2161,4.7280796e-06
2169,8.818248e-06
2170,0.00079226354
2175,0.9984829
2179,3.520092e-05
2182,0.98147607
2186,0.00058424665
2187,1.6598246e-05
2194,0.00018856341
2195,0.999416
2197,0.0004865394
2209,0.00053710793
2211,0.07415266
2216,3.7156966e-05
2220,0.06275713
2222,0.00020431571
2228,0.8806908
2229,0.012697475
2240,0.00050791755
2246,0.00015536649
2247,0.0005329481
2257,0.00080297265
2259,0.9990114
2277,1.7905946e-05
2279,0.00018547846
2281,3.7441732e-06
2282,0.00017204975
2283,0.999933
2284,0.99244565
2285,0.07970254
2292,0.00029963948
2294,0.99940765
2296,0.0001116269
2302,0.0005884632
2307,0.000292235
2313,0.0001565329
2315,0.00076523796
2318,0.00035005977
2321,0.0005500498
2322,0.14033549
2326,1.8790664e-05
2329,0.00044094468
2332,0.0007541375
2334,0.9849059
2335,0.9120759
2342,0.0041264347
2351,0.0046486035
2353,0.0003182886
2360,0.0373542
2364,0.8731406
2366,0.9992879
2367,0.9976076
2372,0.13625383
2382,0.000310038
2387,2.2247286e-05
2392,0.0004356158
2399,0.9996983
2400,0.99893075
2401,0.00030685507
2402,0.00053649826
2403,0.9992675
2406,0.0002712216
2410,0.0001935471
2413,4.7361714e-06
2416,0.9982786
2420,0.9988919
2421,0.00022411402
2424,0.00034031676
2426,0.8971638
2427,0.00020488143
2439,0.9966144
2440,0.9997234
2443,5.0557096e-06
2446,0.0002545835
2449,0.0003804724
2450,0.0003322265
2457,0.00023757345
2462,1.5957912e-05
2470,0.00019916338
2477,3.8000304e-05
2485,1.6485956e-05
2488,4.4053206e-05
2490,6.8648806e-05
2497,0.8603895
2499,0.9994667
2500,0.0013027102
2501,0.0002569959
2502,0.0015420759
2511,0.999943
2512,0.00063768454
2513,0.0032360987
2517,0.00016033776
2518,0.000535729
2519,0.9994704
2522,0.0013427543
2523,2.0692138e-05
2524,2.9918014e-05
2525,0.00094605883
2531,0.0005680039
2535,0.037398156
2536,0.9914635
2538,0.0045762053
2540,0.002335498
2544,0.00059380947
2545,0.0003185688
2553,0.0004318725
2555,0.00016695482
2557,0.00029725282
2574,0.992743
2576,0.00080253085
2578,5.0574108e-05
2579,0.060822345
2588,0.0006080985
2592,0.010792842
2593,0.06687221
2606,0.09056197
2607,0.000586371
2609,1.6160973e-05
2611,4.344959e-06
2619,0.0006157673
2625,0.08056051
2626,0.0011684574
2627,0.00027200417
2629,0.011737348
2640,0.00028187226
2641,0.00050851994
2644,0.00012691214
2645,2.0720889e-05
2656,0.9915234
2659,3.3864195e-05
2660,1.217801e-05
2663,1.4133139e-05
2668,0.00037585938
2671,5.00579e-06
2673,0.0005503425
2677,0.055116247
2680,0.00089623115
2683,0.00089053507
2687,0.99714833
2689,3.983663e-05
2691,0.00023360913
2695,7.897257e-06
2697,0.00021496805
2698,0.99942064
2707,5.3933414e-05
2709,0.0005581096
2714,0.00016359257
2715,0.0039229835
2716,2.6344249e-05
2726,0.00017142732
2730,0.79397887
2733,0.00030374128
2735,0.000540677
2745,8.862104e-06
2750,0.9992161
2754,2.8914665e-05
2756,0.0001420926
2757,0.99954623
2758,4.879753e-05
2759,0.9998603
2763,0.00012668472
2773,0.00062918896
2774,0.00053067465
2777,0.00061607256
2779,0.99969363
2782,0.99896264
2786,0.9984231
2787,5.2147734e-05
2790,2.0451402e-05
2791,0.001086112
2793,0.00029428944
2794,0.00026918514
2796,0.9990901
2797,1.9938885e-05
2798,8.130653e-05
2802,0.99983585
2808,0.00019417446
2809,0.000115851166
2817,0.0007657399
2819,0.00018925164
2823,0.99914575
2824,4.3194832e-05
2840,0.0010867023
2851,0.00015978572
2852,0.00088445545
2860,0.06856998
2865,0.12344795
2867,0.00051221886
2883,0.00016955167
2887,0.00012768977
2891,0.0016687709
2895,0.00034675852
2902,0.99841595
2905,0.00066661276
2909,0.99914813
2911,0.001812545
2918,0.079801865
2919,0.9939752
2922,0.0001498847
2925,0.00037133286
2929,1.9656387e-05
2930,0.9996748
2935,0.7165428
2936,0.99822146
2939,0.99882764
2948,0.014620884
2950,1.6726352e-05
2958,4.3195243e-05
2959,0.99993753
2964,1.556306e-05
2966,6.1026833e-05
2969,0.99174654
2980,0.99980086
2981,0.0002525055
2982,0.075604066
2986,0.9829585
2992,0.000117870746
2994,0.9975389
2995,0.998749
2996,1.1679495e-05
3001,0.023505008
3002,0.9999306
3005,8.038091e-06
3006,0.0001301848
3012,0.9990435
3020,0.99867
3023,0.00021800537
3025,0.9988669
3026,1.4828961e-05
3032,0.99776626
3040,0.00010174571
3041,0.0005840782
3044,0.009918178
3063,0.13432871
3066,0.9992773
3070,0.10098665
3074,7.520718e-05
3078,0.0008741627
3081,0.9995172
3083,0.0012344421
3088,0.999406
3093,0.9994547
3098,9.973027e-06
3099,0.9993517
3102,0.00017933003
3106,0.9839034
3111,7.054301e-05
3117,8.965206e-05
3128,0.00066816463
3129,0.9974515
3134,0.00046243207
3135,0.0008182719
3138,8.011703e-06
3148,0.05392236
3150,0.00023827779
3153,0.0006121998
3154,0.00017391123
3155,0.0060004266
3157,0.9992023
3159,0.99448967
3166,0.00021967001
3167,0.00045078606
3172,0.9999012
3173,0.00023454693
3175,0.0023732653
3181,0.99979895
3191,3.607874e-05
3195,0.00020024303
3196,0.9999379
3197,0.9996878
3199,0.009925045
3212,0.9992592
3213,8.800235e-06
3214,1.6937414e-05
3217,3.9330505e-05
3224,1.59236e-05
3226,0.99939704
3227,0.00039974586
3232,0.00046531332
3235,0.00044579068
3237,0.0028105942
3240,1.0606713e-05
3258,0.00039961174
3272,0.00084415317
3278,0.00045330907
3279,4.4743414e-05
3280,0.00033241598
3281,0.0008248817
3287,0.9994099
3291,0.00033061038
3295,0.009751494
3298,9.264772e-06
3306,0.9995146
3308,7.331739e-05
3311,0.00023349734
3314,0.00404487
3320,7.536569e-05
3321,0.0004147243
3322,0.99969673
3352,0.99779713
3353,0.0002488417
3357,3.6565856e-05
3359,0.0003275871
3366,0.00033667954
3367,0.9999399
3371,0.00098179
3374,5.746967e-06
3375,0.9994821
3384,0.99953747
3385,0.9929885
3393,0.0004035281
3395,0.0011225219
3410,0.00010793155
3412,0.00026036435
3413,0.9880741
3415,0.99982554
3421,0.00027309658
3427,1.9658019e-05
3436,2.6068814e-05
3438,0.9994593
3439,6.81372e-06
3444,0.0005005317
3446,7.690445e-06
3449,0.00035216287
3452,0.9992205
3455,0.9990299
3457,0.99053216
3458,0.00082494225
3459,0.99711835
3460,0.99862003
3461,0.1030678
3469,0.00019134389
3473,0.00028137685
3474,0.0003979687
3487,0.0009636433
3491,0.00022689426
3498,0.8798814
3499,0.00067868124
3502,2.0172567e-05
3504,0.00033114917
3505,0.00020449873
3508,0.9952448
3510,0.99978536
3512,0.9961009
3517,0.00034199888
3519,0.99944824
3520,0.0001545572
3522,0.99928844
3524,1.112616e-05
3538,0.0019020151
3546,8.9385285e-06
3547,0.0004018653
3552,5.8941907e-05
3556,0.00023588176
3557,0.87329435
3560,0.0028108386
3565,1.5755973e-05
3568,0.99696654
3572,0.00033001238
3581,0.00027960012
3582,0.00059418567
3595,0.9999453
3601,0.0001686497
3605,0.99716514
3607,0.0008625042
3611,1.7130267e-05
3613,0.0002803617
3614,0.0005588069
3618,0.99568486
3627,0.99947244
3634,2.1878957e-05
3639,0.00038263339
3640,0.99928194
3646,0.0004920501
3647,3.27325e-05
3649,0.0016434916
3653,0.010432496
3654,0.0030593376
3657,0.9998882
3664,0.9999275
3673,0.0006615824
3674,0.00019945051
3683,0.0006845568
3685,4.514699e-05
3698,0.0003501175
3702,0.00263968
3703,0.9972373
3706,0.0005492129
3710,0.001491721
3712,0.00047930982
3715,0.0006058187
3717,0.0003686596
3718,1.4798644e-05
3724,0.00025594298
3732,0.00049291266
3733,0.00031906244
3734,0.0005108536
3743,0.00022327283
3750,0.0004235701
3751,0.0009193553
3760,0.00038947037
3761,0.00012808767
3762,0.00064639945
3763,0.9904293
3764,0.00053936214
3771,0.9991623
3778,1.3745647e-05
3786,0.00042663957
3787,0.0008953072
3788,0.0001094185
3790,0.00052328466
3791,0.99575365
3793,1.735753e-05
3795,0.10166672
3797,0.00014785679
3800,0.00026903657
3807,0.002062563
3808,0.0004801993
3812,0.99961287
3813,1.9203748e-05
3825,0.99945444
3826,0.9916618
3830,0.0001632689
3833,4.174656e-05
3835,0.00024385679
3844,0.9964785
3845,0.9954704
3848,0.0005664763
3851,0.00024519456
3855,0.99955827
3859,0.99967754
3860,0.00023004937
3861,3.8660805e-06
3864,0.9997882
3865,0.00048969884
3866,8.494246e-06
3868,1.4912347e-05
3869,0.99940324
3872,0.0049815015
3879,0.9987962
3890,0.9999391
3891,0.00020751296
3893,0.0012124192
3896,0.00069088145
3902,0.00012749473
3903,1.3034558e-05
3916,0.99850863
3918,0.9997656
3919,0.00022355316
3920,0.000113969705
3923,0.0007733208
3926,0.00051537255
3929,0.87297344
3930,0.00093953963
3932,0.9994648
3945,0.00067637087
3946,0.9996137
3948,0.99886584
3950,0.9989324
3955,0.00045520588
3961,0.9992126
3963,0.9988298
3964,1.0434996e-05
3965,0.00017522469
3968,0.00037028844
3975,1.9055686e-05
3977,0.0006751617
3982,0.9997017
3984,0.0001158494
3985,0.0013405433
3989,0.00027523213
3991,2.0577707e-05
4000,0.00050044816
4006,7.725399e-06
4017,2.621283e-05
4018,0.00057994935
4025,0.00035319067
4028,0.00019565494
4050,1.2727166e-05
4051,0.00040812365
4057,0.0012919884
4067,0.11845187
4068,0.0001514456
4076,0.0006812029
4079,0.0041359807
4086,0.00023891228
4087,0.002084605
4093,0.00012600211
4106,0.019485867
4108,0.9997156
4109,1.2616207e-05
4110,0.0026363328
4114,7.82166e-06
4115,0.06773568
4119,1.4778293e-05
4120,6.707862e-05
4139,0.99953413
4140,7.1739894e-05
4143,0.00023193419
4149,0.009644746
4152,0.99926573
4154,0.00037127995
4159,0.9977628
4165,0.99951243
4167,8.832785e-05
4169,0.99942434
4172,0.0005983559
4173,0.00022780318
4176,0.99914193
4179,0.00042657208
4183,0.00027358966
4191,0.9994777
4195,0.0010110639
4196,0.0004947607
4198,0.00090809417
4199,0.9986827
4200,0.00027239733
4204,0.0002187072
4205,0.9993912
4210,6.587563e-05
4211,0.00035145687
4212,0.9998963
4217,1.5763699e-05
4223,0.99931514
4225,0.00032011847
4229,0.00048116123
4233,0.9973514
4235,1.4035625e-05
4236,0.0005182482
4240,0.00061095384
4245,0.99981576
4260,0.003240784
4262,0.99977905
4263,0.0003598018
4265,0.00045256774
4269,0.9996369
4271,1.4639214e-05
4275,0.99860615
4282,4.463823e-05
4291,0.99964726
4300,0.00013672415
4302,0.0006849846
4309,0.97264296
4310,5.5166947e-06
4311,0.0003937225
4314,8.055435e-06
4320,0.00043600675
4324,0.00016528531
4325,0.00076679135
4329,0.00023385964
4331,1.9694195e-05
4337,0.9075877
4344,0.00085251423
4349,0.8621729
4352,1.145684e-05
4355,0.00090957276
4357,0.00039162138
4361,0.06514722
4366,0.00085869274
4367,0.9981718
4378,0.00070270593
4379,0.9997094
4382,0.00029466453
4389,0.003562062
4394,0.99929976
4401,0.00092524115
4407,1.9683099e-05
4409,0.15675828
4410,0.85912603
4411,0.0005783351
4414,0.9997501
4421,5.7247803e-06
4425,1.2103101e-05
4427,0.024643546
4431,0.99901366
4434,0.0011725008
4442,0.000161997
4443,0.99857605
4447,0.001482428
4448,0.00020976544
4454,0.0009805379
4456,6.729062e-05
4460,0.00014565772
4462,0.0002124293
4466,0.9988943
4471,0.00037111947
4472,0.00048779437
4473,5.1390776e-05
4475,3.1025604e-05
4476,0.00016211366
4479,4.38795e-05
4481,0.99984074
4491,0.99961984
4493,0.9996948
4498,0.9996081
4500,0.00016850102
4501,0.00060556905
4504,0.9994343
4506,8.556742e-05
4511,0.00030952087
4514,0.00011902494
4517,0.0005080836
4518,2.6330183e-05
4521,0.99973613
4526,0.0005865554
4530,0.1031512
4531,1.9767504e-05
4535,1.1573971e-05
4536,0.9398693
4537,1.696522e-05
4542,0.00019932391
4548,0.007081127
4551,0.9978503
4561,0.99947983
4564,0.99823487
4567,0.08023006
4569,0.0005501345
4573,0.0032868704
4575,0.0031978395
4583,0.00048527142
4587,0.9992372
4591,0.00033072135
4595,0.9985228
4601,1.1987576e-05
4603,0.005679793
4606,0.0003910651
4607,0.08743016
4612,8.6671964e-05
4616,1.1097209e-05
4628,6.630161e-06
4634,0.0001250392
4640,0.9946977
4645,0.00029326516
4646,0.0001343229
4647,0.001172717
4655,0.00011588895
4677,9.473404e-06
4687,7.907536e-06
4696,1.1059324e-05
4706,0.00013556771
4707,2.5707286e-05
4709,0.0012543998
4719,0.9926885
4720,0.99855477
4733,0.0003353658
4734,0.00038901193
4743,0.00036193803
4754,0.003686574
4763,0.9832655
4764,0.0007779085
4765,0.00085786346
4766,0.0008273992
4770,0.00048357932
4771,0.99772316
4774,0.99607545
4778,0.00027632777
4783,5.761197e-05
4788,0.998958
4792,9.173678e-06
4793,0.00020896038
4805,0.00064140756
4809,0.9941704
4811,5.4133475e-06
4812,2.6256337e-05
4823,0.99977416
4824,0.0003976007
4826,0.0003177671
4827,0.99992156
4835,0.0005114283
4856,0.06486171
4857,0.9981943
4864,3.0083404e-06
4865,1.6761864e-05
4868,0.00021464918
4870,0.0007062901
4872,0.0025000873
4873,0.0006419509
4877,0.00030545666
4878,0.99979204
4883,1.8191857e-05
4885,0.0005376688
4887,0.9990682
4888,0.0004394605
4892,0.123365514
4894,0.00033224045
4898,2.4847706e-05
4904,0.0005109471
4913,0.00029390867
4919,0.00030022426
4924,0.0008586367
4925,2.4048815e-05
4931,0.0006242885
4933,9.214085e-05
4943,0.0009690916
4947,0.00034225965
4951,0.99708
4954,0.9992005
4955,4.5706376e-05
4964,0.998137
4971,0.00072294974
4975,3.4884386e-05
4976,0.00048723808
4980,0.0001396422
4984,5.1350755e-05
4985,0.9935294
4987,0.00010589547
4992,0.00010113688
4993,0.0012933064
4996,0.0002169245
4998,0.013926207
5007,6.6940396e-05
5015,0.000140603
5016,0.9997049
5021,0.00023254378
5023,0.30646607
5024,0.99706984
5025,0.00037568438
5026,0.0007332325
5031,0.0023961063
5033,0.99995863
5034,2.6294827e-05
5039,0.9960914
5044,2.1251946e-05
5045,0.9895537
5047,2.5561125e-05
5049,0.0004763692
5050,1.2931805e-05
5058,0.94322145
5060,0.00012999277
5061,7.300386e-05
5062,0.9998965
5068,0.00016593101
5076,5.316961e-05
5077,0.0001566277
5080,0.00024205483
5083,0.9997553
5090,2.1924889e-05
5091,0.99979705
5095,0.999676
5098,0.99906427
5103,0.0006103465
5105,0.9998425
5110,0.00010177618
5111,0.99993503
5114,0.19423935
5116,0.9992048
5117,0.99931705
5120,0.13583322
5122,9.6571384e-05
5123,0.9995486
5126,0.00024168148
5130,1.4936658e-05
5131,0.0007463593
5138,0.00047692852
5139,0.0005461625
5142,0.9986104
5147,0.00018856341
5150,0.90093875
5151,0.99849284
5154,0.003946145
5157,0.99813676
5162,1.0458976e-05
5165,1.6514137e-05
5170,0.99392056
5171,0.0012696082
5177,0.00028217662
5182,0.00020178457
5187,0.9998987
5188,0.8335477
5191,0.99751675
5198,0.9993511
5201,0.00013218295
5204,0.004898609
5208,0.0002157216
5215,0.001173022
5218,0.001626316
5225,0.0004785693
5231,8.4822444e-05
5235,0.99771714
5240,0.9996176
5248,0.8668869
5249,0.0005695117
5250,0.00016445243
5252,4.5331517e-06
5256,0.0005566542
5261,1.0838977e-05
5272,6.336537e-05
5273,0.0011007452
5276,0.0035506915
5284,0.0009895378
5290,2.0897247e-05
5297,0.00055919134
5305,1.6365822e-05
5311,0.00040068154
5317,0.9983993
5319,1.5625477e-05
5327,0.00055287295
5328,1.331285e-05
5329,0.00044822993
5331,0.00084278086
5335,0.9999224
5336,0.9985979
5343,0.90985495
5345,0.08320866
5346,1.18832795e-05
5349,0.00021086496
5351,0.001246977
5353,0.0009519083
5357,4.6920145e-06
5364,0.00016614712
5366,0.9995586
5369,8.122872e-05
5370,0.00084691786
5377,1.0096833e-05
5379,0.001689388
5383,5.2553005e-05
5386,0.9980963
5387,6.623367e-06
5391,0.0042971126
5392,4.2828706e-06
5396,0.0010294792
5400,0.0006579226
5402,0.001858579
5404,0.0013074895
5407,0.00027773847
5410,0.00027286625
5416,0.9985416
5423,1.951991e-05
5433,5.0932676e-06
5439,0.00013580278
5440,9.672576e-05
5446,0.9997937
5460,0.00072905753
5477,0.0027389352
5478,0.0006659517
5484,0.13228506
5485,0.9995845
5491,0.9996531
5492,0.99923027
5498,6.4604988e-06
5501,0.00047574568
5514,0.036373116
5515,0.9972658
5517,0.00019676545
5526,0.99717546
5528,0.998781
5532,0.00010781521
5535,0.0013574543
5543,0.99474686
5557,0.0070045283
5559,1.9699699e-05
5560,0.99946576
5561,0.00014680008
5562,0.00019382633
5563,6.891852e-05
5564,0.004041508
5565,0.04027866
5568,0.00065598823
5569,2.0949286e-05
5571,0.99384576
5574,0.0021694738
5578,0.99688774
5580,3.8989518e-05
5582,2.5699002e-05
5590,0.99940825
5593,0.078969344
5599,0.99973685
5612,0.0004006485
5614,0.14927176
5618,0.9955987
5620,0.10227937
5630,0.00062077394
5632,0.00032997713
5658,0.99749595
5659,0.07921171
5662,0.9998807
5665,2.5261676e-05
5677,0.9943768
5681,0.00014400369
5682,2.0780175e-05
5684,0.0002960525
5686,0.99778277
5690,1.2743052e-05
5693,0.00025250384
5695,0.99978095
5700,0.0015853326
5702,0.010160892
5705,0.9993204
5711,6.506061e-05
5715,0.0043643187
5717,0.048822045
5719,0.07714215
5724,9.1235845e-05
5727,0.00028210774
5733,5.8042942e-06
5735,0.0002654823
5742,0.9987973
5751,0.99984443
5759,0.00015328868
5763,0.9964283
5764,0.00056386663
5765,0.00044763085
5766,0.00018522522
5767,0.00066184124
5768,0.00083929155
5778,0.006169685
5786,2.7012647e-05
5790,0.07571749
5794,0.00015545302
5798,0.0002834604
5803,0.00071762444
5804,3.1544125e-06
5812,0.0009524898
5835,3.054371e-05
5836,0.000256918
5837,0.00061928155
5838,0.0027513353
5849,0.0002583035
5852,2.5004163e-05
5860,5.078785e-06
5861,0.9994824
5862,3.123689e-06
5864,0.0018036086
5865,0.00036884414
5867,0.9998944
5872,7.1138566e-05
5881,0.00039405518
5883,0.00022311004
5885,0.00063962984
5899,0.0006616019
5905,0.0022974266
5916,0.00011965401
5918,8.22342e-06
5921,8.280616e-06
5922,0.9991726
5925,0.9972882
5929,7.428641e-05
5930,0.99868256
5931,0.00030531312
5935,0.99985373
5936,0.00087592576
5940,0.99798286
5943,0.00016080856
5956,0.9993789
5974,0.0009342898
5977,2.2388032e-05
5985,0.9993247
5989,0.0002038627
6001,0.00045922754
6003,0.0020038444
6006,0.00016512195
6007,0.99740666
6009,2.6433383e-05
6013,0.99525344
6014,0.0021415541
6015,0.0006527403
6020,4.559665e-06
6021,0.00016999636
6022,0.9999356
6023,0.0007186962
6024,0.000428451
6026,0.00043048873
6030,1.384038e-05
6033,0.9835381
6036,0.9936538
6044,1.2943982e-05
6050,0.0006826877
6051,0.9998548
6055,1.0522274e-05
6075,0.0011408068
6077,0.0039910707
6078,0.00051124545
6081,0.0018532075
6082,0.9994438
6089,0.00029050713
6092,0.12693831
6102,0.0011431631
6103,0.0011525073
6107,0.00043918198
6110,0.00033100462
6113,0.9942537
6123,8.4836276e-05
6124,0.00020563239
6127,0.90871817
6133,0.9989166
6134,0.0006170427
6136,0.9996922
6137,0.14227869
6140,6.636815e-05
6143,3.4197085e-06
6144,0.0021500078
6146,0.0009553733
6149,0.00046065048
6160,0.9998567
6163,0.00032194812
6168,0.039910685
6169,0.00022889352
6170,0.00078373484
6175,0.00015044185
6185,0.00022491162
6191,0.0002820927
6192,0.072861224
6196,0.00058563345
6203,0.14002073
6208,0.0004883266
6211,0.0011095337
6212,0.00023422313
6219,6.593088e-05
6230,0.00010501888
6233,7.7964134e-05
6238,9.63273e-05
6240,0.0009462107
6242,0.00023291435
6243,0.00042700168
6246,0.9983267
6248,0.00023546607
6253,0.99613035
6254,0.99851876
6255,0.00023061113
6256,3.7570895e-05
6259,0.9995535
6260,0.00027528935
6262,0.00019503525
6271,0.0010920969
6273,0.00018510409
6274,0.0004969834
6280,1.9222161e-05
6282,0.8232802
6285,0.00032763896
6291,0.9994567
6294,0.0003436186
6295,0.0006119862
6296,0.9943699
6300,0.99847454
6302,0.0002405284
6306,0.0036927161
6317,7.5684598e-06
6318,4.4112818e-05
6321,0.9795839
6323,0.00030423107
6331,0.9951485
6337,8.026571e-06
6341,2.16218e-05
6343,0.0006283066
6347,0.99743384
6349,3.9867377e-06
6350,0.00039500504
6351,0.9963624
6353,2.1999682e-05
6369,0.00016733189
6370,2.8116656e-06
6371,9.800188e-06
6377,0.998689
6382,5.478804e-06
6383,8.20125e-05
6387,3.7332353e-05
6388,0.0006700372
6390,0.0012897766
6392,0.08868052
6398,0.00057523476
6402,0.0018148766
6407,0.00091911835
6410,0.99921596
6411,0.00036101727
6412,5.7174148e-06
6414,0.00016761535
6416,0.00024692685
6422,1.8402307e-05
6423,0.00012653755
6424,4.3670563e-05
6431,0.0001784754
6434,0.99907565
6436,0.00017423289
6442,7.579655e-05
6444,0.0006752103
6447,0.00018298163
6459,0.0001316486
6464,0.002761911
6470,0.00074347574
6473,0.1952121
6477,0.999948
6479,0.0011990012
6481,0.0073395604
6483,0.0005831612
6486,0.9996654
6487,0.00015104165
6496,0.99921477
6500,0.0010113106
6508,4.8917318e-05
6509,0.00012626841
6515,0.09134966
6516,0.0005905795
6519,1.5778229e-05
6523,0.9972825
6524,0.00053843297
6527,0.9991504
6529,0.0011698272
6534,9.057919e-05
6536,0.9999411
6537,9.653087e-05
6538,0.9937483
6544,0.9984682
6553,0.00019027594
6554,0.004133823
6557,0.99956495
6558,0.9988238
6560,0.0034303765
6562,0.0006659225
6568,0.00021119797
6570,6.505558e-05
6571,0.0021299273
6579,0.00020024952
6581,0.99979776
6582,0.0037864216
6583,0.99807703
6590,0.99918216
6592,0.00021771414
6597,0.99916804
6599,7.70914e-05
6604,0.00025923015
6607,0.10833334
6608,7.117301e-06
6609,0.0002702902
6610,1.07115975e-05
6611,0.0004345414
6612,0.00033865724
6616,0.00012208469
6618,0.0005042545
6625,9.359564e-06
6627,0.000408681
6632,8.149596e-06
6635,0.00629762
6636,1.6957229e-05
6640,0.00035096367
6642,0.9695311
6647,0.00017735711
6651,0.99903023
6653,0.00023470802
6661,0.00051860244
6666,0.0007048189
6669,0.7832651
6676,0.99913305
6679,9.709986e-06
6684,0.9984308
6687,0.0001997002
6689,0.9999474
6696,0.00022874973
6698,0.014072952
6700,4.734215e-05
6701,0.00065154483
6706,0.0003630212
6724,0.99927014
6729,0.00042848813
6734,5.634271e-05
6738,0.00012799245
6743,0.99814653
6745,0.99900085
6746,0.999395
6755,0.0002812677
6761,0.99879897
6762,0.00043070343
6763,0.041913707
6765,1.1919679e-05
6769,0.9995926
6777,0.987177
6782,0.13635188
6783,0.00016651554
6784,0.98973936
6788,0.00046657713
6789,0.0003272687
6794,0.00014825081
6796,0.99924254
6798,2.6288306e-05
6802,0.9997991
6804,1.7933666e-05
6806,0.0025625266
6813,0.00042166532
6814,5.527138e-06
6816,0.0002212041
6824,0.00023711611
6828,0.9819578
6830,0.99445677
6843,0.000109227214
6847,0.998926
6851,1.4836203e-05
6852,0.0005080594
6853,0.00096215337
6857,0.0005202933
6860,0.0001975925
6862,0.99783295
6864,0.99863297
6865,0.00024477972
6876,0.9987704
6878,8.008075e-05
6882,0.011578929
6884,0.00015614842
6890,0.9985104
6902,0.00017738281
6908,0.00067925936
6909,0.99888784
6916,0.00015280592
6919,0.0006799303
6933,0.99923015
6938,9.619119e-06
6945,0.9994929
6952,0.00014760309
6955,0.9295811
6960,0.9996635
6963,1.2592599e-05
6966,0.00023305562
6969,0.002430581
6971,0.06857775
6972,0.0010062702
6976,0.00015921083
6977,0.89258295
6987,0.99938095
6988,0.00037156392
6990,0.001721868
6993,0.00026757133
6994,0.00081015384
6997,0.90548366
6999,0.0011526083
7000,0.001524345
7009,0.9988211
7018,0.11862973
7020,0.89041317
7022,9.264207e-06
7027,0.0004738945
7029,0.0010719452
7030,0.00023481321
7032,0.00018078195
7037,0.98984855
7040,0.00025192575
7042,3.2251795e-05
7052,0.00025759963
7053,0.00016425231
7054,1.528572e-05
7055,0.00051013124
7061,0.00065936573
7070,0.00066088664
7078,0.9978296
7081,0.9945193
7082,0.0628608
7090,0.0006982886
7091,0.9999789
7094,0.0009459912
7095,0.9988663
7097,0.9997614
7098,0.08663728
7100,0.0027799755
7106,0.00045897198
7107,0.00102871
7109,0.9991596
7111,0.00034547612
7120,0.00024504287
7124,0.0018269967
7126,0.0002087447
7133,0.016785009
7136,0.00091997476
7139,0.99698526
7144,0.00042722665
7147,0.99977976
7150,0.9944478
7154,0.00027223583
7162,0.5681211
7163,0.99871826
7166,0.00037620869
7170,0.00016610339
7174,0.9998567
7179,0.9745095
7180,1.4333963e-05
7194,1.4267423e-05
7196,0.00038265562
7198,0.9984012
7203,0.0005224412
7210,0.998931
7220,0.9997888
7223,0.003981139
7224,0.9998896
7230,0.00035491041
7238,0.00077675993
7252,0.03223801
7253,0.00062875525
7254,4.1211846e-05
7259,0.00053024257
7264,0.0005891161
7269,0.00051103916
7279,0.00028355606
7280,0.99447143
7282,0.996689
7283,0.00031503028
7284,0.9997117
7285,0.0009555612
7287,0.0006668726
7291,0.0008404628
7295,0.999765
7300,0.00055079954
7303,0.00044436957
7306,0.00029382153
7310,0.00263163
7323,0.99957997
7325,7.2177354e-05
7331,0.0006823985
7332,8.225491e-06
7343,0.0012953621
7344,0.00018771597
7348,8.6196465e-05
7349,0.00034019025
7353,0.9989491
7358,0.000461971
7361,0.00047992286
7363,4.039851e-05
7364,0.000942524
7366,0.00073926646
7377,0.12979962
7382,0.0007549296
7389,0.00022355081
7395,8.949455e-06
7396,0.0012710624
7402,0.99736565
7408,0.00034624865
7409,0.00022371543
7415,1.6196414e-05
7421,0.99776316
7424,0.00029598927
7426,0.9751101
7429,0.00011186292
7430,7.1247573e-06
7431,9.318618e-05
7442,0.91713476
7444,0.00029479605
7448,0.00019687167
7451,0.00018927727
7452,0.9995765
7462,0.00021490638
7466,0.0002224346
7468,0.00056931016
7471,0.0007930287
7472,0.0007196441
7478,4.1817916e-06
7481,0.000404436
7483,0.00070958654
7485,0.006993065
7487,5.417859e-05
7488,0.0011226038
7492,9.183069e-05
7493,0.053645205
7494,0.00030568856
7496,0.00046885695
7498,0.9962519
7499,0.019055339
7503,0.00019178024
7505,0.0017628327
7506,0.00097396824
7509,4.361542e-05
7510,0.9995709
7511,0.0008974663
7512,0.00020764755
7513,0.0002612638
7514,0.998412
7516,0.00045182894
7523,0.00097283267
7524,1.41890905e-05
7527,0.0014604429
7529,0.0003655668
7532,0.0013867235
7535,8.787622e-06
7539,0.8866365
7545,2.63166e-05
7546,0.9950169
7547,0.99935526
7552,0.99901485
7557,0.9970709
7558,0.022900017
7565,0.00016779876
7566,1.678309e-05
7567,0.00023370136
7569,0.9991955
7575,0.00014520189
7576,0.004555413
7583,0.0001477032
7587,0.9991103
7588,0.0019108716
7590,0.0912755
7594,1.322387e-05
7597,0.00017842861
7602,0.00038728467
7603,0.00053617265
7609,0.00037009135
7612,0.001955868
7615,0.99986196
7618,0.99940705
7627,0.9992774
7633,0.00064355833
7635,0.9973404
7636,0.00018985223
7637,0.99990237
7638,0.0005005608
7640,0.005332375
7645,9.601613e-06
7646,0.00031559935
7649,0.63526154
7654,2.0519154e-05
7658,0.0005194549
7670,0.00080434646
7673,0.0001666291
7680,1.06142115e-05
7689,0.00059487385
7692,0.010871945
7695,0.00012523991
7696,1.716027e-05
7700,0.997109
7702,0.0004943789
7704,0.00024285582
7705,0.00094132184
7707,0.08662543
7713,0.09051584
7728,0.000643635
7729,0.9971432
7730,0.0008878751
7731,0.0006192408
7733,7.473169e-06
7736,0.00043594837
7742,0.00014999737
7743,7.893914e-05
7749,0.0002333796
7750,0.99728215
7752,0.0008871627
7753,8.49452e-06
7754,4.679159e-06
7756,0.9902665
7757,0.0007742115
7760,0.0001877172
7762,0.0006458957
7765,6.5237546e-05
7770,1.9928297e-05
7772,0.9995191
7775,0.0012292402
7779,0.11789264
7780,0.00074156135
7786,2.353156e-05
7788,0.000272179
7795,0.0001025451
7799,0.0014780767
7803,0.0006282353
7811,1.2250124e-05
7813,6.394813e-05
7816,0.00043497782
7822,0.00054430927
7823,1.024717e-05
7830,0.9989562
7831,0.99312043
7833,0.99778676
7835,0.9996474
7849,0.00031856546
7861,9.513691e-05
7869,0.9989918
7871,0.9994246
7876,0.9997856
7877,0.00037743637
7884,0.00041263306
7885,0.9992274
7889,0.0008711821
7890,0.00030950378
7892,0.00022912081
7897,4.9565856e-06
7902,0.9951649
7908,1.0937278e-05
7909,0.00089844764
7910,0.0006560095
7916,0.9963218
7926,0.9997377
7927,8.306377e-06
7931,0.9986066
7933,0.00017270226
7935,0.0002579368
7940,0.9998542
7944,0.0037225678
7945,0.00087867305
7950,0.9998522
7955,0.00025783156
7957,0.0006131536
7958,0.00019655956
7959,3.965541e-06
7966,1.4203699e-05
7968,0.0028502457
7973,0.99828374
7979,0.9987317
7987,0.00013306121
7989,0.00038472225
7993,0.00046844728
7994,0.9993813
8003,0.000109537505
8009,0.0021959667
8015,0.9930407
8016,0.9999405
8017,0.00063510315
8022,0.0009958474
8025,0.9998166
8028,9.099034e-06
8035,0.00028141655
8036,0.0008621365
8038,0.99993145
8039,0.99396765
8041,0.00020185286
8048,0.99926585
8051,0.99880207
8056,0.00027432307
8057,0.92928034
8059,1.813499e-05
8063,0.0007311915
8068,0.00012572198
8070,0.00023369111
8076,0.0005045136
8077,0.9992447
8081,0.00041076905
8083,0.9984175
8084,0.000516974
8087,0.0015238487
8088,0.999701
8090,0.9996859
8093,0.0001513942
8096,0.00018494215
8100,2.013841e-05
8103,0.00016759009
8108,0.12866795
8118,0.91794866
8126,0.00035308767
8132,0.0008513473
8134,1.0422494e-05
8138,1.4105025e-05
8141,2.3345501e-05
8144,0.99933237
8146,0.00040992233
8147,0.0001835268
8151,0.0005501209
8152,0.99921083
8160,0.0002607248
8164,8.634907e-06
8169,0.87516254
8170,0.00050669507
8179,0.9993488
8183,0.00014719563
8184,0.9998311
8196,0.99401844
8201,1.2796599e-05
8202,0.99923086
8203,0.00013642343
8209,0.91127586
8210,9.159629e-06
8212,0.99968445
8217,0.00048183065
8224,0.89281446
8225,6.7093515e-06
8233,0.07903478
8234,0.99956316
8236,1.28782685e-05
8239,0.9993771
8240,0.027483031
8241,0.0008446408
8245,0.00032415296
8247,0.99615353
8248,0.00016351505
8249,0.0009770762
8252,8.867125e-06
8259,0.00016926817
8262,0.9969894
8263,0.00020151865
8264,0.00011101821
8279,1.4740036e-05
8283,0.9997645
8287,2.019526e-05
8288,0.0023686073
8290,0.001000209
8301,0.00014733817
8310,0.0010523495
8316,0.002423308
8317,1.2789413e-05
8320,0.9985623
8328,0.00019259535
8333,0.00026827608
8337,0.0028992803
8349,0.0002990265
8351,0.00048315522
8361,0.99849117
8370,0.9072171
8372,0.004316204
8374,0.00036933445
8383,0.00020601251
8388,1.2564206e-05
8393,0.0007579828
8398,0.00019484713
8399,0.0006858955
8408,0.0013280318
8413,0.99034774
8420,0.99933594
8423,0.003699176
8424,1.2477552e-05
8426,0.0016259915
8428,3.9811526e-05
8432,0.00044008074
8434,0.0018366745
8435,0.00037266524
8442,0.9998129
8446,0.0025482287
8449,0.13306448
8454,0.0002502364
8456,0.00095436745
8463,0.9992386
8475,0.0057540047
8479,0.0008732145
8489,0.99982375
8490,0.07285497
8496,0.99988806
8499,0.08904708
8501,0.9994962
8508,7.2639705e-05
8509,0.00016218817
8515,0.00037564122
8519,0.9991116
8522,0.0013415427
8525,0.00038603655
8527,0.00049077667
8528,0.0010185722
8530,0.00020228079
8534,0.00046687698
8536,0.00017766483
8537,0.9997075
8539,0.041797146
8551,0.0002703018
8556,0.0010967238
8559,5.7062844e-05
8560,2.1301354e-05
8565,0.000686954
8568,1.9796462e-05
8569,0.9973864
8575,0.00019246116
8580,0.0003947107
8594,0.9997427
8601,0.0014307614
8611,0.00026855632
8613,0.00035919208
8625,5.324875e-06
8628,0.00019788096
8631,3.7925834e-05
8639,2.6657142e-05
8642,0.99980515
8644,4.6453704e-05
8648,0.00014628377
8649,0.99938273
8655,0.0006595794
8657,0.0016792701
8658,0.9985384
8659,1.6027154e-05
8662,1.0365458e-05
8663,0.99952924
8664,0.00028407155
8665,0.0021589953
8666,1.1028621e-05
8668,9.179095e-06
8679,0.0001675861
8693,0.9994671
8709,0.0010510229
8711,5.1330877e-05
8718,0.99969614
8720,0.009734376
8722,0.999814
8726,8.882724e-06
8734,9.6492964e-05
8739,0.00041554903
8746,0.0010094696
8748,2.6008698e-05
8749,0.9977794
8755,0.0011312353
8757,0.00039913013
8763,0.0011767498
8764,0.0009725764
8766,0.9998374
8773,2.3161665e-05
8777,1.1634916e-05
8779,0.00014026609
8783,0.0004330604
8787,1.47497385e-05
8789,0.071099974
8791,1.8901268e-05
8794,0.0005022376
8800,0.00095881056
8803,0.0001631332
8805,0.9991854
8816,0.0007320606
8817,3.5789348e-05
8818,1.087562e-05
8819,0.9948183
8821,0.00026019462
8845,0.0042868443
8849,0.00031953395
8851,0.99767536
8852,0.00055621477
8857,1.4632654e-05
8867,0.9985683
8870,5.6771485e-05
8871,0.00044918119
8876,0.8786547
8883,0.00040982757
8885,7.581087e-05
8889,0.00022451633
8891,0.0005077101
8892,0.0003875299
8893,0.9994822
8894,0.006408328
8906,2.1875578e-05
8907,0.99983966
8919,0.00067266496
8923,0.0014926603
8928,0.9990388
8931,0.99868613
8938,2.2376122e-05
8943,5.482515e-06
8955,6.930723e-06
8957,0.9984767
8964,0.0009566726
8965,1.0589127e-05
8970,0.0026906098
8975,0.0004925332
8980,0.9990922
8983,0.0008492565
8989,0.0021483807
8992,4.489574e-05
8993,0.11353888
8996,0.99945456
8998,0.0007031256
8999,0.0001167352
9004,0.00015832718
9007,0.99863714
9011,0.004159247
9018,0.9946465
9020,0.0006301134
9021,4.207654e-06
9027,9.1983624e-05
9035,0.0001692146
9042,0.9993413
9044,0.98887175
9052,0.99932396
9056,9.343734e-06
9058,0.0022431582
9059,9.863331e-05
9060,0.06676812
9061,0.0011860636
9065,0.83714014
9068,1.0120615e-05
9070,0.0002398899
9071,0.0011089187
9077,6.9263224e-06
9081,0.00056592183
9083,3.1664433e-05
9084,0.00022477827
9085,0.0002230156
9088,0.0002786846
9091,0.08602196
9093,0.006684142
9096,0.00019890358
9098,2.2690458e-05
9103,1.4121526e-05
9109,0.0040665963
9113,0.00019642204
9126,0.00024586736
9129,0.00016987078
9130,0.0735394
9134,2.502172e-05
9137,0.00018876776
9139,0.9994885
9141,0.99954754
9142,0.000287752
9147,0.9994862
9148,9.861334e-06
9151,0.99911743
9153,5.886894e-05
9154,0.0011591177
9158,2.377048e-05
9160,1.184411e-05
9164,0.98727137
9170,4.927981e-06
9175,0.07268013
9176,0.017085327
9177,0.00028517272
9178,0.00017856612
9185,0.9990988
9186,0.00299733
9187,1.5613932e-05
9189,0.00031509367
9190,0.10864201
9195,0.99933714
9199,7.5129647e-06
9205,0.00018999222
9209,0.0004081482
9213,0.9996866
9218,0.9946977
9221,0.002196209
9223,0.99956197
9229,0.9997906
9234,0.00012184999
9235,0.00026907198
9237,0.0014818473
9243,0.00018234992
9244,0.99890435
9250,0.9310748
9252,0.0003520954
9253,0.00016758194
9255,0.00050267344
9261,0.9996088
9262,0.99331164
9270,0.998131
9271,0.99648154
9273,0.06481188
9275,1.0203036e-05
9281,0.0036456785
9283,0.000314
9290,0.0001871655
9291,0.00011831578
9292,0.99808395
9295,0.00021975423
9304,0.0011309626
9308,0.11441256
9313,0.9994087
9317,8.678469e-05
9321,0.00064321706
9330,0.009783077
9332,0.00010007107
9335,0.00015509813
9344,0.9993906
9346,0.0008969085
9349,0.07620413
9351,0.00085602014
9352,0.99996746
9354,0.0018071961
9359,0.00011905173
9371,0.003241354
9372,0.00024749278
9380,4.4554195e-05
9381,4.293029e-05
9382,0.99918777
9384,7.1961713e-06
9385,5.8948435e-06
9388,0.99912435
9395,0.0002664423
9404,0.98983824
9405,0.00018978996
9415,0.00027018998
9416,0.00032251215
9422,0.00013987662
9425,4.492019e-06
9426,0.0003876895
9430,0.0006682213
9433,3.8683233e-05
9434,0.9983071
9436,8.0531885e-05
9437,0.00022019258
9445,6.5711254e-05
9447,0.0012525218
9452,0.00010706741
9454,0.99927145
9455,0.00031126832
9456,9.428986e-06
9464,0.00067155616
9467,5.6568065e-06
9469,0.00044976606
9478,0.9992126
9481,0.017099673
9483,0.00021951822
9485,0.0003805555
9488,0.00022093135
9502,0.0018772653
9513,0.97632617
9518,0.9993205
9521,0.0007912815
9528,0.99810874
9540,0.00013506062
9542,0.9899754
9547,0.00010362154
9554,0.999435
9558,0.9962083
9559,0.00089408393
9560,0.0003380803
9561,0.9994394
9562,0.00010702668
9563,0.00015172876
9566,0.009974054
9571,5.6664016e-05
9573,0.9987734
9574,0.00041109635
9584,0.00013719272
9588,7.513387e-06
9589,0.99967825
9599,0.00071424746
9605,0.99864775
9610,5.1805396e-06
9612,0.00029154983
9613,0.00029540824
9615,0.00060028344
9617,8.979385e-06
9626,0.9971752
9634,0.9989656
9635,0.00014098939
9636,0.0005763178
9639,0.00065709604
9640,1.3241966e-05
9642,0.9961041
9643,0.00062438875
9644,0.0001235103
9652,8.785792e-05
9655,0.87384564
9662,0.9439166
9663,0.00043329803
9664,0.0004355502
9670,8.4845175e-05
9673,0.00030994404
9674,0.0021894637
9675,0.99992156
9677,0.0006986234
9685,1.6403277e-05
9690,5.6398385e-06
9692,0.00026626862
9693,1.1345352e-05
9697,0.00030196641
9704,0.092797376
9705,0.0026740243
9706,0.00072067213
9710,0.0015053821
9717,0.00031949312
9719,0.0012661134
9720,0.9964663
9724,7.966139e-05
9729,0.00055821706
9739,0.99745196
9740,0.99979895
9741,0.074839294
9747,2.4629857e-05
9751,4.5916644e-05
9752,0.0008260844
9756,0.10677457
9757,0.0010729101
9758,1.3334793e-05
9760,0.99982613
9762,0.9993388
9775,0.99888545
9776,0.99933136
9778,0.00330662
9779,0.00010555943
9784,0.00039448237
9788,0.9992144
9794,0.9988889
9804,0.9974993
9805,0.9932486
9815,0.999522
9819,0.0003429696
9832,0.00042071193
9834,0.00027979744
9839,0.9994398
9840,0.00027460596
9842,0.001766648
9843,0.99834394
9844,0.00051126425
9846,0.00015140431
9850,5.196505e-05
9851,0.0042093354
9852,0.99740535
9862,0.19307803
9863,0.00017322837
9864,4.8334214e-06
9866,2.1960148e-05
9867,0.00028532065
9868,5.039093e-06
9869,0.0006400674
9875,1.0437344e-05
9876,0.00023882026
9879,0.99984896
9882,0.002508337
9884,0.00021219267
9898,0.0002861199
9900,0.00043908236
9904,1.8425751e-05
9907,0.9990778
9910,0.99172497
9911,0.00019222293
9912,0.99861264
9913,2.2904385e-05
9921,1.5019247e-05
9924,0.00089988275
9930,9.255296e-06
9934,0.00054408953
9935,0.99993217
9936,0.92488706
9940,0.000283372
9942,0.00021846837
9943,0.99463344
9945,0.00019208038
9956,0.0011095781
9961,0.00019491068
9962,9.637152e-06
9972,0.9998448
9973,0.0006346899
9975,0.00023059905
9983,0.00026475027
9987,0.000635223
9993,0.00019104674
9998,0.03697773
10008,0.00039973177
10018,0.99968624
10024,0.002303369
10034,1.1892281e-05
10038,0.008612583
10039,1.9434949e-05
10041,0.9982767
10043,0.99983716
10044,0.09336026
10047,0.99903595
10052,0.9976786
10054,0.0002463923
10055,0.99987566
10056,0.00057125796
10057,0.9989153
10062,0.00015666922
10071,0.9986084
10075,4.108088e-06
10078,0.91253865
10082,0.08528783
10087,0.99948883
10093,0.00053708715
10094,9.281805e-06
10095,0.0003746365
10099,0.001053196
10105,0.001744511
10108,0.99634796
10109,0.00020225416
10115,0.9992083
10122,0.00053609087
10129,0.00021343956
10130,0.9895187
10132,0.0003136637
10147,0.008325552
10148,0.99994373
10153,0.0006230052
10155,0.0005088814
10178,0.928986
10196,0.9937395
10200,0.000372502
10203,0.9984339
10208,5.798845e-06
10217,0.00012022678
10220,0.99961925
10222,7.899231e-06
10225,0.00049134094
10227,0.00014456171
10235,0.0012119407
10246,8.8671404e-05
10247,0.00031401496
10248,1.2806256e-05
10249,0.83572656
10250,0.005709414
10251,0.0765866
10253,0.0006341995
10256,0.0006675695
10257,0.9932516
10263,0.9996604
10264,0.00081003876
10265,0.00045990676
10270,0.0016271237
10290,0.00065311335
10292,0.0005870574
10310,0.0003545852
10320,0.0014458864
10325,8.767096e-05
10329,0.0005972756
10331,1.4716707e-05
10335,5.018036e-06
10351,0.091590084
10353,0.99959844
10357,0.00018456148
10362,0.8066423
10372,0.00031019532
10382,0.9999385
10384,0.00016066834
10385,0.00016552568
10391,0.24095112
10397,6.5369763e-06
10398,0.99946076
10407,0.9979615
10408,0.00030203295
10409,0.9993845
10414,0.00116498
10422,0.0010956122
10423,0.7723849
10427,0.0016280295
10429,6.7215326e-05
10430,0.9997187
10433,0.9989066
10441,0.00131031
10443,0.99700767
10446,0.99972826
10448,0.00016512006
10455,0.00020500516
10463,1.476515e-05
10465,0.9989397
10473,0.010921488
10481,0.9951226
10483,9.886826e-05
10484,0.00040396416
10485,8.37261e-06
10494,3.9915725e-05
10495,0.00033959548
10504,2.5893765e-05
10519,0.00039598343
10522,0.9990121
10524,0.0008938743
10528,0.00020347838
10529,0.072934136
10536,0.00035453402
10539,0.00013521886
10540,1.7193785e-05
10541,1.0687944e-05
10545,0.9995018
10547,0.0005633179
10549,0.00014389661
10551,0.00013481037
10552,0.0017457013
10553,0.9983627
10554,0.027368553
10557,0.00071545906
10564,0.012128194
10566,0.113627456
10567,0.108096264
10573,0.99979633
10581,0.020120556
10598,1.0621745e-05
10608,0.00045189093
10609,0.9998907
10612,0.83942515
10617,0.0008922027
10619,0.0002575488
10620,0.99958044
10621,0.00016864215
10623,0.0005924177
10627,0.00013555336
10629,0.6769742
10630,4.1824736e-05
10641,0.00013050671
10649,0.0004475201
10650,1.0246799e-05
10655,0.0011148369
10662,0.00019235731
10663,0.00017019018
10667,0.00024657397
10668,0.00018197006
10669,5.8362017e-05
10680,3.304019e-05
10684,0.0005820101
10691,0.00026509174
10693,9.277132e-06
10694,0.0012465157
10695,0.0004449445
10708,0.0020816766
10711,4.0717325e-05
10712,9.551365e-06
10713,0.0004557195
10717,0.000789802
10728,0.7865694
10732,0.76073194
10734,0.99595404
10739,0.0015993478
10743,0.053741816
10746,0.00028770068
10747,1.0025666e-05
10754,1.8159564e-05
10758,1.3752059e-05
10760,0.00041352576
10761,1.0977708e-05
10765,0.0005557972
10766,0.9994892
10769,2.7941576e-05
10772,0.90734935
10773,0.99784505
10774,0.06027487
10777,0.094748534
10778,0.00025382417
10779,0.0007714028
10786,0.000108642074
10789,0.00037643078
10794,0.00064627075
10795,1.7932673e-05
10800,0.0005113403
10809,0.0011919286
10819,0.8410666
10825,0.9998803
10827,0.068244606
10831,0.9995956
10834,0.9984816
10835,0.0014230831
10836,0.119041555
10837,0.00017153441
10842,0.00020341418
10847,0.0017482892
10848,0.99949646
10849,0.9992059
10852,9.2038375e-05
10853,2.5007861e-05
10856,0.00019872369
10862,9.353737e-06
10866,0.00036858313
10871,0.103755146
10872,0.99963176
10884,0.002428949
10899,0.0006227185
10902,0.9998703
10903,0.0009719478
10905,1.3285606e-05
10912,0.99964726
10913,0.0006709321
10915,1.1453007e-05
10919,0.00017974207
10923,0.051677037
10929,0.0020994043
10931,1.7328834e-05
10950,0.9989655
10958,0.000525522
10960,0.000501283
10962,7.3365695e-06
10963,0.00021505643
10966,0.99922085
10972,0.014939919
10979,0.0012279383
10980,0.11287155
10981,0.999308
10992,0.00015575378
10993,2.0087256e-05
10996,5.283853e-05
10998,0.00028908424
11001,0.00033586685
11010,0.9930099
11014,0.9992083
11023,0.00072278676
11030,0.0011510892
11034,6.4925107e-06
11036,9.495156e-05
11037,0.0002497725
11044,0.99923384
11048,0.07152546
11050,0.00020127324
11051,0.00046257203
11052,0.999938
11056,0.0001651092
11065,0.99902594
11066,0.99970883
11067,0.00034998436
11076,0.0026900047
11077,0.0007193276
11079,5.30603e-05
11085,0.00080600067
11088,0.00010198603
11098,1.29946675e-05
11099,0.00035215312
11103,0.00038636534
11105,8.950291e-06
11111,0.00024828952
11114,0.9991898
11116,0.00064205274
11122,4.931093e-05
11132,0.9993344
11135,0.9996984
11137,0.0005806294
11155,0.00040119083
11159,0.00044381944
11161,0.00021703806
11167,0.00030678924
11171,0.00012586868
11172,1.926042e-05
11176,0.95996886
11178,0.9965438
11180,0.000621556
11183,0.9955706
11187,1.3520444e-05
11190,0.0003812036
11191,0.00050593977
11197,0.00086156
11198,0.00069279486
11199,4.844029e-05
11200,0.99276394
11206,0.9990262
11217,0.00065919734
11224,0.0008926428
11238,0.9982729
11243,0.00014238895
11258,0.00023499977
11261,0.007166208
11266,0.001962134
11273,2.6987671e-05
11274,0.0006008427
11279,0.0004628645
11281,0.0008747081
11298,1.4656187e-05
11301,0.0007591257
11303,0.0017016666
11304,0.00043684422
11305,1.0822544e-05
11312,0.9906934
11313,0.0002198194
11316,0.044272847
11319,5.0709104e-06
11324,0.07016062
11325,0.00021312598
11327,0.015061992
11328,0.00043942424
11329,0.00014979755
11339,3.0221345e-05
11341,0.0002370067
11350,0.99182737
11352,0.00064865354
11356,0.0007127292
11358,0.9994766
11359,8.899224e-06
11372,0.00010244932
11380,0.99955875
11388,7.815112e-05
11392,0.00029666166
11395,0.00028154536
11397,0.8048442
11399,0.00015484072
11404,0.9998498
11405,0.6150687
11406,0.00394036
11409,0.9994405
11412,0.0007857517
11413,0.9996705
11422,0.996698
11426,0.9997844
11427,0.9266781
11429,0.9997602
11431,2.893963e-05
11433,0.9989255
11437,1.7518907e-05
11444,0.00022673186
11448,0.00024186727
11450,0.994666
11452,0.0007352221
11454,0.998701
11459,0.004654012
11462,0.051570214
11464,0.00011535444
11466,0.0006282907
11469,0.00020353058
11475,0.9995677
11483,0.00044807483
11487,0.9984541
11489,0.0003500406
11490,0.998437
11495,1.939035e-05
11497,0.0003923018
11499,5.2873734e-06
11500,3.1465283e-05
11503,0.998841
11505,5.238828e-05
11506,0.8448563
11508,0.0019698273
11511,9.181125e-05
11512,1.6478081e-05
11516,0.0001028527
11517,0.0006797583
11520,0.99921584
11525,0.00021006587
11536,0.0001543647
11543,3.1299753e-06
11547,0.00027649538
11549,0.00021881943
11554,0.00014190831
11559,0.00015262201
11560,0.00026763076
11564,0.0005122015
11580,0.00085673825
11583,0.00045884683
11584,0.05358761
11588,8.31125e-06
11591,2.2390637e-05
11597,2.2010783e-05
11598,0.0012208616
11603,0.00041081602
11609,0.0004791739
11621,0.00010796325
11622,1.3966035e-05
11623,0.99910885
11626,0.9956398
11634,0.00035709998
11637,0.00051833683
11650,1.724974e-05
11652,0.0007616252
11653,3.08396e-06
11654,0.9998822
11665,0.9918799
11667,0.0003209769
11669,4.528402e-05
11671,0.00018777647
11677,1.4316312e-05
11680,0.997554
11681,0.9998921
11684,0.00036199117
11685,7.4543273e-06
11693,0.0036594379
11694,0.0011964752
11695,0.9996375
11699,0.99602723
11701,0.00042053332
11702,3.8797284e-06
11704,0.9998336
11705,0.0002568188
11706,0.0003167792
11717,8.376855e-05
11719,0.99919826
11722,0.99272984
11723,0.0017814321
11724,0.00040226028
11732,0.00016468625
11739,0.00014664284
11744,2.355828e-05
11746,0.0006467171
11749,0.9997446
11751,3.6209121e-06
11757,0.99506664
11769,0.00058877823
11775,0.00060717016
11778,0.00020478985
11781,1.2555797e-05
11782,0.00038121795
11786,0.99948967
11789,0.0008114483
11790,0.00015619847
11796,0.0008360616
11798,0.00029194538
11799,0.9991013
11802,0.00028747474
11805,9.512214e-06
11806,0.00030756416
11809,0.9967681
11814,0.00024251846
11818,0.0004624345
11821,0.000432853
11828,0.99222845
11829,0.99984765
11833,0.000345527
11838,0.9991148
11841,0.012904422
11844,0.00015777981
11864,0.0021200993
11876,0.00028280469
11879,0.0001408573
11884,0.9986078
11885,0.0006127064
11889,0.00018173095
11895,3.1289215e-05
11904,0.00022175463
11915,2.6606574e-05
11921,0.015365832
11928,0.99961025
11929,0.0005009627
11933,0.00023220657
11939,0.00047758772
11951,1.1946911e-05
11952,0.00037424098
11969,6.5200045e-05
11972,0.0004697794
11976,0.0010511185
11977,0.00014487136
11980,0.00083968515
11983,0.00013401994
11994,0.004463519
12000,0.00036483153
12001,0.99624383
12002,0.00059607823
12005,0.00017853208
12009,0.00012251723
12018,0.0010220498
12022,0.0001349063
12031,0.99860007
12038,0.00042686288
12047,0.9977968
12050,0.0002537944
12051,0.0005425148
12058,6.613799e-05
12060,0.00016279446
12064,8.406718e-06
12065,0.00040129412
12066,0.00037584754
12067,0.00021930358
12072,0.0011153951
12075,0.0002620606
12080,6.67204e-05
12093,0.0003693994
12094,0.99995065
12095,0.0045814323
12102,0.9994825
12110,0.0018252748
12112,0.0002337934
12115,0.8762555
12122,0.99887437
12134,1.15365265e-05
12135,1.1572051e-05
12140,0.99964774
12143,0.9994655
12160,0.00038365315
12162,0.00021405137
12163,0.005826367
12164,4.0492043e-05
12171,0.00017045847
12173,0.000201274
12174,0.0049514263
12175,0.00049888814
12178,0.00042496278
12182,0.99928194
12183,0.0002082239
12195,0.0023928657
12196,0.9987306
12198,0.0013895326
12199,0.9999149
12205,0.00018377353
12208,0.00011540066
12211,0.08390378
12212,0.00012943863
12215,1.3807304e-05
12216,0.00021833468
12220,0.9965693
12221,0.00019864072
12222,0.9997043
12231,3.6910526e-05
12232,0.00025135855
12233,0.9209656
12235,2.6762747e-05
12241,0.00049214833
12246,0.006234499
12248,0.9997836
12252,0.99951684
12253,1.0034036e-05
12265,0.0020523455
12278,0.0008185975
12281,0.0020628672
12284,0.00020891793
12290,0.99902177
12291,0.0003000068
12292,0.999734
12294,0.0003696647
12297,0.11191293
12300,0.07775644
12301,0.00032849124
12306,0.999574
12308,0.0012816777
12312,0.004027488
12317,0.0005813659
12320,0.1010343
12327,0.00036258367
12331,0.993439
12333,6.9208813e-06
12339,1.0689025e-05
12344,4.2444764e-05
12351,0.13005483
12356,0.000101887556
12360,0.057685405
12362,0.99991846
12367,1.3867742e-05
12368,0.0631086
12370,0.0003327638
12374,0.99948466
12380,0.99948525
12384,0.9903577
12390,4.2222404e-05
12392,1.1234904e-05
12393,6.450978e-05
12396,0.999938
12398,0.0012449316
12407,4.8231028e-05
12408,0.00023285106
12413,0.0004521057
12414,0.9999087
12416,0.99470115
12417,0.00054189615
12422,3.6905774e-05
12425,0.00034103062
12426,0.0005304875
12428,0.002264195
12434,0.00011661638
12436,0.00044729345
12439,2.134479e-05
12443,0.9989856
12445,0.0023353915
12452,0.9992403
12456,0.9947695
12457,5.860852e-06
12466,0.9991393
12467,0.99723023
12480,0.00011723752
12484,0.0004108742
12486,0.00052060705
12496,0.0011076271
12498,0.00020143681
12504,0.00045948022
12506,0.99867684
12511,0.00073137926
12513,0.9692565
12520,0.99857473
12524,2.2022667e-05
12526,0.0009282279
12531,8.5417254e-05
12532,0.00036256484
12533,0.058635622
12534,4.4319354e-06
12535,0.0006725858
12537,0.00045275607
12540,0.06555851
12542,0.9972947
12548,0.8710984
12557,0.050613556
12570,2.3074448e-05
12572,0.99993503
12573,0.9983664
12575,0.01516387
12576,0.000371461
12577,0.9969976
12579,0.00056246325
12582,0.9951043
12597,0.0002499369
12598,0.00014568618
12606,0.0007225523
12611,0.00045296137
12625,0.0008254219
12629,0.0003239994
12631,4.5079187e-06
12637,0.00042002587
12639,0.0009759254
12641,0.0038045284
12644,0.010734728
12645,4.6341233e-05
12649,2.3760418e-05
12652,0.0002829765
12653,0.0010318285
12664,0.06155888
12665,0.99967194
12672,0.9952701
12679,0.0004951408
12686,0.0011306001
12692,0.08315017
12698,4.8948306e-05
12699,0.0005312458
12700,0.0006523174
12702,0.13496669
12703,0.0004987376
12704,0.00029631626
12707,0.00046674727
12716,0.00021592244
12718,6.094361e-06
12720,0.00024450355
12722,0.0814872
12723,0.00012593604
12725,0.020511769
12727,0.99138314
12730,0.00027455596
12731,0.0024432708
12738,0.0005647875
12741,0.00022304409
12746,0.9979792
12750,1.7224262e-05
12758,0.0005058279
12761,0.00027908664
12764,2.6721153e-05
12767,0.0007426975
12773,0.11016685
12776,0.99248147
12779,0.0028906572
12788,0.00057059166
12796,0.001435774
12802,0.0012501886
12810,0.00027711582
12813,0.9995202
12817,0.999146
12828,0.00020097427
12829,0.9998845
12843,0.00017443403
12844,0.00069847266
12845,0.00015625104
12849,3.1962052e-05
12851,0.00021198153
12854,0.99657416
12861,2.3943823e-05
12862,6.400029e-05
12864,0.00029361376
12869,9.033516e-05
12872,0.9996669
12880,0.09497478
12882,0.0009603497
12883,0.00011795732
12889,0.00037233086
12894,7.8526726e-05
12897,0.99270165
12907,0.00022362864
12909,0.99255484
12913,0.0010390229
12914,1.33831545e-05
12916,0.000116901625
12923,0.057727344
12925,0.00012905744
12933,0.0004750655
12939,7.064696e-06
12940,0.00016147218
12954,8.2604616e-05
12955,0.00035562876
12959,0.99987066
12969,0.00017933635
12975,0.0004505438
12981,0.99804664
12985,0.00064783863
12986,0.9980647
12989,0.0010915243
12992,0.001129516
13003,5.9315236e-05
13010,7.1159186e-05
13012,0.00077982
13016,0.941277
13021,0.0005311202
13022,0.011233607
13023,0.00018357178
13026,3.961539e-05
13029,0.0670661
13031,0.00018637392
13037,0.00019214522
13044,2.9337043e-05
13047,0.00022182654
13053,0.14126636
13059,2.6870795e-05
13061,0.9917875
13066,0.0006709798
13067,0.00015392303
13084,0.0011694802
13085,0.00030517342
13089,0.0002524042
13093,0.00029145397
13099,0.008303963
13100,0.00067329354
13105,0.0147628095
13106,0.0005054903
13107,0.0003315197
13111,0.00022123595
13117,0.0010579409
13118,0.00023657907
13120,0.00047737875
13123,0.99905986
13127,0.99863285
13146,5.3869744e-06
13150,0.00031733478
13153,0.00035897404
13154,0.9992322
13157,6.941505e-05
13158,1.38945625e-05
13164,0.9993692
13169,0.00013958616
13170,0.00042158776
13174,1.0436469e-05
13178,0.9988702
13182,0.99926835
13183,9.670378e-06
13187,0.00037374874
13190,0.04403568
13192,0.0019259114
13197,0.9980939
13202,1.7682796e-05
13204,1.6068734e-05
13207,0.00019348087
13208,0.99996555
13209,0.00029365686
13210,0.00017488435
13218,5.7137444e-05
13228,0.000304207
13229,0.0002725033
13233,0.00018190709
13235,0.00055397645
13236,0.0016923896
13241,0.0003375201
13245,0.00030263534
13248,0.00020411826
13255,0.0008836329
13271,0.011816834
13272,2.9974846e-05
13274,0.00030549453
13281,0.00016309058
13288,0.0006915537
13291,0.00016233748
13299,0.99073887
13302,0.0005314048
13303,0.00028496477
13305,0.000464194
13307,0.04433366
13309,8.904267e-06
13311,0.0014225208
13320,0.0003543872
13332,6.796253e-05
13333,0.9995732
13338,0.00096409826
13339,0.00021039942
13340,0.0009319285
13346,0.0002812186
13348,0.9957248
13357,0.00013067406
13362,0.99953747
13364,0.051590577
13371,0.00052194466
13375,0.9999386
13382,0.9950147
13383,0.1089866
13387,0.00019930625
13391,0.9930996
13396,0.00047587132
13406,0.00054431986
13413,0.99938333
13419,0.00066932687
13423,0.001634763
13427,0.99899894
13431,1.541651e-05
13444,3.544551e-05
13450,0.00041396412
13451,0.99889094
13456,0.9999144
13458,0.00075763225
13460,0.9990295
13464,0.051817518
13465,2.4761343e-05
13467,0.9990453
13468,7.5223707e-06
13471,0.99424875
13479,0.00046756733
13481,0.12727782
13483,0.00045994885
13488,0.000254153
13494,0.9894991
13499,0.99683505
13500,0.00011884655
13504,0.00028056547
13515,9.080344e-05
13517,0.00036831916
13523,0.0021898127
13526,0.18151519
13528,0.99965775
13531,0.999326
13532,0.00020872761
13535,0.00021082717
13542,0.0006318806
13561,2.5878955e-05
13563,0.0027546617
13568,0.00029979207
13574,0.00023676571
13575,0.0004061203
13576,0.0003290294
13584,0.00079445675
13587,0.00066214724
13592,0.99976844
13600,0.00013024476
13603,0.9947326
13604,0.89528394
13606,0.0001499376
13607,0.00012234502
13612,0.00011300247
13615,0.0009282871
13622,0.00023781207
13624,0.9950412
13625,0.00034342127
13628,0.00029844177
13633,4.6487403e-06
13641,3.0234662e-05
13649,0.0011376624
13657,0.9988422
13661,0.00017517991
13666,0.00017249836
13667,0.00038016879
13668,0.00020844478
13672,0.00024363904
13675,0.041410275
13684,0.0006760751
13686,0.001760448
13690,0.00037939343
13695,0.00011795913
13698,0.0005059591
13699,0.081954025
13704,0.00064702786
13712,0.99867237
13714,0.00030398928
13715,0.9943475
13718,0.9964604
13721,4.4725195e-05
13725,0.0007033273
13729,0.00038588402
13738,0.00027472904
13740,0.00021302055
13751,0.9997807
13756,0.0006063912
13762,0.0003174186
13769,0.99743444
13777,0.07935934
13778,8.017091e-05
13780,0.0004819179
13788,0.9996131
13789,0.00012913758
13790,3.6546717e-05
13791,9.327646e-06
13798,0.0011230519
13802,0.0002315899
13805,0.0004092408
13819,1.6783057e-05
13821,0.05698803
13827,0.00020185615
13830,0.00011156348
13831,0.00038758494
13833,9.001283e-06
13839,0.0002919615
13840,0.0003613192
13846,0.0007346128
13854,2.8659111e-05
13857,0.00025648848
13859,0.00184042
13860,0.0008145587
13862,0.0040516127
13863,0.00060736615
13866,0.00055963144
13870,0.9999604
13877,0.0009511585
13881,0.00021319387
13883,0.99993753
13886,0.00016475788
13888,0.00029949297
13895,3.865082e-05
13902,1.06158905e-05
13903,0.8926953
13906,0.0003007124
13907,0.9973115
13908,0.06975568
13909,0.00021997183
13913,0.006744469
13919,0.08888918
13926,0.0007272183
13927,0.99943346
13929,0.00020935845
13930,3.2592052e-05
13934,0.24471529
13939,0.0003300577
13942,0.9989208
13944,0.9999037
13956,0.0012122552
13959,0.0017908863
13969,0.00051020784
13973,0.9965912
13975,0.91715723
13977,0.00010882954
13979,0.00054694625
13980,0.0028859645
13981,0.0007603695
13987,0.00074009824
13988,0.00021976932
13991,0.9995153
14001,0.000618342
14002,0.9994543
14009,0.9984534
14011,0.99970156
14021,0.0005249883
14025,0.00086278777
14026,0.00025885153
14029,0.0002049815
14033,4.882036e-06
14035,1.8280482e-05
14037,0.00036464096
14040,0.016601412
14055,0.00022366807
14064,0.00035095797
14068,0.00023780619
14070,0.00015824448
14075,9.669788e-06
14077,0.00022132415
14079,0.99318826
14081,1.6191272e-05
14084,0.00035974366
14087,0.99919623
14089,0.02878698
14090,2.4800998e-05
14096,0.0007362082
14100,0.00046788456
14106,0.99408156
14107,0.0007381893
14111,0.00067393127
14114,0.0004891887
14115,0.00020487187
14119,0.9966737
14122,0.0003323225
14124,0.00039502935
14125,0.9975967
14127,0.9995371
14131,0.00046686496
14133,0.00011223688
14134,0.0002285106
14137,1.7958584e-05
14143,0.0005831251
14145,0.002078176
14150,0.0010519009
14152,0.00028584286
14153,0.99991953
14154,0.0003042589
14158,1.7831851e-05
14159,0.00066750246
14171,0.00043458055
14173,0.9989241
14174,0.9978556
14181,0.99599636
14186,0.9998454
14187,0.9967386
14196,0.00014236763
14197,0.99432397
14199,0.0012927337
14200,0.032796334
14202,0.00030270693
14207,0.9997712
14208,0.99956244
14210,0.0003950254
14212,0.0003567235
14213,0.050938684
14220,0.0002837873
14221,0.00016779364
14223,0.00034435795
14224,0.00028480863
14236,0.002725943
14241,0.00018365214
14242,0.00015495165
14244,0.99982244
14245,0.99792707
14247,1.3835089e-05
14268,0.99746835
14272,0.00027589765
14276,0.9998061
14278,1.4014173e-05
14280,3.706435e-05
14282,9.002244e-06
14283,2.7819298e-05
14284,0.0004958596
14285,0.99926585
14286,0.00023564078
14288,0.0001881426
14289,0.00047698262
14295,3.1784846e-05
14296,0.0035452533
14297,2.6671787e-05
14301,0.00053439685
14302,0.09579539
14305,0.00023719254
14306,0.00017802246
14307,0.00051033864
14309,0.044357527
14312,0.00029030917
14324,1.3093026e-05
14325,0.999856
14326,0.9957041
14329,0.00012544035
14333,0.9978289
14335,0.0027791548
14340,8.990275e-06
14341,0.00046444344
14346,0.00020678
14347,0.056573745
14348,0.99936384
14358,0.99907875
14359,0.9977558
14361,0.000512951
14362,2.1385376e-05
14363,0.9990289
14364,0.10801149
14368,2.4939198e-05
14373,5.9161077e-05
14374,0.08782496
14378,0.00019924583
14379,0.059089087
14380,0.99926335
14381,0.00030181388
14383,2.2152355e-05
14387,0.00080592086
14389,1.382107e-05
14392,9.735977e-06
14395,0.0006575104
14398,0.049656134
14401,0.00038199426
14406,0.00015237293
14412,7.735557e-06
14413,2.8788483e-05
14415,0.00023391783
14416,0.9993783
14425,0.007056882
14428,8.366565e-05
14431,0.0005947588
14435,0.0059991754
14436,0.00045984585
14442,0.00026696385
14443,0.00018976645
14445,0.9999031
14448,0.99550205
14451,0.082473606
14453,0.00028675675
14454,0.00038914377
14455,0.9997342
14459,0.99970585
14461,0.9992378
14462,0.9902276
14464,0.9982205
14467,8.39338e-06
14470,0.000109539076
14481,8.688583e-06
14485,5.6076944e-05
14488,0.0002077107
14489,0.00084362086
14494,0.0004279689
14496,0.00018027397
14502,1.44853975e-05
14504,2.7798505e-05
14505,0.9116546
14507,0.0002547923
14513,0.99917537
14517,0.9998933
14522,0.999915
14523,0.00031525773
14525,0.00049275503
14539,0.00048414388
14545,0.0008326648
14549,0.00020316066
14551,0.9992322
14563,2.557816e-06
14566,6.890653e-06
14568,0.0006954134
14569,3.293936e-05
14571,0.08703977
14578,0.00025522994
14581,0.0008490406
14584,0.00030379716
14592,0.00029002837
14593,5.806696e-05
14596,0.00011083396
14603,0.99755883
14605,0.0136518385
14611,0.0001203058
14612,4.5759367e-05
14614,0.0003526167
14622,0.06512783
14625,0.0006373616
14627,0.00044024122
14629,0.99651957
14634,0.9987502
14640,0.9984268
14644,2.807703e-05
14647,0.006245919
14655,0.86504215
14661,0.0002237805
14662,1.5616717e-05
14667,0.9995227
14671,0.00013227096
14673,0.00013248794
14674,0.0019530079
14675,3.9689614e-05
14677,1.0484971e-05
14680,1.5334397e-05
14689,1.4253212e-05
14690,0.9988274
14691,0.89674246
14693,0.9991523
14694,0.00028713015
14698,2.8469301e-05
14708,1.23424115e-05
14709,0.6531941
14710,0.0016866479
14715,0.99934083
14716,3.3639951e-06
14719,0.00026134276
14720,0.00020134886
14722,0.000651874
14726,1.6151806e-05
14735,7.034987e-05
14736,0.00020807883
14739,0.0012692352
14743,0.000590155
14755,0.0002593612
14759,0.0017953534
14763,2.2525071e-05
14765,0.9990709
14772,0.20099568
14775,0.0012661134
14778,1.8725996e-05
14784,3.287879e-05
14798,1.2256527e-05
14821,0.9990909
14824,7.270415e-05
14827,0.0052450825
14831,0.99950504
14832,0.00064554863
14839,0.0003177477
14841,0.00012209633
14842,0.00015839528
14851,0.00021104378
14862,0.0010191245
14863,6.58637e-05
14864,0.99034625
14865,0.00026767212
14866,0.049628388
14875,3.49893e-05
14879,2.3990679e-05
14881,0.0004928281
14894,0.0012404297
14895,0.99994624
14898,0.99936444
14899,0.99958116
14900,9.76016e-05
14903,0.0007144333
14905,0.0001536371
14906,1.1619459e-05
14919,8.63322e-05
14923,0.00041063965
14925,0.082098216
14926,0.0007014925
14928,0.00036948026
14929,0.00042257874
14932,0.0030842933
14933,0.00016640458
14939,0.00017689687
14946,0.0001965056
14947,0.06352952
14948,0.00025985573
14949,0.0014126505
14955,0.00020242877
14958,0.00019173985
14962,8.411979e-06
14963,0.9997634
14969,0.0005663014
14978,0.0005237477
14989,0.0001893251
14991,0.00076300214
14997,0.0005747719
15007,0.0005948064
15009,0.002434669
15018,0.018151857
15020,0.033979524
15024,1.1684587e-05
15030,0.996104
15032,0.0001949092
15036,0.058165636
15037,4.3908087e-05
15038,0.9997198
15039,0.99847275
15042,0.0012168358
15044,1.4019439e-05
15047,0.0002262054
15054,0.0005956582
15059,0.0020127888
15062,0.0039392468
15069,0.00056177424
15070,0.0001865462
15075,0.9994436
15081,8.8180575e-05
15082,9.4902505e-05
15083,0.0002334791
15089,0.0005902475
15090,0.00016005989
15095,0.99935514
15100,0.00019574542
15102,0.00012366468
15112,0.0006526377
15113,0.00012417466
15120,0.00018202802
15124,0.9998908
15127,0.99907374
15128,2.109276e-05
15130,0.00063684577
15134,0.00042715372
15136,0.00014609851
15144,0.0004749328
15147,0.000388011
15148,0.99978393
15153,0.012682766
15156,0.00044475181
15159,0.042195845
15161,0.0005879026
15164,0.9984251
15165,5.937673e-06
15168,0.00018027054
15174,0.99946135
15175,0.00017672981
15176,0.0005487326
15183,0.00044156407
15184,3.8635895e-05
15185,0.9994295
15186,0.9990208
15187,0.0019199072
15190,9.561922e-05
15191,0.9924954
15195,0.99970204
15197,5.54445e-05
15202,7.5714556e-06
15204,0.00026652182
15206,0.99950874
15209,0.99946195
15215,0.999814
15220,0.00019506425
15229,0.0009171195
15230,0.00032553513
15232,0.00044571544
15233,0.00046648862
15240,0.99902034
15242,0.00024302746
15243,0.99972814
15245,0.0006193996
15247,0.0004311025
15248,0.999443
15250,0.99979717
15252,0.000212222
15263,0.0003674438
15266,0.00033152947
15268,0.00025963457
15270,0.998944
15271,0.9995054
15272,5.443722e-05
15274,0.00019463268
15275,0.9934676
15276,0.9988319
15281,0.00022062717
15283,0.00015652723
15284,0.00046140284
15287,0.10958633
15295,0.99875605
15301,2.3189225e-05
15302,0.00037329708
15304,0.0041680844
15305,0.9999442
15307,0.99932563
15308,0.0012519486
15309,0.098263085
15311,0.0002333567
15312,0.0005553563
15315,1.9423998e-05
15326,0.9976673
15332,0.00027714172
15336,0.998044
15341,0.00054564606
15345,2.5076544e-05
15361,1.9501675e-05
15364,0.99865484
15370,0.00017640874
15376,0.00017354579
15399,0.00058304006
15404,0.00068004313
15409,0.00043506201
15411,0.0006573219
15414,0.0002579941
15415,0.095142215
15416,0.00015446114
15417,0.00054397364
15423,0.00043605224
15425,0.001343511
15429,0.00085105456
15433,0.000114876726
15436,0.00017252714
15442,1.7932365e-05
15445,9.543553e-06
15448,0.00023790868
15450,4.189847e-05
15452,0.9996911
15456,0.000492348
15458,0.0009480132
15459,0.016097965
15463,0.000722908
15468,0.9999528
15469,0.87675035
15472,0.00033020152
15476,0.00045112675
15483,0.00020234793
15486,0.00023071143
15487,0.9257301
15495,0.0011891196
15500,0.037304703
15502,0.9984994
15504,0.00028772975
15507,0.00015996836
15510,0.0005075161
15515,0.008217563
15530,0.99893945
15533,1.4855487e-05
15538,0.9928007
15539,0.0003517579
15541,0.9977278
15543,0.00093896734
15546,0.9950971
15547,0.99931705
15549,0.99309784
15555,0.99967325
15556,0.99993217
15566,0.99227214
15571,0.0001958651
15573,0.00055352045
15582,0.99916184
15591,0.8816679
15592,0.0009046221
15596,0.10783214
15597,0.0056664194
15601,0.004684036
15608,0.0007952376
15609,0.00027332737
15610,0.9974039
15611,0.0012206761
15612,0.9988048
15618,0.003908215
15619,0.99436694
15622,0.00014221839
15623,0.096640766
15629,4.558456e-06
15631,2.4764742e-05
15634,0.99987733
15638,0.00017289603
15644,0.000126595
15645,0.10118932
15648,0.0015062927
15651,0.00011215793
15653,3.238889e-05
15657,0.00026459506
15659,0.00029909777
15661,0.99921715
15665,0.0004967393
15667,5.7018835e-05
15668,0.00032208534
15669,0.05048472
15670,0.114813745
15671,0.9996476
15688,0.012686994
15689,4.4308367e-06
15690,3.8684157e-05
15694,0.00018247619
15695,0.9976283
15696,0.99389464
15709,0.00043870875
15711,0.0003290498
15712,0.0007184086
15713,2.9350867e-05
15715,0.0006375557
15720,1.784832e-05
15721,0.9983694
15744,0.0005122603
15747,0.00031297698
15751,1.1231616e-05
15757,0.00035102456
15758,0.999225
15764,0.00058520155
15769,9.439918e-06
15783,0.87516224
15786,0.00024137543
15788,0.9898301
15794,8.596163e-05
15795,0.10386237
15796,0.07091522
15797,0.90696007
15800,0.002071906
15809,0.9995402
15813,4.9503255e-05
15819,6.429159e-06
15827,0.00042263334
15828,0.0003683139
15829,0.0005751081
15835,0.0001863771
15839,0.00023414387
15841,0.00012443472
15842,0.9932375
15843,0.99952424
15852,0.999938
15881,1.16619985e-05
15886,3.8486596e-05
15891,0.0026181517
15894,0.00029023114
15904,0.00016699158
15912,0.00017542664
15918,3.4793487e-05
15919,0.9997117
15934,0.00039923444
15935,0.00038230195
15937,0.9978873
15938,6.781278e-05
15947,1.022942e-05
15950,0.00024798053
15955,0.00018450322
15959,0.9997404
15964,0.9971521
15965,0.00066149153
15966,3.2927048e-05
15968,0.99914813
15969,2.6608834e-05
15971,0.8730015
15975,0.0021818266
15978,0.0007237014
15980,0.00047325212
15981,0.00039066793
15982,0.9864802
15988,0.0007860849
15993,9.5949135e-06
15994,0.00060718524
15996,0.00030523134
15998,8.760344e-05
15999,0.00906392
16000,0.9973532
16001,0.86389154
16004,0.00045329676
16009,0.00020882813
16014,0.0007962192
16017,9.988599e-06
16018,0.0010257419
16025,0.9947831
16027,0.918594
16028,0.99984145
16029,0.00034961753
16032,0.0003679256
16037,8.432911e-06
16039,0.00063412485
16044,0.00033377894
16046,8.154125e-05
16058,0.0006633261
16059,2.5535079e-05
16061,0.99954873
16064,0.0006029328
16065,2.0425012e-05
16077,0.00015326764
16080,0.00010694598
16086,9.764728e-06
16092,0.00024047935
16100,0.00019286567
16110,0.011339107
16111,0.071141556
16112,3.9045775e-05
16114,0.00043436003
16119,1.2133947e-05
16127,0.00016692074
16129,0.9989963
16137,0.00013238136
16138,8.023485e-05
16143,5.56513e-06
16144,0.9979316
16148,0.000105102736
16153,0.9997496
16155,0.003405605
16163,0.91480476
16170,3.101469e-05
16191,8.857389e-06
16200,0.9996629
16202,0.00058738876
16205,0.15511844
16208,0.0003237419
16211,2.1280055e-05
16212,0.9983924
16214,0.00020966066
16216,0.0001630189
16221,0.0007151023
16224,0.99971837
16225,0.99992764
16229,0.9977695
16232,0.9945298
16238,0.9945786
16243,0.99879104
16253,7.4584304e-06
16259,0.9987337
16260,0.0005415675
16262,0.0010075335
16267,0.8737641
16272,3.466548e-05
16275,0.0006071575
16278,0.99923515
16292,0.00027711716
16294,0.0020644758
16296,1.7741697e-05
16298,3.1944594e-05
16299,0.00019243859
16300,0.99724907
16302,0.0016148415
16304,0.0008256477
16305,0.00023439784
16307,0.9995757
16308,0.000622458
16309,0.004860207
16315,7.6200545e-06
16316,0.007759192
16321,4.5236113e-05
16323,5.285614e-06
16327,1.4281758e-05
16330,0.00046085406
16331,0.00015398498
16333,0.0013424859
16339,0.0005470093
16348,0.0004053587
16351,0.9971846
16354,0.00021661901
16357,0.0550704
16363,0.9994431
16377,0.00019108501
16381,0.00057666865
16384,7.367132e-05
16387,0.0010055494
16400,1.6070268e-05
16402,0.9948131
16404,9.438609e-05
16405,0.00011730819
16408,0.9986218
16410,3.4905952e-05
16420,6.587576e-05
16425,0.07843688
16430,0.00029483062
16435,0.0007276526
16441,0.99943036
16447,0.004933571
16449,0.0006467378
16454,0.00075700256
16457,0.0004322753
16458,0.0004895712
16460,0.00019103546
16465,0.9995049
16468,0.00038721747
16469,0.0002873698
16475,0.0002637654
16478,0.0005064428
16480,0.9990025
16481,0.00048558306
16482,5.196589e-05
16489,0.00025212037
16496,0.0021738023
16498,0.00074058434
16502,0.00038482624
16504,0.01665768
16510,0.00019607157
16523,0.04417422
16527,2.4058749e-05
16529,0.99926907
16533,0.96541435
16534,0.0001532327
16540,0.00034111482
16552,0.0006793137
16558,0.0007110094
16559,8.929386e-06
16566,0.00023696129
16568,0.0003462295
16570,0.018052127
16571,0.9991352
16572,0.0030390574
16575,5.412586e-05
16581,0.00018829516
16591,0.00011282664
16598,0.00024356008
16600,6.1971674e-05
16606,0.9982754
16608,0.0003189897
16614,0.99908936
16615,0.00070011837
16619,0.00031487414
16640,0.0024824692
16644,0.00012050385
16646,0.0013243386
16647,0.000114948605
16648,0.9958144
16650,0.0032626109
16651,0.113817036
16653,0.0009786143
16658,0.00032594227
16666,0.00010691662
16667,0.00027770008
16668,0.00015975739
16672,0.0017564829
16675,0.9999515
16679,0.00044789634
16683,0.00017018644
16686,0.001702246
16688,0.8952238
16690,0.0030968073
16696,0.00021143472
16705,0.018114587
16708,0.00013069762
16709,3.6195324e-05
16713,0.00044430603
16718,0.9975218
16723,5.592002e-06
16730,0.05444199
16735,0.9963999
16737,0.09006306
16749,0.006092351
16754,0.99988997
16755,2.7297687e-05
16760,2.1821823e-05
16765,0.00022499613
16770,0.0015574412
16786,0.99962795
16790,0.0004166853
16793,0.0001125464
16794,0.7569813
16801,0.08559872
16810,6.690668e-06
16811,0.00012351135
16814,7.882758e-05
16815,0.99925333
16816,0.99976295
16825,0.00022040431
16832,0.00039886296
16835,7.196343e-06
16837,0.99890554
16839,0.0007148457
16840,0.00034870263
16843,0.000620795
16853,0.9995722
16857,9.164078e-05
16861,0.0003246503
16863,0.9995968
16876,0.028189143
16878,0.90727556
16885,8.239189e-05
16887,0.00016277675
16890,0.9960337
16895,0.0010716543
16898,0.00027627827
16905,0.1509576
16910,0.0011446227
16912,0.9976241
16920,0.00059575075
16927,0.00020242299
16931,0.000689534
16932,0.053902227
16933,2.2300625e-05
16941,0.0004874443
16944,0.0009327195
16947,0.9969227
16948,0.00049218704
16951,0.004161884
16957,0.0003944656
16961,0.99011993
16964,0.00053178257
16966,3.94107e-05
16971,0.999703
16972,0.00033646374
16975,0.99938977
16977,0.00011801852
16978,0.00023976983
16995,0.00049635686
16996,0.000844405
16999,0.0006092408
17005,0.00081302255
17006,0.000110868205
17007,0.0006764686
17026,1.0947619e-05
17037,0.00041121058
17038,0.999808
17039,0.00048690938
17042,0.00013864142
17045,0.99920446
17046,0.0006805521
17047,0.99978477
17050,0.00019356537
17054,6.4893106e-06
17063,1.2296356e-05
17065,0.9980806
17066,0.9999113
17067,0.0021488173
17073,0.0010119125
17077,0.9981142
17083,0.0004919746
17084,0.00024129673
17087,0.9999374
17093,0.0026371842
17101,0.9996195
17113,0.99968326
17114,0.0031453408
17119,9.348653e-06
17120,1.7176675e-05
17121,0.00039805274
17124,1.3384661e-05
17125,0.8492582
17131,0.00010480899
17132,4.827856e-05
17133,2.7282931e-05
17134,0.0007306478
17138,0.00042471391
17142,0.0021814187
17148,0.00021794697
17152,0.9897794
17153,0.9993498
17158,0.9912004
17159,0.00045782275
17163,0.9993851
17177,0.99919766
17178,0.0017649829
17185,0.13883024
17186,0.99861884
17187,3.771362e-05
17189,0.0017637307
17190,0.0006816958
17191,1.0348312e-05
17195,9.712709e-06
17202,0.99873775
17204,0.06669848
17205,0.0001301606
17207,0.00012142628
17214,0.111535154
17215,3.8086397e-05
17217,0.001482066
17219,1.6281465e-05
17220,0.9987632
17221,0.001060115
17223,0.9997485
17224,9.5594056e-05
17227,1.1065822e-05
17230,0.00026732602
17232,9.917438e-05
17236,0.9990829
17244,0.9992778
17246,0.9987888
17255,0.0003818086
17259,0.90510947
17262,0.0001491152
17269,0.00032754932
17277,1.022351e-05
17279,0.00078762317
17285,0.0060752183
17289,5.958753e-06
17293,0.99651235
17295,0.00020989109
17297,1.600235e-05
17298,0.00087947375
17304,0.99971527
17306,0.06824524
17321,0.0009456006
17323,0.00024452896
17334,0.99985564
17335,0.99439514
17337,6.780341e-05
17343,0.000432066
17344,0.0029611192
17347,0.055602897
17355,0.00025294453
17357,1.2823022e-05
17361,1.2353692e-05
17365,0.99751616
17368,3.2011867e-05
17374,0.00041994243
17375,0.00083191256
17377,0.9767308
17378,0.00017147146
17381,0.00023603068
17387,0.002272334
17389,0.000509893
17391,0.0009334458
17402,0.00023516564
17403,0.00023226989
17414,0.00016586615
17415,8.309618e-06
17416,0.0005234937
17418,0.000116534335
17423,0.9992887
17426,0.0004002536
17437,0.048137516
17438,0.00015447897
17442,0.99589705
17444,0.0014672043
17445,0.008388287
17453,8.401823e-05
17454,0.00031929126
17456,0.99742836
17465,3.3938813e-05
17473,0.00017467952
17476,0.00079867133
17478,0.9977945
17479,0.0052308487
17484,0.99488765
17485,0.00013509669
17486,0.09382509
17487,0.9978126
17488,0.99897265
17497,0.0056444905
17498,0.99987423
17506,0.00016496443
17507,0.00019510573
17519,9.363341e-05
17528,1.023223e-05
17530,0.005984178
17536,1.1606557e-05
17541,0.0007724716
17542,0.000590925
17546,0.00018693079
17562,0.999918
17564,0.00062532973
17568,0.00030427342
17570,0.00064962206
17571,0.9927342
17575,0.9951409
17578,4.119009e-06
17579,7.543033e-05
17582,0.9999206
17592,0.0010208733
17593,0.99919313
17601,5.085204e-05
17604,0.00057413
17613,0.00010209773
17614,0.9936759
17619,0.99958426
17622,4.16086e-05
17624,0.0003985072
17626,0.00018233096
17634,0.0006023036
17649,0.9998822
17655,8.135004e-05
17665,0.0003154799
17673,0.00030160416
17678,0.99937963
17680,0.0005371264
17683,3.0052557e-05
17690,0.0008814809
17691,0.9998746
17693,4.4048757e-06
17694,0.00061762496
17695,0.00024602283
17697,0.0005326191
17700,0.0002445553
17709,7.003457e-06
17712,7.683518e-06
17716,0.9992004
17720,0.00014470251
17729,0.00039446977
17730,0.0004802922
17736,0.0003601697
17738,0.00026670052
17740,0.99682426
17742,9.435563e-06
17747,0.00013761054
17749,1.0078813e-05
17750,0.00018521868
17753,6.2717256e-05
17754,1.5988027e-05
17756,1.0462537e-05
17759,0.0059408243
17760,0.002418476
17761,0.00042803603
17765,9.297042e-06
17774,3.9902556e-05
17781,4.595677e-05
17782,0.0014579347
17787,8.612819e-05
17788,0.99940383
17791,0.9993868
17796,9.253902e-06
17798,0.00039868485
17803,5.8712067e-06
17807,0.00013806188
17809,0.0004729119
17810,0.0007773271
17813,0.0002015594
17817,0.0010223546
17819,0.00036296793
17823,0.00020205429
17825,0.0020680882
17828,0.99816626
17844,5.769097e-06
17854,0.00032236642
17859,0.99680614
17860,0.009404519
17875,0.99779654
17876,0.9964212
17882,0.99911433
17890,0.00021650028
17891,0.00043133044
17894,0.00024879142
17898,0.0004878808
17904,0.00069868594
17905,0.0013351903
17907,0.00034859212
17909,0.0010156415
17913,0.999524
17918,3.1993786e-06
17921,0.18272565
17922,0.052868757
17924,0.00047931436
17925,0.00024700575
17926,0.00022897449
17928,0.00014248578
17936,0.999323
17938,3.9475726e-06
17939,0.0008754231
17940,1.9710655e-05
17945,8.798331e-06
17954,0.00021081087
17964,0.99926716
17966,0.0023860387
17967,0.00025449076
17970,0.0003273539
17971,0.0008295283
17972,0.9990465
17976,0.0007992332
17977,0.99970955
17980,0.99943477
17983,0.9984616
17987,0.00012680545
17988,0.99931526
17991,0.0007882291
17992,2.0763991e-05
17994,0.00012183499
18002,1.29669625e-05
18006,0.00033870243
18009,0.0004892393
18014,0.9266495
18019,0.00019420113
18021,0.9997372
18025,0.9996518
18026,0.7942443
18035,0.0010220142
18036,0.0002789156
18037,0.00033630215
18039,0.001466818
18046,0.00020684567
18049,0.0005396658
18055,0.9954537
18056,0.0015186527
18064,0.9994733
18069,0.002570863
18070,0.0004825527
18072,5.7065023e-05
18073,0.9921017
18077,0.05024839
18082,0.043673582
18083,0.76815474
18084,0.00017911811
18085,1.8060395e-05
18087,0.99831414
18097,1.4655293e-05
18098,0.9958702
18106,0.009658935
18110,0.07791328
18115,0.0006375393
18117,0.0009167329
18118,0.00025114464
18128,0.990873
18135,5.7618512e-05
18139,0.0003456018
18141,0.0032370477
18146,0.00021715007
18147,0.00011418617
18150,0.99909186
18155,0.00013306503
18166,0.00017057602
18169,0.9965777
18170,0.9993382
18191,0.99735105
18193,0.9997224
18195,0.0009056346
18198,0.99690956
18204,0.9994481
18207,0.00023064676
18212,0.9994228
18215,6.8609033e-06
18218,0.9982659
18220,0.99957806
18222,7.512499e-06
18224,0.9883233
18241,5.6854486e-05
18242,5.4222728e-05
18246,0.9988932
18260,0.9993967
18262,0.99913436
18264,0.99729747
18266,0.99799997
18268,0.059773397
18275,0.99973744
18278,0.0023052755
18282,0.069949165
18290,0.0004565239
18291,1.5244447e-05
18294,0.9984794
18296,1.1248402e-05
18299,0.013022881
18300,0.0005817711
18304,0.0008779638
18306,0.0005610411
18315,1.0877145e-05
18320,2.2439439e-05
18323,0.00024217764
18330,0.99920136
18337,0.99610835
18342,7.973531e-06
18343,0.99429953
18345,0.9997017
18350,0.0004364496
18351,0.0003845255
18364,0.00022691113
18368,0.00047695535
18383,0.00084304955
18385,9.620777e-05
18390,4.4993203e-06
18392,0.00024186153
18401,0.0014606348
18404,0.00027442328
18406,3.6010938e-06
18408,0.00026178267
18411,0.003675913
18422,0.00025282786
18428,0.0018397605
18430,0.00039279764
18432,4.6279542e-06
18435,0.90298706
18437,0.053739827
18441,0.0006854035
18443,0.0001752267
18444,0.000549074
18446,0.00030970035
18451,0.0007381362
18460,2.8907358e-05
18464,0.9976252
18465,0.000978316
18466,0.00023895942
18469,0.013638561
18470,0.0004221411
18472,0.999912
18476,0.9982504
18481,0.013343077
18482,0.0006342648
18485,0.99932384
18500,0.99563146
18505,0.0012034132
18508,0.9997824
18511,0.00027436495
18517,0.0018535815
18528,0.00090297527
18531,0.06468758
18532,0.0006435224
18540,0.9997415
18541,0.000787302
18545,0.00035630373
18550,0.0001856733
18553,0.0003067992
18559,0.0006424402
18560,2.170044e-05
18561,0.00040810206
18564,0.0002627291
18568,5.3303725e-06
18572,0.995207
18573,1.6270647e-05
18574,3.1788815e-05
18575,3.204137e-05
18579,0.0007651957
18583,0.00059170387
18588,0.00043148588
18589,0.99723107
18590,0.9995534
18591,0.99994993
18594,2.2275268e-05
18595,0.0005593744
18597,3.148326e-05
18603,2.1784104e-05
18611,0.00020324725
18613,0.00070610107
18614,0.9985662
18615,0.99862516
18626,0.00048271928
18627,9.195365e-06
18628,5.956351e-05
18631,0.00046794766
18633,0.9995876
18636,0.14631216
18640,0.99997187
18642,0.0073087537
18643,0.00017031486
18646,0.00027696582
18648,7.045991e-05
18650,7.291084e-05
18651,0.00012608059
18653,0.99262154
18654,0.99980086
18658,0.9997731
18659,0.00020856546
18661,0.00058763986
18662,0.0004962301
18663,0.9974164
18668,0.0019755221
18680,0.9994374
18681,0.9905475
18684,0.99412423
18696,0.9995877
18699,0.10185415
18706,1.5729926e-05
18711,0.0009721544
18716,0.00937208
18724,0.00023880819
18728,0.000989452
18734,1.0468526e-05
18738,1.5428113e-05
18740,0.9226047
18750,0.9985788
18756,0.00284361
18764,0.99883443
18765,0.000627284
18766,0.009685192
18767,0.99858403
18771,0.0006616886
18772,0.0008852923
18775,1.546932e-05
18776,0.00081233995
18778,1.6800625e-05
18784,8.358893e-05
18786,0.0008152631
18792,0.00048573842
18795,0.00014153155
18796,0.9993598
18797,0.0005591132
18802,0.9922138
18809,0.9997423
18814,0.0035184128
18820,0.00029944643
18823,3.4563116e-05
18831,0.00025902755
18833,0.7712167
18836,0.999081
18847,0.0005922004
18848,0.0002596316
18855,0.00037778684
18857,0.0006397012
18861,0.99596775
18867,0.85366905
18872,0.0006608495
18876,0.99566334
18877,0.9974687
18889,0.0007617754
18893,1.0902974e-05
18895,0.0004901619
18899,0.006256298
18903,0.00027597233
18904,0.00067129283
18909,8.086215e-06
18912,0.9997758
18914,2.8384802e-05
18918,0.9998004
18920,0.00020888647
18923,0.9996495
18924,0.00092355104
18925,2.1833646e-05
18926,0.0026706327
18927,0.0002985946
18942,0.9988477
18945,0.0002443297
18953,0.0018294287
18958,0.0006895192
18962,1.3798169e-05
18963,0.00034898982
18973,0.12502314
18976,4.4374872e-05
18977,0.00044957895
18983,0.00048223592
18990,0.004724823
18992,3.7215264e-05
18994,0.033813536
18995,0.053176936
19000,0.99933964
19001,0.012444478
19003,1.6172013e-05
19015,1.8716159e-05
19016,0.99983454
19017,0.00075046776
19018,0.0001855901
19020,0.9986952
19023,0.00035528312
19035,0.00016597737
19041,0.0004965142
19042,0.00018789397
19045,7.956512e-05
19057,0.99993277
19060,0.07375555
19064,0.00033568632
19067,0.00038405147
19069,0.99360067
19070,3.7901475e-06
19072,0.0001420246
19073,0.9983284
19075,0.99967754
19078,0.00015917304
19079,0.037733052
19087,0.9999447
19088,1.9277988e-05
19089,0.000103569975
19092,0.999783
19093,9.6730735e-05
19094,0.90239906
19095,0.0002740572
19097,0.99976546
19099,0.0005979195
19103,0.9916794
19109,8.143016e-06
19111,0.9995882
19115,0.00033141128
19117,7.454869e-05
19118,0.00074595504
19120,7.922729e-05
19122,0.0003604866
19125,0.00029898685
19127,0.00066346145
19132,0.042377193
19146,2.8267781e-05
19158,7.266326e-05
19159,0.9998281
19169,0.00026885196
19173,0.00076063257
19177,0.00030649896
19178,0.99993956
19180,0.00030498003
19184,6.5704203e-06
19185,0.99954164
19188,0.0027612047
19191,6.802633e-05
19198,0.00031814663
19200,0.99655837
19202,0.9996754
19208,0.00030646243
19213,0.99942446
19216,0.9991602
19221,0.00013128255
19225,0.0003854594
19229,0.0002850974
19230,9.769836e-05
19232,0.99952126
19233,0.066422865
19236,0.00011461598
19237,3.611754e-05
19238,0.9990201
19240,0.00027020363
19243,0.9996314
19246,0.00020471858
19248,0.00060240837
19249,7.761399e-06
19250,0.0008137166
19252,0.0009199791
19259,4.475462e-06
19263,0.0005149939
19270,0.05635674
19273,0.0002446073
19274,0.0060257064
19281,4.123626e-05
19288,4.0204766e-05
19297,0.9997322
19299,0.00023975108
19305,0.005723909
19306,2.098912e-05
19308,0.00025781436
19310,0.0030090543
19311,0.00041928602
19315,0.0008684641
19322,0.9962476
19323,0.9989524
19329,0.99982446
19331,0.00066149153
19332,0.00043741884
19334,0.0005466322
19350,0.0017820935
19353,0.9995759
19360,0.99735767
19363,0.12774442
19364,0.0005353992
19367,0.0006887337
19368,0.0001719825
19370,0.9997799
19371,0.996292
19374,0.0016897009
19375,0.9996785
19382,0.00056931906
19383,0.0004202848
19388,0.00069983886
19394,0.0006139413
19399,0.9999515
19412,0.00032815945
19415,0.011387678
19419,0.0006097293
19432,0.00014845932
19434,1.555217e-05
19435,4.103252e-06
19440,1.7177872e-05
19444,0.9954531
19450,0.00059518806
19453,0.0072149877
19455,0.0004976862
19464,5.8922913e-05
19469,0.011691786
19471,2.1276768e-05
19477,0.0006751148
19478,0.00024163931
19483,0.00018966533
19496,0.89705056
19501,0.08378434
19503,0.99994075
19504,5.8385063e-05
19505,0.9995004
19509,0.00017941656
19513,0.99885595
19517,0.000452992
19519,0.99993
19524,9.154129e-06
19535,0.0004952892
19539,0.9993755
19543,0.00030091772
19549,0.00019886564
19554,1.2313537e-05
19555,0.0019625225
19561,0.0004776594
19565,0.0005927684
19570,0.00685665
19574,0.00044613137
19585,0.00024827057
19588,0.0002592482
19590,0.0022394005
19601,0.75398326
19602,0.88879746
19609,0.99113315
19610,0.00015758946
19612,2.9187746e-05
19616,0.00081916206
19617,6.188273e-05
19618,0.9958572
19619,5.2808928e-06
19623,0.0015705065
19625,0.0015109299
19626,0.00057168474
19627,5.1344336e-06
19633,0.00039266754
19638,0.0002126723
19640,8.823001e-06
19641,0.00032769018
19643,0.0005511945
19644,9.771988e-05
19653,0.997554
19665,3.2980126e-05
19667,0.99980813
19668,0.99812335
19674,0.9983551
19675,0.00011923692
19678,0.0008713756
19681,2.2501046e-05
19682,0.9990532
19685,2.09387e-05
19687,0.9997358
19688,0.00017768785
19690,0.99988854
19697,2.34595e-05
19701,5.2128093e-05
19703,0.9959254
19708,0.0002628709
19713,0.0003589821
19714,0.0002791106
19715,0.0009306774
19716,0.00015795097
19723,0.99951446
19731,0.9997619
19735,1.2970587e-05
19749,0.00036543215
19753,0.9979346
19758,0.00070976885
19759,0.0013512404
19760,0.033822063
19780,0.0005264781
19782,0.9990982
19789,0.9968484
19805,3.8028473e-05
19807,0.0005016092
19810,0.0032704882
19813,9.7600394e-05
19827,0.00024804674
19832,1.3877719e-05
19838,0.99947685
19840,0.00060006324
19844,0.003670313
19847,2.4417039e-05
19848,0.9993013
19854,0.0002393603
19863,0.00087122864
19866,0.0012193152
19873,7.0794034e-05
19880,0.9976489
19887,0.9967438
19897,0.00044223762
19899,0.99832994
19904,0.999936
19908,5.2173204e-05
19910,0.0019511777
19914,9.978088e-06
19917,0.99990416
19920,7.4352715e-06
19930,0.99578
19931,0.0010956931
19939,0.99694794
19942,0.112992726
19944,0.00048322658
19961,4.781377e-06
19963,0.99970835
19980,0.002506487
19982,0.00051343796
19985,0.9915592
19990,0.9960517
19995,0.00033077685
19997,0.0049203346
20005,0.9991487
20011,0.0003864602
20025,0.9996654
20029,0.00025624037
20036,0.99899787
20040,0.9981902
20042,0.0005264864
20044,0.00021912174
20045,0.09506507
20053,0.0011825986
20060,0.01176855
20080,0.04145404
20083,2.3357481e-05
20088,0.00028865735
20091,0.996879
20094,0.99834085
20095,0.0832425
20099,7.869082e-05
20100,0.99888724
20102,9.160495e-06
20104,0.00021296369
20105,0.0016657574
20106,0.9987055
20107,2.8834973e-05
20116,0.000110662135
20117,0.0007392844
20123,0.00018546521
20124,0.0002647197
20128,0.00052578776
20142,0.9990125
20145,1.6801874e-05
20151,2.9153862e-05
20158,1.5905282e-05
20163,0.00010809697
20167,7.5506185e-05
20168,0.00017067119
20169,0.0002533005
20170,0.00061562174
20176,0.99142647
20179,4.6074114e-05
20180,0.9982975
20182,0.99756867
20185,5.275853e-05
20188,0.000599475
20190,0.99985695
20193,0.0006879983
20199,0.00034430737
20200,0.99969435
20203,6.5560846e-05
20207,0.0003837113
20212,0.00025803078
20217,0.007682561
20222,0.99933916
20223,0.0002717965
20235,0.00013763823
20238,0.00047516354
20241,0.67908126
20249,0.00022446044
20250,0.0007787087
20251,0.9995629
20252,0.00082100043
20253,4.4018012e-05
20257,1.9350597e-05
20263,0.00055631733
20271,0.0014297154
20272,0.00024270723
20279,0.00016701978
20290,0.94297874
20292,0.00027471228
20293,0.00017838931
20294,0.00043039193
20295,0.0014961795
20296,0.0006897427
20297,0.9938998
20306,1.2114371e-05
20308,0.011276797
20313,0.00029814232
20318,0.00048016815
20319,0.9974425
20324,0.00031596
20326,0.9937197
20330,2.456877e-05
20332,0.99986744
20335,0.9999465
20339,0.0017398703
20343,0.99345857
20348,0.055560824
20349,7.929837e-06
20352,0.90262413
20355,0.00013343427
20356,0.003544583
20361,0.00058452063
20362,0.00019343954
20363,0.00593938
20369,0.0003145795
20380,0.99273103
20381,0.9974963
20382,0.000384873
20384,1.6695609e-05
20385,0.00023308318
20388,0.00012864327
20390,1.1735186e-05
20398,1.8160083e-05
20409,0.0006115839
20415,0.99929214
20416,0.05264544
20426,0.00025919976
20430,3.0543797e-05
20436,7.866613e-05
20444,8.980841e-06
20454,0.00018872565
20460,0.00072465447
20461,0.9939884
20465,0.9998056
20468,0.0005069434
20472,0.99810433
20475,0.0017349313
20479,0.00028446858
20482,0.08321366
20487,0.00042784752
20488,0.056173313
20490,5.3897376e-05
20493,0.00026558657
20501,7.0977453e-06
20502,0.0014868822
20506,0.00045972926
20512,2.4269462e-05
20514,0.97924906
20516,5.8102243e-05
20522,0.003120872
20524,0.0004437509
20526,0.0005362769
20528,0.99854666
20535,7.205982e-05
20536,0.001206287
20539,0.0009798039
20541,0.00068243756
20542,0.000261273
20543,0.07459861
20545,7.187466e-05
20550,0.9985316
20551,0.0006868162
20558,0.0010395215
20559,0.00086900586
20566,0.99977833
20570,0.9988649
20576,0.0002558232
20579,0.9998853
20580,0.00067530235
20588,0.00022336822
20589,0.0002462479
20600,0.015931536
20602,0.00053036166
20606,0.00051123474
20608,0.00048367982
20617,0.99980694
20623,0.9985468
20624,0.09788792
20628,0.9996933
20630,0.99897516
20631,0.00044828674
20632,0.0018688892
20642,0.00058752677
20644,0.0020476962
20646,0.0005929371
20647,0.00065738667
20654,0.00055475003
20670,2.0793595e-05
20671,0.00055412465
20674,8.1825245e-05
20681,0.0011018625
20688,2.2513173e-05
20691,0.00056401716
20701,0.0009917524
20716,0.0002623671
20718,0.9919791
20725,0.00145152
20728,0.00030254794
20729,0.00053757965
20731,0.89007866
20737,0.0005297897
20738,6.6000434e-06
20739,0.0006963103
20740,0.0006630904
20749,2.3186061e-05
20752,0.00020362648
20754,2.6406628e-05
20758,1.72675e-05
20763,0.0017802488
20767,0.9997404
20771,0.00011941989
20789,0.00043485282
20793,0.8576038
20794,0.00056527945
20795,0.99963295
20796,0.8979976
20806,0.00037765916
20809,0.99840444
20810,0.00024208183
20815,2.1461276e-05
20820,2.559032e-05
20823,0.00057425257
20826,0.99947983
20831,0.9998518
20832,0.99900997
20833,0.00020679558
20836,0.99829406
20837,0.0001540079
20839,0.99925846
20840,0.00037019598
20843,0.99966776
20848,0.9995746
20856,4.3859418e-05
20859,2.2846401e-05
20864,0.0005759307
20866,0.00021968278
20872,0.00019011307
20873,1.5551905e-05
20876,0.000814622
20882,0.00013331407
20884,0.00028843866
20885,0.000265659
20886,0.9998801
20887,0.99974376
20893,9.481991e-06
20899,0.00019921352
20904,2.3906905e-05
20908,0.00070313195
20910,0.0027463653
20918,2.4103438e-05
20923,0.00044596303
20926,0.993411
20929,0.9974974
20942,0.00019334108
20946,0.00027329844
20956,3.805935e-05
20958,6.92654e-06
20961,0.99977523
20966,0.00026229108
20973,3.5579553e-05
20974,0.0003188824
20975,2.6494067e-06
20977,0.00035828684
20980,2.4231096e-05
20981,0.00039690462
20992,0.001415328
20996,0.9992162
20998,0.00064751273
20999,0.020794423
21007,0.00026296917
21010,0.99918526
21013,0.008829384
21015,0.0001524751
21016,9.7200755e-06
21017,0.00072894146
21020,0.9986004
21024,9.640232e-06
21045,0.040997885
21053,0.0010465044
21056,0.00013989022
21059,0.99828964
21060,0.0047502583
21061,0.0008923524
21064,0.000994493
21072,0.0005739535
21078,0.0010235987
21088,0.9973002
21091,0.00028087618
21092,0.0016108542
21094,8.214493e-05
21099,0.008323108
21104,0.00027202957
21109,0.0025033215
21115,3.678083e-05
21119,4.9406344e-06
21123,0.80751246
21134,1.6357413e-05
21146,0.0008784897
21147,0.09000338
21150,0.68634695
21152,0.00013209991
21165,0.1141218
21166,0.0019775832
21168,0.00036694322
21169,0.9987386
21179,0.00010833482
21181,8.039748e-06
21186,0.00043166667
21191,0.0018076848
21195,0.08034982
21201,0.9952975
21206,0.00019802326
21209,0.93960255
21214,0.00022613168
21215,0.00052840536
21221,4.2090346e-06
21222,0.0027038904
21225,0.00038341788
21227,0.006958205
21228,0.0031232433
21230,0.9978484
21233,0.0011390282
21236,0.9982147
21237,0.00047819357
21238,0.00043818654
21240,0.9979056
21241,0.0028490913
21245,0.08056795
21246,0.9989901
21247,0.0036664929
21252,0.09089985
21253,0.9894192
21258,3.129008e-05
21261,0.00011276651
21266,0.0013171918
21275,0.00029372072
21276,0.0018787162
21277,0.9957605
21278,6.6007547e-06
21282,0.9251611
21285,5.2982864e-06
21287,0.00011802607
21289,0.00029983182
21301,9.629977e-06
21306,6.3686864e-05
21308,0.995542
21312,0.9991449
21314,0.0002757459
21318,0.00020563081
21319,1.960167e-05
21321,0.994437
21322,0.09675245
21328,0.06845603
21331,0.87907803
21337,0.00010540675
21346,0.0006890387
21352,0.99968314
21359,0.00070606195
21364,0.0028001827
21365,0.000277622
21366,0.000338798
21367,0.9969324
21368,0.00019453211
21372,0.0006992085
21378,0.087689415
21390,0.0007555266
21394,9.443146e-05
21396,0.9997013
21399,0.00053966325
21401,8.166241e-05
21402,0.00029413434
21404,0.0006615013
21405,0.9987356
21410,0.9984785
21412,2.4881996e-05
21413,0.9995034
21417,0.0008383048
21419,8.2871975e-06
21420,1.9147954e-05
21423,9.23146e-06
21428,0.0018551685
21429,2.3249709e-06
21441,0.00018852277
21448,0.00042663995
21451,8.46647e-05
21455,0.00013341925
21459,0.9995555
21465,0.9975793
21468,0.00015268824
21471,6.0682818e-05
21478,0.00012625576
21485,0.0006855838
21492,0.00043789778
21509,0.00014166576
21513,0.00040809758
21516,0.99469084
21523,0.9982917
21524,0.99240315
21529,2.300392e-05
21531,0.0008161581
21532,0.99844533
21536,0.005481177
21538,4.8539758e-05
21550,0.9998179
21558,8.365387e-06
21564,0.00043027214
21567,0.99521494
21571,0.84475964
21573,4.2156782e-05
21575,0.05520084
21581,6.218355e-06
21591,0.0002729409
21593,1.6931406e-05
21602,0.002807681
21605,0.9939879
21617,0.0011103696
21619,0.0005231161
21625,0.99965703
21627,0.0009506195
21629,0.00015297839
21630,0.00036101756
21631,0.0012717526
21636,0.00028246033
21637,0.061709125
21642,0.99895644
21646,0.00051959575
21647,0.00024296467
21652,0.0005849336
21654,0.00031313454
21657,0.998865
21664,0.00053253956
21676,0.0017136134
21683,0.00013957205
21690,0.00012235588
21695,1.0749358e-05
21699,0.0040892893
21701,0.00017575781
21707,0.07296195
21708,0.00018671274
21719,1.6131948e-05
21720,0.010740294
21724,0.99938285
21737,0.9994011
21743,0.00023191494
21744,0.1773828
21746,0.99783653
21750,0.001045596
21758,0.0011878308
21762,0.0007555122
21770,0.0007808581
21772,0.0005685881
21775,8.440981e-06
21786,0.9994326
21787,0.00043918725
21796,0.99980503
21799,0.99757105
21805,5.9132424e-05
21816,0.00022758261
21820,3.0074976e-05
21826,0.99951744
21834,0.00023199766
21835,0.0002733391
21839,5.582037e-05
21841,0.00035596255
21851,0.00068597106
21854,0.00023844597
21855,0.0007390618
21857,0.00010417279
21863,0.00021095545
21866,0.00013155636
21867,0.9995478
21868,1.1211743e-05
21872,4.869059e-06
21874,0.00014842932
21875,0.0005770092
21877,3.97129e-05
21889,0.99815685
21890,0.0010345101
21891,2.644791e-05
21894,0.00010092291
21897,0.00016655937
21898,0.9963198
21900,0.04459203
21905,0.99897766
21907,0.000674276
21910,0.00019153484
21911,0.00028811267
21912,0.0001918439
21915,0.9986934
21919,0.0006517295
21922,0.99911267
21934,0.99624145
21935,0.00023290969
21942,0.0010310241
21943,0.00033897976
21952,6.955858e-05
21954,1.0141339e-05
21956,0.0003319077
21964,7.434165e-06
21966,0.11408433
21968,0.00032603426
21970,0.9997781
21971,0.99876213
21974,3.5479567e-05
21976,9.8232056e-05
21977,0.0002943063
21982,0.06943621
21983,0.00061393686
21991,0.99861
21992,0.00021174237
22003,0.9995432
22006,0.0005288167
22009,0.005251219
22010,0.0005217268
22011,0.00022628436
22015,0.036388118
22017,0.00020312268
22019,0.9989936
22025,0.0030169196
22027,0.014289005
22028,0.9995561
22034,0.0006696351
22035,1.0396911e-05
22040,0.9997595
22047,0.000118110285
22053,3.9874103e-05
22064,4.914169e-06
22065,0.00018485576
22067,0.0061350153
22068,0.00037047558
22072,2.0866419e-05
22073,0.00046731712
22077,0.0003696809
22081,0.0685296
22087,3.7344067e-05
22090,0.99758935
22100,0.00073854154
22102,0.9993222
22105,5.6684006e-05
22107,0.06411544
22112,0.05754181
22117,1.1506597e-05
22118,0.00061353215
22119,0.00036610969
22121,0.000291529
22123,9.361251e-06
22126,0.0006415723
22131,0.00017718808
22147,0.00022954217
22158,0.99809307
22169,0.00020222466
22170,0.00018291657
22178,4.6197212e-05
22181,0.0021451244
22185,0.7977297
22189,0.0013392849
22193,1.5594616e-05
22196,0.00063013803
22200,0.9998698
22211,0.0009623694
22212,0.0035579079
22213,0.002623752
22221,0.00015844422
22223,5.8511978e-05
22224,1.3370996e-05
22231,0.00023250098
22233,0.0019678937
22234,0.99943537
22239,8.520629e-06
22241,0.001288885
22244,0.0909295
22245,0.9991499
22247,0.00019166179
22250,0.00022875737
22252,5.935519e-05
22254,6.024852e-05
22257,0.00025450363
22259,0.9996506
22268,0.00028491943
22269,0.00019188489
22273,0.9957106
22279,0.00014186163
22283,0.9993393
22284,1.0255911e-05
22287,1.8103092e-05
22288,0.006914547
22293,0.0007488621
22294,0.9994392
22301,0.0006097642
22303,1.32201385e-05
22310,0.9997129
22317,0.00019259828
22318,0.0020213076
22320,0.0002835047
22328,1.6121397e-05
22337,0.00011237943
22338,0.9993187
22341,0.00064116553
22346,0.00050859264
22351,2.0645226e-05
22353,0.0003146926
22360,0.99904317
22370,0.92647576
22371,0.000716444
22372,0.0006855397
22377,0.999915
22382,0.00016397174
22387,0.000610104
22394,0.9987985
22401,4.8011763e-05
22402,0.09601926
22414,0.010284689
22415,0.07569309
22422,0.0002489791
22428,0.99970645
22429,0.88958836
22444,0.99992704
22449,0.12210991
22461,0.0023029156
22462,0.9918283
22467,0.14049456
22478,0.9998455
22480,1.717674e-05
22486,0.0002469151
22488,0.0012139035
22498,0.0003987523
22505,2.2321667e-05
22507,3.2404154e-05
22511,0.9982122
22517,0.00017026241
22518,0.00042961023
22521,0.0003321451
22533,4.9809946e-06
22538,0.9981536
22545,0.0002634397
22546,0.99970526
22551,2.6655744e-05
22557,0.0002509955
22561,0.000805773
22563,0.00020902832
22568,0.14811961
22570,0.9958346
22572,0.99980456
22576,0.99986875
22580,0.00032414123
22583,0.0018119412
22584,0.00030711028
22591,0.9984339
22592,6.6191174e-06
22597,0.0002499674
22599,0.002284676
22604,0.00033855636
22605,0.00017695034
22607,0.99405366
22613,0.9955409
22628,1.2377761e-05
22630,0.00045262038
22631,0.00021062886
22636,6.756963e-05
22637,0.00022009436
22640,0.9973552
22641,0.0005175679
22642,0.0025464236
22646,0.0008667504
22654,0.00015748026
22655,0.0005891128
22657,0.06539475
22664,0.00018340313
22666,0.069070205
22668,9.6072e-05
22672,1.9216663e-05
22675,6.244751e-05
22678,0.05615596
22679,0.00016540861
22680,8.42738e-05
22687,1.2948601e-05
22688,1.7275159e-05
22691,0.0004905994
22695,0.00024553377
22696,4.352513e-05
22702,0.999747
22703,8.942331e-06
22706,0.9986333
22708,0.00063357875
22713,5.4394245e-06
22715,0.06598959
22716,0.0008006854
22719,0.0023721321
22726,0.9994941
22731,0.00070403516
22736,0.00047486607
22738,0.07190418
22739,0.00025429067
22754,1.975224e-05
22756,0.00026300427
22758,3.350158e-05
22761,0.0011873574
22762,0.00016017578
22765,0.999668
22772,0.00013427885
22773,4.6027693e-05
22774,0.0005083544
22777,0.0005912362
22780,0.0003373829
22787,0.00052075123
22795,8.878498e-06
22807,0.99989784
22809,0.0016496652
22814,0.999788
22820,0.9992853
22823,3.5128785e-05
22824,0.039810624
22830,0.0007729197
22831,0.99885595
22832,0.0012582851
22835,0.00064105
22846,0.00021765853
22855,0.00011960371
22857,2.6952537e-05
22858,0.0004519564
22868,0.0042958194
22869,0.9990916
22872,9.080301e-06
22875,0.0036643092
22876,0.0012619982
22877,1.7028971e-05
22885,0.0004879125
22886,0.00083875866
22887,0.0005352798
22890,0.00034439962
22891,0.0005964146
22892,7.902018e-05
22898,0.9997075
22899,0.00010514594
22909,0.0082387
22910,0.0004237268
22912,0.99602664
22919,0.0002314802
22926,0.00042203892
22935,0.99956495
22936,0.9995117
22937,2.4157907e-05
22941,2.2440008e-06
22942,0.06920462
22943,0.0012270941
22945,0.0015117122
22951,0.0005213067
22952,2.4696279e-05
22953,2.1099358e-05
22955,0.006060738
22957,0.99787855
22962,0.00015269726
22970,0.00015618865
22977,0.99946266
22985,0.00038425418
22995,0.99283385
23000,0.0007442619
23015,0.00043448532
23018,0.000274623
23019,0.0019633567
23022,6.2026535e-05
23023,0.11079935
23024,0.00014873846
23025,0.00053211313
23026,0.00028087726
23028,0.0005047481
23034,0.9993445
23036,7.440296e-05
23039,0.077389866
23040,0.001483933
23041,1.9328612e-05
23042,0.00024373383
23043,0.00039869512
23054,0.0012589428
23055,0.9944665
23058,1.9789968e-05
23059,0.9994023
23062,1.1671112e-05
23070,7.1484625e-05
23071,0.95661855
23073,0.919594
23076,9.923181e-05
23079,1.05174395e-05
23080,0.00014968046
23081,8.7336775e-05
23086,0.0004948477
23094,0.00025009946
23104,0.000532395
23106,0.00083950633
23107,0.004628202
23109,0.00025350708
23111,0.00057580497
23112,0.99969804
23116,0.0010439318
23119,0.99923575
23122,0.9988728
23124,0.9989403
23125,0.00026407038
23128,0.00044858898
23132,0.9956039
23135,0.00018292581
23136,0.9985973
23140,0.07748728
23143,0.00040416195
23145,0.0016113603
23150,0.0003070491
23151,9.30294e-06
23154,0.0005361885
23155,0.065263405
23159,0.9989743
23167,0.0013006576
23168,0.0010896216
23172,6.849442e-05
23173,0.0001568504
23176,0.0011376787
23177,3.601724e-05
23181,1.8418583e-05
23188,0.9998473
23192,0.0010663413
23197,0.001817585
23198,4.0693954e-05
23199,0.9996495
23204,0.0004309104
23205,0.99916327
23208,0.00022358405
23214,0.8963286
23218,0.9996972
23222,0.00013485973
23224,0.00023465857
23227,0.99875474
23234,0.00028389608
23245,0.00078855926
23246,0.00021488198
23251,1.7470791e-05
23252,0.9994879
23256,0.9998338
23257,0.07947759
23271,1.5679721e-05
23273,0.0001323714
23274,6.286726e-05
23277,0.07381152
23285,0.99910223
23286,0.0002513092
23287,0.00017086854
23293,0.00026782093
23298,0.9996693
23300,0.998744
23312,0.9960995
23314,0.99181235
23315,0.0006172009
23321,0.9592572
23323,0.0027729757
23326,0.00038880188
23332,0.00035720962
23337,0.00036120866
23338,0.05900767
23340,0.0075662015
23346,4.0893997e-06
23348,0.00038873794
23353,0.0009253954
23355,0.0014574517
23356,1.0885198e-05
23362,0.0002739065
23363,0.00059746316
23364,0.85525614
23368,2.3012126e-05
23370,1.2672157e-05
23372,0.9934776
23379,0.99981886
23386,9.304334e-06
23392,0.00012516182
23402,9.394806e-05
23406,0.9991549
23408,3.9522965e-06
23411,0.99904364
23412,0.0021450866
23420,0.9981243
23422,0.00072633487
23426,0.00083420466
23429,0.00013385237
23434,8.199793e-06
23435,0.0020968474
23436,0.00024909948
23438,4.846164e-05
23439,5.8003325e-06
23441,0.00015119223
23442,1.4816381e-05
23444,0.999931
23454,0.00036052766
23455,1.036358e-05
23459,0.0006509927
23461,0.9992256
23469,0.0005909785
23472,0.9986987
23475,8.215989e-05
23484,0.0005842511
23488,0.00033219391
23491,0.011360263
23495,2.6768566e-05
23498,0.00024462945
23500,8.7879715e-05
23503,0.00030799667
23504,3.1059648e-05
23506,0.9887326
23507,0.00013472709
23508,0.00043693956
23509,0.00016174633
23517,1.5461932e-05
23519,1.8316727e-05
23526,0.0001765112
23529,0.00066017406
23532,0.00012541893
23539,0.00022092041
23547,0.99626863
23552,1.7854143e-05
23553,0.8722895
23556,0.00024029575
23557,0.9994444
23559,7.087056e-05
23562,0.00042835253
23563,0.00020758717
23573,0.0002150152
23576,0.0016416939
23580,0.9991135
23587,0.0031289628
23588,0.8716933
23589,0.06516751
23600,0.00013422008
23603,0.9840109
23605,8.228771e-06
23611,0.99860126
23614,0.00018605732
23618,0.000108615866
23619,0.0023862761
23632,6.726226e-05
23635,0.9959066
23641,0.00037623095
23642,0.10190119
23652,0.9982406
23653,2.383797e-05
23656,0.9992337
23665,0.00023317608
23666,0.00040063055
23671,0.00015048072
23678,0.0008651208
23681,0.10122615
23688,0.00023969577
23690,0.0024595323
23691,0.00029274586
23693,7.1466357e-06
23695,0.00020417685
23698,0.0010505444
23699,0.9994562
23711,0.00062246155
23714,0.0007269931
23717,4.5009343e-05
23719,5.4368742e-05
23726,8.984051e-05
23733,0.0024090025
23736,0.99980634
23738,0.0012701136
23741,0.99984133
23750,7.254867e-05
23753,0.99950576
23754,0.9998253
23755,0.00049751
23758,0.00021821917
23761,7.862886e-05
23764,0.9993505
23770,0.0001250491
23775,0.9993542
23779,7.3324525e-05
23791,0.0002864283
23793,0.0010535873
23799,0.00012756331
23801,0.00054033
23802,0.00014316947
23805,0.00015656499
23806,0.000311764
23812,0.0008892272
23814,0.13807912
23835,0.007342913
23840,7.949486e-06
23841,0.0008409659
23848,0.99993205
23851,1.064387e-05
23861,0.00025610946
23864,0.00031431566
23868,0.9992223
23872,0.9994336
23880,8.014409e-06
23883,0.00019101324
23887,0.11771587
23892,0.00018524198
23906,0.001316438
23909,0.9998209
23917,0.00020307775
23922,0.00013426116
23925,0.0005298273
23929,1.58706e-05
23930,0.9998235
23949,0.04479859
23960,0.99930286
23964,3.4255354e-05
23967,0.00017153211
23974,1.4616142e-05
23981,6.535057e-06
23986,0.0004997937
24000,0.059543267
24003,0.00013114617
24005,0.0009877976
24008,5.4826236e-05
24009,0.9991523
24010,0.00010160523
24013,2.8838604e-05
24014,0.004570303
24017,0.99949396
24020,7.638422e-05
24021,0.00037761778
24022,0.00019231313
24023,0.99887353
24027,7.379479e-06
24031,2.4068204e-05
24034,0.99846315
24035,0.00056316867
24043,0.00012372648
24049,4.3592794e-05
24050,1.9988365e-05
24053,0.00024572885
24054,0.9995809
24057,0.9955391
24059,0.086371236
24062,0.00020373095
24063,0.054428283
24064,0.00016303072
24065,0.9997911
24069,0.0005532251
24071,0.00018672593
24075,0.9996619
24076,0.00019879628
24077,0.0026610508
24080,0.00042115516
24082,0.0006765585
24085,2.3147928e-05
24102,0.00030342376
24110,0.0012071318
24116,0.9989755
24118,0.12006743
24119,3.1887463e-05
24120,0.00021394792
24122,0.8065701
24123,0.9989674
24124,0.00020783949
24126,8.664447e-06
24129,0.00055536506
24130,0.99994063
24143,0.0026844034
24146,0.00026167012
24149,0.00015467264
24154,0.00018157817
24157,0.004433418
24159,0.0020316842
24164,0.99788576
24166,0.00028593745
24172,2.333751e-05
24180,0.9982261
24182,0.0007700991
24183,0.0006538196
24184,0.00039085365
24185,0.0002810463
24190,4.2174393e-05
24193,6.569612e-06
24199,1.116257e-05
24200,0.00033762824
24203,0.00023733142
24204,0.9998337
24207,0.99599576
24217,0.99857795
24222,0.0005161628
24233,0.0009237023
24237,0.0007865154
24240,1.46015545e-05
24242,0.9995702
24248,0.0005871858
24252,0.99992573
24255,0.00010733513
24272,0.99827385
24276,0.0005444335
24279,0.072772615
24280,0.00022685448
24281,0.00014401329
24282,0.9992755
24294,0.00023137737
24295,0.9999218
24308,0.000119243865
24311,0.00081498147
24313,0.00022811006
24314,0.00015178128
24317,0.99935955
24318,0.99975973
24319,0.00027534922
24321,0.0008434528
24324,0.8789575
24325,0.00044968585
24331,0.00015170575
24334,0.07117615
24342,0.00019698545
24345,0.9997106
24352,0.0002471473
24355,0.0005515844
24362,0.00044339552
24365,2.1450573e-05
24366,2.5056295e-05
24367,0.00014881649
24368,0.98761743
24371,4.1057447e-05
24373,1.3038712e-05
24381,6.599643e-05
24383,0.062150184
24385,0.99932873
24386,0.00024307682
24387,5.427341e-06
24392,5.928725e-05
24397,0.0011856898
24399,8.383437e-06
24400,0.99897873
24401,1.2098959e-05
24402,0.1226915
24403,0.00018881331
24406,0.99989283
24412,0.1302975
24417,0.99935776
24425,0.0003255497
24426,0.00027004446
24432,0.99951196
24433,0.018253513
24434,0.10476255
24438,0.0005357455
24446,0.00011016529
24465,7.2009493e-06
24466,0.99858177
24469,0.99865013
24475,1.8343157e-05
24478,4.221612e-05
24479,0.99922955
24480,0.0031370153
24482,0.9992124
24491,0.00016478883
24493,0.0029151386
24502,0.00079534936
24504,0.99960214
24507,0.9998752
24516,0.99945027
24521,0.99986804
24522,0.9956449
24526,8.523906e-05
24541,0.00021665392
24548,0.0006856142
24556,0.00020606536
24559,0.00015692056
24563,0.07132753
24566,0.0024928795
24571,4.73922e-05
24572,0.00015022267
24573,0.9906126
24574,0.9997297
24576,0.00014157582
24579,0.0008928282
24586,0.00028247756
24594,0.00026850333
24601,0.00063296914
24611,0.0005202256
24613,0.9961578
24616,0.050322756
24621,0.0001803608
24639,0.00017081105
24644,0.104570985
24649,0.001681041
24650,0.98553383
24655,0.99755496
24659,0.00034293902
24663,0.90429485
24669,0.00060217304
24671,0.99937975
24684,0.99985623
24688,0.0008857872
24690,0.00039314845
24691,0.14233764
24694,0.0006671507
24695,0.99819285
24697,0.00016580385
24700,0.00023334223
24708,0.00019899936
24710,0.00024154581
24718,0.0012686718
24722,0.0010889305
24726,0.0006892705
24727,7.9665486e-05
24728,0.99714786
24732,0.0015146306
24740,0.0001928938
24741,0.000104170605
24746,0.99630356
24750,0.00046851116
24754,0.9999281
24758,0.0026644075
24762,0.00023840666
24768,0.00045182096
24774,0.99842024
24779,0.0061055315
24781,0.00045365834
24783,0.9989813
24786,0.99979967
24787,0.0012035685
24791,1.465613e-05
24798,0.00019607494
24799,0.9999342
24800,0.9994517
24801,2.1135871e-05
24802,0.051606108
24812,0.0012224539
24816,1.786121e-05
24822,0.0006023323
24823,0.9019413
24824,0.00011391309
24826,0.00027351818
24827,0.00023546607
24836,0.000119631084
24840,0.00024773594
24842,0.00015654827
24844,0.00031349118
24845,0.9989379
24855,0.0009584671
24869,0.0002363444
24871,0.00020223913
24873,0.00081540446
24874,0.0005523913
24884,0.00028875232
24885,9.887288e-05
24887,0.11500577
24889,0.9994942
24890,0.00041365685
24906,1.6935734e-05
24907,0.00041899813
24908,0.0005281538
24911,5.6940433e-05
24914,0.02215186
24915,0.07954149
24922,0.99385566
24927,0.11772795
24932,0.00037818824
24938,0.9994326
24939,0.017166432
24944,0.99977297
24948,1.8517934e-05
24952,0.9973477
24954,0.99924904
24955,0.0019506856
24957,0.00038821524
24958,0.78286576
24963,4.7142526e-06
24965,0.00030705202
24968,7.473839e-06
24971,0.9997476
24974,0.00094947894
24975,0.0008143197
24978,0.0006927648
24980,0.9886807
24981,0.0010830815
24983,0.107600234
24993,0.00053901214
24994,0.00035442942
25001,0.0005861483
25005,0.04479966
25010,0.00016832983
25014,0.04893871
25015,0.00029951983
25022,1.4863196e-05
25025,7.0736014e-06
25027,0.00020367191
25028,7.997154e-06
25036,6.598019e-05
25037,0.000946227
25046,1.0583857e-05
25055,0.00042645494
25057,2.1029913e-05
25059,5.3573826e-06
25064,0.9940195
25066,0.9991609
25071,0.0014117077
25072,0.00047636626
25073,0.9971624
25078,2.3480763e-05
25079,0.99990916
25081,0.9996018
25083,0.00082879426
25101,0.00018275653
25102,0.99928087
25104,0.0038855895
25107,0.0011578613
25109,0.00090215914
25111,0.0003072945
25140,4.135525e-06
25144,0.99849534
25148,0.00033119367
25150,1.1901119e-05
25151,0.0010133577
25152,0.0015952452
25153,0.0003322791
25158,1.0211603e-05
25163,0.00020286972
25174,8.0894555e-05
25176,3.0015291e-05
25195,0.07738454
25199,0.00020595574
25201,0.9974421
25210,0.00022273023
25211,0.11344945
25214,0.00018317279
25224,0.0002253983
25225,0.99980587
25227,0.9933961
25228,0.9902408
25230,0.0021891075
25235,0.00034194608
25236,5.5216766e-05
25241,0.9993318
25252,0.00022571035
25254,0.9936905
25256,1.480107e-05
25265,0.00091861584
25271,5.1626157e-05
25272,0.9874866
25274,7.4955795e-05
25279,0.9996966
25280,0.9985897
25282,0.00071583764
25283,0.00026830012
25285,0.00016694033
25288,0.0001139822
25292,0.0004223176
25297,0.0011394509
25300,0.00027871624
25317,3.6933e-06
25322,0.9995877
25323,0.99995244
25334,5.334685e-06
25340,2.0310315e-05
25344,0.24535319
25350,0.00024191041
25351,0.11522588
25355,0.000428393
25359,0.0043145977
25363,0.9991447
25367,0.101846896
25371,0.0009717192
25378,0.00023281932
25382,0.00065484265
25394,0.0063304817
25396,0.00055198756
25403,0.0008839618
25405,0.9996214
25406,9.629818e-05
25407,0.99994874
25408,0.99466264
25422,0.0009672025
25423,0.00058341137
25431,0.0010143119
25433,0.0014263537
25434,0.00024290029
25436,0.00015865375
25437,6.417575e-06
25438,0.00019126928
25440,0.9969567
25462,0.0006429848
25463,0.00016178736
25466,0.00021103029
25471,0.00043483565
25472,0.068713665
25478,0.00020582147
25479,8.183646e-06
25482,0.0003010084
25493,0.00026408472
25502,0.00030176956
25507,0.0018500165
25509,0.0005925902
25510,0.13255444
25511,0.0041765287
25512,0.00040788116
25518,0.9910946
25519,0.9996245
25522,0.0011732426
25526,0.0002891584
25529,0.00022280181
25531,0.00015013087
25534,0.0012118142
25537,0.003750217
25541,0.00031227563
25545,0.0003154712
25547,6.1372702e-06
25548,0.00029896066
25552,0.00084671774
25556,0.000568139
25560,0.0003409937
25566,0.0648295
25567,0.00018756317
25568,0.0001414541
25571,4.2728916e-06
25573,0.0002709055
25575,0.07738912
25577,0.0012355366
25579,0.99935895
25586,0.00017918252
25594,0.00074237626
25595,0.999516
25598,0.9997359
25599,0.0004971848
25605,0.00011456189
25608,0.00027453058
25609,0.00027073768
25613,2.8237333e-05
25614,0.0006616886
25617,0.0006791636
25621,0.99950445
25623,0.0001820523
25624,0.0047796546
25635,6.911234e-05
25636,0.00071618083
25637,0.00031103395
25638,0.00020367134
25640,0.00047399188
25642,0.022313023
25643,1.8622297e-05
25644,0.00046246446
25646,0.00023654773
25649,0.010518054
25655,0.00084816397
25663,0.99169207
25666,0.00024030171
25667,9.622871e-06
25672,0.00202548
25673,0.0004875129
25676,0.00035127765
25679,9.260921e-06
25681,0.99672085
25690,0.9998629
25692,0.00035139773
25710,0.06282954
25711,0.00031538578
25713,0.9978605
25720,0.00039923214
25722,0.9988269
25729,0.000280351
25731,0.0006918863
25738,0.9998186
25740,0.00014943603
25743,0.00019826529
25748,0.029390221
25750,0.99808145
25753,0.00018874023
25755,0.00056099036
25757,0.00034203753
25759,0.00027444813
25770,0.9996513
25771,0.00017213737
25772,0.07661499
25776,0.0009972388
25779,0.9999398
25781,0.00010987489
25785,0.9926757
25803,4.546988e-05
25808,0.01127506
25812,0.00014162416
25819,2.1757613e-05
25824,0.0005624648
25831,0.9996929
25836,0.00020244942
25837,7.116536e-05
25858,0.00043543233
25860,0.00037219623
25862,0.0013537775
25865,0.9977539
25866,0.00023565676
25870,0.78825855
25871,0.99940205
25887,0.99974567
25889,1.1125692e-05
25895,5.9072456e-05
25896,0.8635167
25906,0.99928147
25914,2.4432995e-05
25915,3.5800887e-05
25920,0.0003457232
25922,0.999637
25924,1.3733291e-05
25926,0.00029654405
25927,0.0016965558
25938,0.0008541971
25939,7.854837e-05
25943,0.0005339994
25944,0.00014998278
25945,0.9999449
25954,4.0637524e-06
25959,5.849864e-05
25968,0.9936752
25969,0.83936894
25970,0.88546765
25971,0.99967194
25972,0.9971023
25975,0.0016557572
25977,0.00017567335
25979,0.00054555136
25988,0.00036046904
25990,0.00028634313
25995,0.10337064
25997,0.00082762714
26004,0.9990797
26007,0.00012927483
26011,0.99736017
26019,0.0007435374
26020,3.092352e-05
26021,0.00057415076
26024,1.823095e-05
26032,0.00024233795
26033,0.00049564365
26035,0.0002689645
26037,0.00066267344
26039,2.0840309e-05
26042,1.7111897e-05
26048,7.1451977e-06
26052,0.9992939
26054,0.00041090924
26056,0.00012044997
26059,9.004335e-05
26061,0.99938667
26064,0.9995579
26065,0.0005865758
26071,0.0005716466
26073,0.9993837
26075,0.0003689697
26076,0.0003254833
26077,0.00023800351
26078,0.03354722
26091,0.0014340415
26092,0.00026509757
26100,0.00028835947
26104,0.99437815
26107,0.0003374178
26114,9.9222925e-06
26117,9.682476e-06
26119,0.0017220662
26121,0.00026763152
26127,0.9984799
26128,0.00030500852
26131,1.1319155e-05
26132,7.721794e-05
26133,0.9941637
26134,0.0011596775
26137,0.00017738297
26140,0.0004041928
26141,0.7474101
26154,0.99864465
26156,1.01985315e-05
26157,0.00026274085
26158,0.0009479355
26160,0.9974655
26162,0.99973196
26165,0.0023013602
26173,8.6561784e-05
26175,0.00035288493
26177,1.0218305e-05
26183,0.00017283719
26189,3.7050708e-05
26200,0.00044383615
26205,0.00014902935
26216,1.484713e-05
26220,0.00013877447
26222,0.00021190211
26229,0.84479296
26237,8.2400926e-05
26239,0.00032592984
26246,0.999241
26248,0.00033793997
26255,8.381486e-06
26259,0.99831545
26261,0.99962676
26263,0.9997739
26276,0.99955684
26277,6.047099e-05
26279,0.0985857
26285,0.00013888012
26286,5.334461e-06
26290,0.00095101394
26291,0.0037508458
26292,0.039715182
26295,0.00093816966
26296,4.5156463e-05
26300,0.9791782
26301,0.9906228
26307,0.99539304
26308,0.7359252
26313,0.9979989
26319,0.00016457228
26332,0.0006737817
26333,0.00028619845
26337,0.00024511555
26339,0.00016634019
26342,0.0008793364
26344,0.999432
26347,1.0387328e-05
26348,0.0010992184
26353,0.99922705
26354,1.0839949e-05
26357,0.0006066048
26369,0.00046163073
26371,0.043164235
26374,2.2540307e-05
26375,0.00044653876
26388,0.03123559
26392,0.00019545485
26394,0.00027904275
26409,0.0006136169
26415,3.704131e-05
26419,0.0005992776
26422,0.00014827243
26430,0.9993593
26431,0.0005850089
26441,2.7109241e-05
26445,0.00021428027
26448,0.00086111313
26459,0.9964719
26462,0.0030117736
26465,0.0015662549
26466,5.091148e-05
26468,0.99943894
26469,0.00024357911
26470,0.00030787542
26472,0.046342872
26473,0.9997708
26476,0.00057511305
26477,1.8264936e-05
26481,0.0010235353
26482,0.9994524
26483,0.00012580653
26492,0.99995756
26499,0.00043838852
26500,0.00010946024
26505,0.00037034016
26507,0.07255346
26516,0.80118936
26518,0.00022411808
26519,0.9990791
26523,0.9991561
26526,0.0044527804
26534,0.06780319
26539,0.0008072162
26543,0.00016187824
26545,0.99954104
26551,0.179144
26553,7.2850584e-05
26556,0.000538326
26559,0.0013936893
26560,0.00043121612
26565,2.1266078e-05
26568,1.1485327e-05
26570,0.9999521
26575,0.00072651176
26576,0.9977095
26579,0.06745476
26582,1.6538472e-05
26583,0.9854742
26588,0.9947759
26592,0.00018628953
26594,1.20061095e-05
26601,0.0012397146
26604,0.9997087
26606,0.9968484
26607,0.00023111013
26610,2.7667274e-05
26611,0.00046266222
26616,0.008786203
26621,0.9993142
26623,0.998793
26627,0.00015070128
26631,0.0010479969
26640,0.0021336642
26642,6.5667186e-06
26649,3.9599404e-06
26655,2.0776115e-05
26656,0.9988411
26661,1.581672e-05
26662,0.00015445496
26667,0.000456998
26669,0.9967217
26676,0.00014837738
26679,0.010137807
26684,0.00027697266
26687,0.99928826
26698,0.0015173706
26703,0.0007703714
26704,0.00021622817
26706,0.0024179227
26708,0.000110512396
26712,0.00042057483
26718,2.092904e-05
26720,0.99732876
26728,0.00057994685
26730,0.009464067
26731,0.00017125478
26734,0.9996662
26736,0.0024155614
26740,0.9995198
26744,4.3109445e-05
26746,0.9992537
26753,0.069580555
26759,0.00053767214
26760,0.0033271778
26761,3.27762e-05
26767,0.0003140395
26777,0.00022059942
26778,0.00017979229
26781,3.0031584e-05
26789,0.000110535155
26791,0.00023289393
26792,0.00163396
26794,0.9995272
26796,0.0006385515
26799,0.0009500758
26800,0.0006522988
26809,0.9971418
26814,0.0015819579
26818,8.7136095e-06
26820,0.00014895009
26822,0.9997024
26827,6.608043e-05
26829,0.00019742055
26830,0.001138871
26833,1.0644145e-05
26834,0.0002234611
26835,8.758106e-06
26838,0.9997209
26844,0.00019658655
26845,0.0001278034
26846,0.99752706
26848,0.0010430431
26849,0.99553525
26851,0.00046211304
26852,7.812213e-05
26858,9.960205e-06
26859,0.9994248
26865,0.00062823173
26866,0.0010382684
26869,6.4511754e-05
26880,0.9999436
26882,0.00013553163
26884,0.00018501887
26886,0.010970188
26887,0.00065617176
26888,0.0012313249
26890,0.00055550295
26892,0.0006637052
26898,0.001826994
26902,0.0003977542
26907,0.9987637
26909,0.00050184166
26917,0.9961112
26920,0.0037454613
26928,0.99993885
26931,4.7055706e-05
26940,0.0002053054
26944,0.99528354
26946,0.0007790687
26948,4.4979093e-05
26952,0.0005390448
26953,0.9991084
26955,0.0023062069
26958,0.00016058118
26959,7.9010904e-05
26963,0.9994622
26964,0.00038294864
26965,0.99985385
26970,0.00016254735
26975,7.717195e-06
26979,0.9982955
26981,0.0025432054
26983,2.2426282e-05
26984,0.0009508133
26996,0.00093318714
26997,0.98435634
26999,0.9997098
27014,0.0012172753
27023,0.86561435
27027,0.9895732
27030,0.0002943231
27032,0.00043153175
27034,7.680954e-05
27038,0.00015761005
27043,0.999949
27044,0.00038625483
27048,0.9994122
27054,1.590513e-05
27061,0.00029386888
27062,0.00017496191
27063,0.0075478232
27064,0.00037143147
27068,0.0010613803
27069,0.00052719744
27072,2.1116288e-05
27074,9.651997e-06
27082,0.0005558234
27083,0.011614456
27084,0.99769944
27091,0.00022488697
27098,0.00023497087
27099,0.9984744
27105,0.998752
27107,0.0005669076
27109,1.17614145e-05
27117,0.10316909
27124,0.04913394
27130,0.00018969228
27135,0.0009932043
27136,0.99928504
27142,0.00059424795
27149,0.000175633
27151,0.99651957
27153,0.11297786
27160,0.00013819346
27166,0.9997459
27168,9.009922e-06
27174,0.00092379743
27175,0.00024810518
27178,3.0636445e-05
27182,0.9997497
27186,0.00047324627
27195,0.9973441
27198,0.00021843753
27200,0.00014756186
27202,0.997895
27211,0.0044935285
27213,0.99974114
27214,0.00032244695
27217,0.004094219
27218,0.08255788
27219,0.9135723
27221,0.0024208666
27222,0.013621322
27229,0.0004047519
27232,0.9991536
27234,0.000371441
27237,0.99790514
27238,0.00021695076
27240,0.9992879
27249,0.00037848
27250,0.00018163827
27251,0.00042516517
27252,8.423757e-05
27256,0.00024118196
27258,0.0005912759
27260,0.00014331425
27265,0.00046632547
27267,0.0818353
27268,0.00011942605
27275,4.3306773e-05
27278,0.0003900011
27279,0.06730736
27281,0.0019501843
27287,0.907763
27290,2.0554839e-05
27307,0.0025904262
27310,3.735055e-05
27318,0.9991592
27322,0.0002139371
27327,8.0009915e-05
27345,0.0018122921
27351,0.99964035
27354,6.950493e-05
27356,0.0008615612
27359,0.005214753
27363,0.0002590429
27365,6.191939e-05
27370,0.0006131568
27371,0.00018691298
27373,5.1872266e-05
27383,0.99970573
27397,0.9870919
27398,0.9997813
27401,0.0007948141
27406,0.99911135
27409,1.1796439e-05
27410,0.0006573062
27413,0.00062001887
27415,0.9945269
27430,0.00013302924
27433,0.00021297057
27434,0.00094669545
27439,0.00049058464
27440,0.0005121646
27442,0.00041698827
27445,0.00043579127
27446,7.049634e-05
27447,6.723879e-05
27449,0.0025829673
27450,0.00017459827
27451,0.00016353876
27453,0.000239054
27459,0.999508
27462,0.9999075
27465,0.00015123347
27467,0.0012720211
27468,0.00038978236
27472,0.001148314
27473,0.00026084963
27476,0.9981345
27477,0.99782926
27482,0.00032451228
27483,1.1710122e-05
27484,0.0004009641
27486,0.00022185764
27490,0.00084425375
27500,0.9992829
27507,9.808556e-05
27509,0.99582845
27516,6.196659e-05
27521,0.00047940508
27524,9.976072e-06
27525,0.0011951056
27528,0.00028456489
27532,0.00044427827
27534,1.4821143e-05
27535,0.00018166183
27541,0.0032097846
27545,0.0017136802
27546,1.0752895e-05
27548,0.0027767904
27551,0.00029717403
27555,0.12413244
27561,0.9985734
27562,0.99935585
27566,0.00046551003
27573,0.0005173287
27574,0.9994772
27575,6.7150418e-06
27577,0.99963427
27579,0.9968918
27583,1.2989329e-05
27586,1.4693652e-05
27589,0.08948439
27595,6.707126e-05
27598,0.00024817284
27599,0.003070968
27603,2.9721386e-06
27604,0.9879858
27605,2.8542427e-05
27610,0.00048340188
27615,0.00017816696
27623,0.0001182957
27630,0.99943525
27633,9.93642e-06
27634,9.2096496e-05
27640,0.993893
27641,0.00042915423
27651,0.06728183
27656,0.0029377928
27658,0.99915826
27662,0.0019013743
27664,0.0006463964
27669,0.06431291
27673,0.00019833638
27687,0.0008022227
27694,0.9816403
27701,0.0005234041
27704,0.0009291273
27707,0.99646676
27708,1.4246852e-05
27711,0.9988206
27713,1.0290573e-05
27716,0.0048680017
27717,0.06630901
27719,0.00026658538
27720,0.00021806589
27722,0.00079131924
27723,0.0007024659
27726,0.00041121137
27728,0.009656125
27729,0.00050412375
27732,0.00011820053
27744,0.0018033029
27748,9.731799e-06
27750,0.00038692614
27760,0.9996394
27761,6.285621e-06
27763,0.0004249166
27769,0.00091019046
27786,0.00028026095
27793,0.9994006
27794,0.0002459677
27799,0.0011090112
27803,0.0005340142
27806,0.00016068564
27816,0.9997024
27817,3.9704264e-05
27823,0.0013025407
27825,0.999342
27826,3.160232e-05
27828,0.99985373
27832,0.8831646
27834,0.00023727959
27846,0.00018342953
27848,7.751719e-05
27849,0.9947471
27852,0.00038709308
27853,0.99870944
27854,0.0011799415
27857,0.94554144
27862,1.3356507e-05
27865,0.0017213164
27871,0.0011523251
27875,0.0011194225
27878,0.00011583394
27879,0.0004620591
27881,0.99937767
27882,4.234672e-05
27888,0.0003198491
27890,0.00021894046
27894,7.5594207e-06
27898,0.06303804
27902,0.00010997037
27905,8.457943e-06
27909,0.0003679935
27910,0.0002903288
27916,0.0006038242
27917,0.0002724033
27920,0.99928683
27921,0.00022139993
27922,0.00016594841
27923,8.589222e-05
27932,0.99936813
27933,1.7035614e-05
27935,0.9794462
27937,0.025571521
27943,0.00014549821
27951,0.0006591279
27954,0.0011617385
27957,0.00020339905
27959,5.6397865e-05
27960,0.000577301
27969,1.2457387e-05
27977,0.9996475
27991,0.00015468267
27993,0.99969673
28002,0.8521759
28005,0.00059609296
28011,0.0005965269
28022,0.00017391023
28024,0.000750491
28028,0.00060744915
28029,0.00084952085
28034,0.9985933
28035,0.0005392953
28037,4.2663618e-05
28039,0.00045289315
28045,0.0002799936
28058,0.99687445
28059,0.00061050244
28062,1.983053e-05
28063,0.0010648009
28064,0.9991196
28065,0.00053304515
28068,0.0001832395
28069,1.2008766e-05
28074,7.0519063e-06
28078,0.0017063218
28081,0.0001505321
28083,0.80281836
28085,0.00025150023
28092,0.0009814585
28096,0.99977297
28110,0.0004509133
28115,7.482289e-05
28121,0.9996997
28128,0.9993957
28132,0.00034407803
28136,0.00018518636
28138,0.9992205
28139,3.853665e-05
28140,0.00096899696
28141,0.00093499105
28146,2.367431e-05
28150,0.00064433896
28153,0.99980634
28156,0.00038773904
28159,7.945041e-05
28160,0.04337502
28164,0.9994824
28165,0.00063773285
28169,4.10578e-05
28174,0.99934536
28181,0.07838542
28188,9.287525e-06
28190,6.570023e-05
28194,0.007687353
28196,0.0004530339
28200,0.0010624987
28205,8.4643825e-06
28208,6.9676103e-06
28210,0.00041459722
28212,3.7731606e-05
28215,0.00021698489
28217,0.06824247
28218,5.637564e-06
28219,2.3648587e-05
28223,0.9996965
28225,0.9995571
28226,0.0007630389
28235,0.00023683885
28242,0.00027045107
28246,0.9986707
28248,5.6039758e-06
28249,0.00048605385
28250,0.9996172
28256,0.00041101934
28260,0.004475925
28266,0.07470339
28269,0.9981383
28270,0.9953296
28273,0.7736504
28276,8.076175e-05
28277,0.9998622
28278,0.99860567
28279,0.0015943084
28280,0.0007583452
28292,0.9984666
28293,9.4200135e-05
28296,0.9916038
28301,0.9996038
28310,0.00019746028
28316,1.6935153e-05
28321,0.0034615246
28322,6.191372e-05
28323,2.7144655e-05
28326,0.00020693938
28331,0.00021333253
28337,0.00047075146
28338,0.99930763
28344,0.0017449743
28348,0.00037291614
28351,0.009603183
28352,0.99975485
28361,0.0007514281
28362,0.00095250754
28365,0.99972886
28371,1.1574248e-05
28380,0.0006031432
28384,0.00034396615
28388,0.99938476
28393,0.0008691781
28394,0.00018267361
28396,1.5382013e-05
28397,4.8097772e-06
28402,0.94986194
28407,0.00019133442
28413,3.8925623e-06
28420,0.034106653
28421,0.00060478
28422,0.99991286
28423,0.99987364
28426,0.00026912996
28430,0.00044375935
28444,2.0604453e-05
28446,8.4479936e-05
28449,0.9982667
28451,0.000539945
28457,0.00017206714
28459,0.00048638912
28460,0.00088291
28461,0.99992454
28462,0.99482083
28466,0.0023410576
28469,0.00014076909
28470,0.102607794
28472,0.999951
28475,0.0007861325
28482,0.0791422
28483,0.0007496179
28488,1.2772836e-05
28490,0.00087316916
28492,1.779879e-05
28493,0.00042782875
28498,0.00089027674
28500,0.0033236376
28503,0.00044622028
28505,0.0006546152
28506,0.0001567565
28508,0.9978036
28509,0.0001290492
28513,0.07325314
28516,0.0014422066
28518,9.293105e-05
28532,0.04907396
28543,0.99889475
28547,0.00049204583
28550,0.00059943215
28551,0.9888236
28562,1.1850855e-05
28565,0.0005506764
28571,0.99857354
28576,0.00019484007
28578,0.00017036845
28579,0.000389279
28585,0.0001604237
28589,0.9982414
28597,0.99491286
28599,0.99951684
28609,0.00015902513
28614,0.00083758583
28637,9.34238e-06
28639,0.98205537
28644,0.0007303993
28650,0.99978787
28653,0.9993887
28656,0.00022829218
28658,0.11277544
28661,5.5489512e-05
28665,0.0015353354
28666,0.0017464352
28667,3.3993907e-05
28670,0.00051718886
28672,0.0007774886
28674,0.9999398
28681,1.4043592e-05
28695,0.0026013337
28696,0.9990829
28707,0.00023522486
28713,4.9106698e-06
28719,1.9764639e-05
28726,0.00040729463
28731,0.00053233455
28735,0.0001427432
28738,1.0950334e-05
28747,0.0003115459
28749,0.99871194
28750,0.00045579099
28751,0.00063170237
28752,0.0003648759
28759,0.99734616
28761,0.053117435
28763,0.0005135792
28767,0.99973124
28770,0.0015198049
28771,0.0031438058
28775,0.9994887
28776,0.08145519
28778,0.0004358561
28784,0.0034295649
28785,0.9991967
28789,6.897336e-05
28791,0.0008062634
28792,0.06395522
28794,0.11412541
28799,0.00044321676
28806,6.63574e-06
28813,0.00054518285
28819,0.00057373743
28822,0.1888234
28825,0.00040288235
28832,1.0689453e-05
28833,0.00015661068
28836,0.0005207431
28837,0.00012846527
28842,0.00026096677
28844,0.0001816019
28846,0.0001160025
28850,0.00021542665
28857,0.00016160512
28860,0.9973349
28868,0.000784595
28875,0.006783513
28876,0.0043991813
28878,0.9995931
28879,0.0011453617
28880,0.0003217588
28881,0.00078542
28889,0.9995561
28890,0.08349122
28892,2.1207497e-06
28893,0.9998273
28898,0.0047939885
28900,5.2058196e-05
28901,6.975107e-05
28905,0.00012179271
28908,1.8502453e-05
28909,0.000800545
28910,0.0017230404
28912,0.0009926538
28919,0.9953999
28920,0.00035421966
28923,0.00019873051
28924,0.8595266
28932,0.99763525
28939,0.9995276
28947,0.09291021
28951,0.000342495
28952,2.1956148e-05
28954,1.7300697e-05
28958,0.00028171722
28960,8.884839e-05
28964,5.7298297e-05
28976,0.00041196705
28979,0.00015994883
28994,0.00075714645
29000,0.99950576
29005,0.99919754
29007,0.0008442614
29010,0.00072602695
29011,0.114660926
29013,0.001225414
29016,0.00017930129
29018,0.06507339
29029,0.00042646512
29030,0.00042844054
29033,0.0006059807
29035,1.7786098e-05
29038,0.0021959643
29049,0.00059858034
29055,0.00049233506
29057,3.0810894e-05
29064,0.0013508738
29065,0.0003729988
29071,0.0005225114
29074,0.00026267246
29076,0.011310373
29084,1.997476e-05
29086,0.0005402906
29092,0.00017362127
29098,0.9988865
29101,0.00019183038
29105,0.99983025
29110,0.00012116881
29120,0.99888486
29132,0.0016589588
29134,3.5707053e-05
29141,0.067317925
29147,0.00024672353
29148,0.9995065
29159,0.99934417
29161,8.486266e-05
29165,0.00015673199
29177,0.9995819
29182,0.0002610718
29184,5.7251596e-05
29190,0.00074532477
29194,0.9996978
29202,3.073726e-05
29206,7.268911e-05
29207,0.008075196
29210,0.00030365295
29211,0.00022068145
29213,0.00013553785
29219,0.00031169088
29221,0.9993436
29228,0.00053317373
29236,4.988862e-06
29239,0.00033655358
29243,0.00022151077
29248,2.236874e-05
29250,0.00040254527
29251,0.9999567
29253,0.0011600732
29255,0.00026322302
29263,0.00021545704
29266,6.350166e-05
29269,4.9404076e-05
29273,0.00023911303
29276,0.00068043143
29281,0.0003378079
29284,0.00051963044
29285,0.0011366219
29298,0.8777797
29302,0.9992274
29304,0.9993369
29305,0.0015979467
29308,0.992546
29313,0.0758042
29319,0.00013686763
29322,0.0020225528
29325,0.00037337732
29329,0.00014484525
29335,0.00013207259
29336,0.0004421883
29342,0.00021124147
29352,0.0006519715
29358,2.2495875e-05
29359,1.1322253e-05
29370,0.99889153
29373,0.0005722869
29375,0.0006379128
29382,0.9998331
29383,0.9993149
29385,0.00021786845
29387,0.20549412
29390,0.0006960917
29392,0.00035565317
29401,0.000157932
29411,0.99920243
29412,0.9993105
29416,0.00036949752
29419,0.0003087125
29422,0.00039002398
29426,0.00012198869
29428,4.8441643e-06
29430,0.99976355
29431,0.99982893
29446,0.00015784436
29451,0.9993437
29455,0.00037939055
29461,0.00081348367
29464,0.00023128053
29473,1.3318792e-05
29474,0.9997913
29476,0.0009664181
29477,0.0016108642
29478,1.2544953e-05
29490,0.9938783
29506,0.0002699199
29511,0.9999349
29513,0.9993882
29521,0.000538483
29526,9.570065e-06
29534,0.9997756
29537,0.00021886115
29539,0.0004748348
29540,0.99751747
29542,0.9969478
29544,0.9996935
29545,0.99923134
29547,0.0004756958
29555,0.002223041
29560,0.07069545
29561,0.00013679912
29568,0.0948755
29575,0.000319287
29581,0.9996865
29583,0.0005214357
29584,1.1629658e-05
29585,0.0018412436
29589,0.00021541084
29594,9.0456706e-05
29595,0.99939036
29598,0.8234891
29599,0.00038188216
29603,2.3012739e-05
29604,0.00017259888
29608,0.0007242906
29614,0.99905413
29615,0.9987631
29618,0.00014681675
29622,0.00027887334
29629,0.9997718
29631,1.0571187e-05
29632,0.9999416
29660,0.99927014
29666,0.013673513
29679,0.0011446887
29680,0.00012360243
29682,0.005994139
29683,0.0022662717
29684,0.9994431
29689,0.00037373343
29707,0.9976587
29716,0.9996487
29720,0.0017011265
29734,0.00039727864
29738,0.00037643814
29741,0.00032974285
29742,0.00013843706
29744,4.071938e-06
29757,4.5575694e-06
29758,0.9997923
29765,0.00020746034
29767,0.00028507673
29769,0.00037910725
29781,0.00074271986
29785,0.00033935596
29787,0.00013277795
29791,0.001976978
29805,5.115442e-05
29808,0.00017143942
29812,4.2839863e-05
29813,0.0005154526
29815,0.99970204
29816,9.7307755e-05
29817,1.9075705e-05
29818,0.9999337
29819,0.00034845373
29826,0.9941194
29827,1.3641424e-05
29829,0.0006199152
29830,0.00036208075
29833,0.0009323104
29836,0.9927148
29837,0.00020362687
29845,0.9995473
29853,0.9998223
29855,0.99916303
29859,0.0006858821
29860,0.00013167923
29861,1.557271e-05
29865,0.00017064679
29869,0.0001815723
29873,0.0005577022
29874,1.14347695e-05
29876,0.9995403
29877,5.793389e-06
29878,0.00040125303
29880,7.524807e-05
29885,0.9995049
29890,1.0436866e-05
29893,0.9986129
29894,7.0605594e-05
29896,0.00035784222
29898,0.00024119622
29902,3.067986e-05
29903,0.99965954
29904,0.00054517685
29905,0.000113894304
29909,0.0006132255
29911,0.00038201376
29912,0.0010457813
29921,0.0005601496
29922,0.000529004
29923,0.00017901977
29926,0.00069621106
29931,0.00020557063
29932,0.07730017
29933,0.0002891333
29935,1.4911267e-05
29936,0.0007881097
29939,0.00020129415
29941,0.04087654
29956,1.008111e-05
29957,0.00065546733
29958,0.9995327
29960,0.0004488931
29967,0.00033700533
29971,3.1995813e-05
29982,0.122457184
29983,0.9974497
29984,0.0010564156
29985,8.0590115e-05
29987,0.0010243737
29989,0.9997867
29990,0.0010429587
29991,0.0006065938
29995,0.9938852
29997,1.534016e-05
30003,5.6943645e-06
30008,0.0001555509
30014,0.9994904
30020,0.9997367
30024,0.000817294
30029,0.00063558004
30032,5.863447e-05
30042,0.9994821
30047,0.00023948424
30052,0.0005837237
30057,0.9995586
30065,0.000475212
30072,0.00019392911
30074,1.8666391e-05
30075,1.2848949e-05
30077,0.00029177676
30081,0.99933857
30082,0.06513068
30084,0.999943
30088,0.99974626
30105,0.12229547
30110,0.9921022
30111,0.00012417123
30113,0.00018800022
30117,0.98766977
30124,0.0024685606
30136,0.0007416889
30144,0.0018700421
30149,0.00020355795
30156,0.99971956
30157,0.00016972361
30158,0.006233657
30161,0.00024766815
30164,0.075100325
30165,0.00026983602
30171,0.0012725464
30174,0.9991443
30176,0.9967759
30180,0.0006989997
30181,0.0002659327
30190,0.00036195875
30198,0.9953111
30202,0.00029418396
30220,0.87189806
30223,0.00073719776
30225,0.00020699817
30230,2.4074172e-05
30231,0.000492471
30235,0.9999194
30237,0.0009901111
30238,0.9994
30241,0.00047333175
30242,0.0004624788
30245,1.7365974e-05
30248,8.272282e-06
30253,8.943866e-06
30259,0.8229651
30262,0.9996985
30264,0.99627775
30265,2.2210399e-05
30267,0.0006530558
30268,0.00032075544
30270,0.00047459133
30274,0.00024210007
30275,0.99931335
30276,9.5261e-05
30277,0.9995388
30283,6.6649816e-05
30291,0.00021972238
30295,0.00051033596
30298,0.00023171247
30310,0.9989027
30311,0.99924856
30320,1.2925443e-05
30323,6.8518195e-05
30324,0.9996482
30328,0.00015226429
30334,0.00029909034
30337,0.00027479767
30339,1.5136091e-05
30341,1.961289e-05
30346,0.00033606798
30347,0.00019340745
30350,0.0001920064
30355,0.99609596
30360,0.00034506645
30366,0.9977945
30367,0.00047903508
30370,0.00016935034
30372,0.00032786364
30373,0.00029436662
30374,0.9971796
30378,0.00014093603
30380,0.9934237
30388,0.0046882774
30397,1.1449064e-05
30398,0.0003364455
30410,0.00013257831
30412,0.9992816
30418,3.7238697e-05
30422,4.7057943e-06
30424,0.9992711
30432,0.00035641974
30439,0.053144123
30440,0.00017218578
30449,0.004179042
30451,0.00180835
30452,0.99914026
30455,0.0019597637
30459,1.7263466e-05
30460,0.9987276
30479,0.0003987755
30483,0.99932563
30484,0.99546766
30489,0.9994691
30493,0.00021566689
30500,0.0011057663
30503,6.197066e-06
30516,0.00065325625
30520,7.791954e-06
30522,0.0003142237
30526,0.00010587507
30527,4.8225183e-06
30528,0.00023741605
30537,0.8487939
30545,0.9955388
30549,0.8814791
30551,0.00029035483
30555,1.4668044e-05
30558,0.9944377
30560,0.0002396286
30562,0.023149319
30570,0.01594
30577,0.08486143
30580,0.00019811411
30582,0.99934703
30583,9.239625e-06
30584,0.00065754366
30588,0.0006134836
30594,0.0004583909
30602,0.000774844
30603,0.99837744
30610,0.00014063358
30612,0.99614006
30616,0.99726105
30622,7.973592e-06
30623,0.9969202
30624,0.0011571595
30629,0.0013463661
30630,0.9995846
30637,0.0009126337
30643,0.0033981637
30657,0.9397132
30658,0.9994085
30665,0.000118278105
30668,0.0002495459
30671,2.2771423e-05
30674,0.00030323694
30675,0.9997837
30676,0.00046795973
30682,0.0006480906
30695,0.00076967874
30696,0.9996724
30697,5.8238646e-05
30699,0.9972971
30701,0.00023838415
30705,0.0005521249
30710,0.9997087
30711,5.368824e-06
30718,0.99968743
30725,8.099868e-05
30726,0.9978116
30727,0.00016718596
30729,0.00044457123
30731,0.999647
30735,0.9942352
30738,0.00040371856
30740,0.0002726725
30743,0.0013865432
30744,0.00084772886
30749,9.767559e-06
30755,0.00023153293
30759,0.10216627
30760,0.00031467158
30762,0.0002492109
30765,0.00017707728
30766,0.0011183098
30774,0.0007050696
30786,0.0010096581
30787,0.9987495
30795,5.3389244e-06
30796,8.726551e-05
30797,0.10741043
30798,0.8859566
30802,1.3439635e-05
30806,0.078900754
30812,0.00051170593
30819,4.4223758e-05
30821,0.12709643
30825,0.00040789944
30831,0.048426025
30832,3.8438655e-05
30833,9.896287e-05
30837,0.00067079946
30839,0.99977475
30840,0.00011377956
30842,0.0007849868
30843,0.00035532546
30844,0.0013593703
30858,0.00086349505
30862,0.9995402
30866,7.952954e-05
30870,1.1776196e-05
30871,0.9998288
30875,0.00048283153
30876,0.08577503
30885,6.8144625e-05
30889,0.00029541276
30890,9.770208e-05
30896,0.00021850753
30899,0.00038563067
30900,0.0008349817
30906,0.0010404558
30907,0.00013353431
30912,0.0004863488
30913,0.0002740865
30914,0.0008968538
30921,0.0021742305
30926,0.00014653242
30928,0.00016304861
30929,0.016093774
30931,0.0004196343
30934,0.0007256316
30940,0.00056279224
30943,0.00022479371
30948,0.9975325
30949,0.0002126502
30951,0.99975675
30965,0.041274942
30968,0.0002415617
30978,0.055565163
30980,0.0027108055
30983,0.00031697587
30986,0.0007136831
30987,1.0777133e-05
30989,0.00021033824
30990,0.00025894016
30991,6.3931235e-05
30995,0.99612075
30997,2.625456e-05
30999,0.00504182
31002,0.00048040255
31005,0.9997738
31007,0.99960345
31008,0.0036548614
31014,0.9212682
31017,0.00082558667
31027,0.0005659102
31029,0.99992585
31030,0.9998159
31031,0.0006556276
31036,0.00017309858
31042,0.0013824359
31046,0.0013224802
31048,6.273454e-05
31051,0.0017098115
31052,0.0006239432
31053,0.00015316128
31056,0.8924972
31060,4.6547317e-05
31062,0.9999144
31064,0.063266814
31070,0.00014218963
31073,0.9968387
31077,0.00012638091
31081,0.00017594695
31085,0.9992467
31093,0.00031806505
31094,0.00018756658
31096,0.0018264801
31097,9.201609e-05
31102,0.9992162
31103,0.000961528
31107,1.1333943e-05
31109,0.0003791286
31110,0.005806949
31120,0.00017147473
31126,0.00015411805
31136,0.00097009854
31138,0.00016796603
31139,0.8234257
31143,0.00013392605
31145,0.9996681
31153,0.0009059686
31158,0.0014815863
31162,0.0002853122
31165,0.9989974
31166,0.99900085
31174,0.00016796123
31177,0.0002926429
31179,0.00035099412
31180,0.00019884082
31181,1.2188793e-05
31183,0.0030595732
31184,0.0001140022
31187,0.00076513377
31193,8.206263e-06
31197,2.0463402e-05
31202,1.902295e-05
31205,0.999496
31208,0.005771752
31214,0.00015008908
31217,5.285785e-06
31224,1.3287507e-05
31229,0.0007141148
31242,0.00011230508
31246,0.99981135
31249,2.3249653e-05
31256,0.8967948
31261,0.9998253
31266,0.0005599171
31267,0.0003405769
31269,0.99919015
31278,0.0023528803
31281,0.1898496
31282,9.84198e-06
31289,0.00038562313
31290,0.00019013429
31291,0.99955565
31293,0.99977654
31297,0.00049538625
31299,0.021243049
31300,0.9998354
31303,0.9998586
31304,0.0025184792
31312,0.00032809377
31316,2.2344606e-05
31317,0.000112375244
31318,0.0007953255
31323,7.712561e-06
31324,0.9999447
31326,0.0006095954
31335,0.00029727916
31339,0.0009880188
31342,0.00011434711
31350,7.807178e-05
31351,0.000568152
31352,0.0010543655
31356,0.00041697753
31358,0.00046254115
31365,1.6782435e-05
31368,0.99954635
31374,0.99569964
31376,0.99615675
31377,0.00016619434
31378,0.000117928874
31379,0.00014585062
31380,0.0008692163
31383,0.99915457
31389,0.9918786
31390,0.00032273913
31399,1.7658125e-05
31401,3.9219754e-05
31404,6.313262e-05
31407,0.070177354
31410,0.00040441786
31411,0.00017178811
31421,6.553947e-05
31423,0.00025728226
31425,0.00058972347
31426,0.9051381
31433,3.3782715e-05
31436,0.00021754422
31438,0.0004881672
31440,0.00011040064
31442,0.00041374876
31443,0.99907875
31445,6.4136902e-06
31449,0.000116768824
31463,0.00068297266
31469,0.06439376
31470,0.067020334
31473,0.00019010638
31474,0.00041982415
31486,8.862154e-06
31490,0.010900918
31498,1.3217629e-05
31502,8.6139444e-05
31507,0.011910324
31508,9.369226e-06
31511,0.92502695
31532,0.9996743
31539,0.0052222484
31540,0.9995547
31545,3.62052e-05
31546,5.0605045e-06
31547,0.00017742663
31548,0.87556976
31557,0.9998437
31565,0.0007032469
31567,0.0001133798
31570,0.10273866
31572,2.0969654e-05
31578,0.00013589812
31588,0.9990306
31607,0.00060717657
31608,0.9988223
31609,0.00019090562
31611,0.99994993
31614,0.99883884
31618,0.00042830274
31619,4.2744414e-05
31620,0.00017754035
31624,0.0019179947
31625,0.000147184
31628,0.0008241573
31632,0.0016694313
31638,0.0013365943
31639,0.8767686
31640,0.902509
31645,0.99755377
31659,1.1063786e-05
31666,0.0011262713
31678,0.0011676113
31681,0.0002423227
31684,0.9996075
31686,0.99863285
31688,0.9982515
31692,0.99958295
31696,6.498583e-05
31698,0.0800914
31699,0.00015533745
31700,6.658312e-05
31702,0.0010029194
31707,0.00031787952
31708,0.9987552
31710,0.0034413368
31713,0.00057300384
31718,0.001009008
31719,0.0010825271
31720,0.00032581115
31723,0.00011792583
31724,1.3457962e-05
31734,0.00058420456
31741,0.00051676016
31749,3.0423995e-05
31751,0.0005280791
31754,0.00013916314
31755,0.00036607514
31757,1.0914584e-05
31771,0.000441336
31772,0.0008472375
31778,0.0003819131
31779,0.9974463
31783,2.130818e-05
31789,0.99975127
31792,0.0069726715
31795,0.007377696
31796,0.00023982127
31803,1.2045964e-05
31814,0.9878256
31819,0.0037934321
31821,0.00065688975
31823,0.99557483
31824,0.00014927212
31825,9.61333e-05
31826,0.0002982273
31829,0.00044311516
31835,0.00014042293
31836,0.0002601197
31837,0.99930584
31838,0.00030211243
31840,0.99957746
31841,0.0001043211
31844,0.00016105086
31846,0.00046717928
31850,0.081833676
31857,0.0002816066
31866,0.00031347238
31867,0.9998135
31868,0.00019625618
31876,0.0017419005
31878,2.9791292e-05
31883,0.99870765
31886,0.0002809568
31890,0.0002586781
31893,0.9997248
31895,0.9996258
31898,0.00048396483
31905,0.00027403006
31913,0.80057186
31919,5.7732354e-06
31921,2.2440658e-05
31922,6.9665734e-06
31923,0.00017184268
31925,8.320513e-05
31931,0.00015792747
31932,0.0021544523
31933,0.99968636
31940,0.06340375
31948,0.00016707728
31953,0.0013372716
31954,9.483791e-05
31957,0.0023043489
31959,0.0002452855
31960,0.00026073225
31961,0.00024780846
31962,0.00016041132
31963,0.00018595712
31966,0.00031576637
31975,0.00045040745
31980,0.999283
31983,0.00042467462
31987,0.82737833
31989,0.999683
31995,2.583516e-05
32002,0.00019248354
32003,0.0002388371
32005,1.883629e-05
32007,0.0005069035
32015,0.9996753
32016,0.00012623156
32021,0.00020659792
32035,0.0006356915
32037,2.018877e-05
32044,1.0659544e-05
32050,0.001876883
32051,0.00017085666
32054,9.921488e-06
32057,0.9980829
32060,0.00019811903
32061,0.9992693
32062,0.062340446
32066,0.000327167
32071,0.99658257
32073,0.0004403944
32076,3.441134e-05
32084,0.00093152106
32086,0.0007566044
32090,0.06392638
32091,0.00022258119
32096,0.99792033
32097,0.0001272437
32099,0.8959342
32103,0.9989311
32107,2.5879941e-05
32109,0.0010595113
32112,2.835477e-05
32115,0.0035448505
32116,0.9996606
32117,5.7837886e-05
32120,0.9998222
32127,0.00049686973
32130,0.00065090426
32131,0.00024123119
32136,0.00026520147
32142,0.00011555162
32148,0.00137387
32152,0.99934417
32154,0.00023797971
32159,0.0019446024
32166,0.00037982568
32172,0.0013738105
32173,1.7024586e-05
32176,0.00023531773
32179,0.9998275
32189,0.7524339
32190,0.0002798959
32194,0.9975539
32200,0.00022296478
32201,0.000444056
32205,3.9251856e-05
32210,0.00040361698
32216,0.00015535389
32224,0.0003755757
32226,1.902297e-05
32227,1.6069884e-05
32232,0.86174285
32236,0.00038550553
32239,0.00011323859
32240,1.7275224e-05
32252,0.0008677561
32257,0.0007065483
32259,0.002630733
32280,0.00018458258
32284,0.07206519
32286,1.2033311e-05
32291,0.00038006532
32292,0.9997129
32295,0.999754
32298,0.00035128402
32310,0.0020723676
32314,0.0001403892
32315,0.0001081577
32316,0.9998864
32326,0.9994954
32330,0.00047899602
32333,0.0041799387
32335,0.0011818571
32344,0.8542985
32345,0.99484634
32348,0.99954575
32349,0.000325882
32351,0.00031951294
32354,0.00021646438
32355,0.00053828594
32358,0.0017597358
32359,0.0005098238
32363,0.00068266876
32366,0.10201126
32380,0.00027705586
32385,0.00014846654
32386,1.501087e-05
32387,0.0006119527
32391,2.182538e-05
32396,0.00039607895
32397,0.04123799
32399,0.9995732
32401,0.9836969
32405,0.088721916
32414,0.0026028708
32416,0.9998167
32418,0.00016880559
32419,0.00018309071
32422,0.9993937
32428,0.00024329408
32434,3.8928698e-05
32435,0.99902666
32436,0.00026723172
32438,0.00038563582
32449,1.22692045e-05
32451,1.0207026e-05
32452,0.99974436
32454,0.999215
32456,0.00013542712
32457,2.7338014e-05
32469,0.0004645774
32472,0.00035326157
32474,0.0013905347
32479,0.042566586
32486,0.0003030497
32490,3.3132987e-05
32505,0.00046984974
32508,0.0030112497
32510,0.0003829671
32512,0.000103826686
32515,0.00041526192
32517,0.99995005
32519,0.00033629764
32523,0.09880757
32535,0.054613702
32540,0.999736
32544,0.0002175772
32545,0.08817923
32549,1.1759429e-05
32550,0.00022598446
32557,0.0010815323
32558,0.0006534387
32571,0.00021561673
32577,0.050490722
32580,0.0053310753
32581,0.0026401747
32583,0.9449774
32590,0.00052870053
32600,0.00021180171
32633,0.001478202
32636,0.00035317487
32639,0.108193874
32641,0.00043666415
32642,0.00011111491
32645,0.00015838395
32653,0.000345457
32654,0.00052733714
32655,1.5739079e-05
32656,0.00020813615
32659,0.00022964022
32667,0.00023191363
32668,0.0012489681
32674,0.0001415167
32678,0.9999709
32679,0.000119443124
32680,1.6748889e-05
32682,0.8121317
32688,0.15874045
32699,0.046972707
32701,0.00026965083
32705,0.99916327
32710,0.91662014
32714,0.00021203348
32715,0.9999149
32720,1.9257317e-05
32723,0.054282043
32727,0.0001831906
32731,8.910757e-06
32734,0.9993568
32739,2.0654856e-05
32744,7.0766714e-06
32755,0.006198898
32759,0.0002639201
32761,0.06632989
32763,0.06593368
32764,0.0002973455
32768,2.260411e-05
32771,0.99946743
32774,1.4323565e-05
32778,0.00036466724
32802,0.9995103
32803,5.477336e-06
32805,0.0003126304
32808,0.99922955
32809,0.0009374155
32810,0.0005848893
32814,1.3988869e-05
32817,0.9995957
32824,0.00017096828
32831,0.9996458
32832,0.0006405511
32838,0.00013431841
32863,0.9995634
32872,0.00060639845
32876,0.99979836
32883,0.99994004
32886,0.00021808667
32888,0.9993837
32889,1.24496555e-05
32891,1.5636986e-05
32895,0.00018375987
32905,0.0006404424
32921,0.0005126658
32924,2.9511577e-05
32928,0.9997993
32930,0.00017136079
32942,0.00021018369
32946,0.0007112825
32947,0.00033740574
32954,0.0006431555
32959,0.0029335776
32967,0.06918659
32978,7.6287906e-05
32983,0.99827933
32985,0.9933408
32987,0.00016100373
32989,0.00024002443
32994,0.9987947
32995,0.017787779
33000,0.95829314
33001,2.0398713e-05
33002,0.99989116
33003,8.420101e-06
33011,0.00022226095
33013,0.0003425368
33021,0.07190948
33023,0.9729503
33025,0.00016952872
33032,0.0004504744
33043,0.99950993
33046,0.99398416
33049,0.99994314
33054,0.00092429575
33056,0.0016911437
33063,1.259583e-05
33065,0.8701818
33069,0.13256443
33073,0.00010499605
33080,0.99956137
33098,0.00016563351
33101,0.0015958681
33103,1.2519103e-05
33104,0.00012878847
33105,0.057611402
33106,0.00026287918
33107,0.0011351666
33108,8.657062e-05
33112,7.9487014e-05
33114,3.675741e-05
33117,0.99404
33118,6.94567e-05
33120,0.00023634302
33124,0.00088694674
33130,1.37152165e-05
33136,6.172906e-06
33137,0.000108209795
33140,9.471951e-05
33141,0.005126892
33144,0.0008040028
33152,0.00022209954
33153,0.9989724
33158,0.00027891187
33161,0.063108474
33163,1.1255141e-05
33178,0.0010201286
33183,0.07560705
33186,0.001418133
33188,0.00039851063
33191,0.00062672887
33193,0.9995683
33210,0.00030042927
33215,3.6324163e-05
33219,4.5958473e-06
33228,0.06507847
33229,0.00021033744
33233,0.9982627
33234,6.910206e-05
33246,0.99993885
33248,2.1581029e-05
33250,0.00013963661
33258,0.00016278219
33263,0.00025817004
33266,0.0027323128
33267,0.00020852906
33274,0.0002173259
33275,0.00025109123
33298,9.220234e-06
33303,0.00048502497
33307,2.2344308e-05
33311,0.99928063
33314,0.0014840616
33315,0.00026653556
33322,0.9947089
33324,0.9985857
33335,0.00870905
33343,0.0002811575
33344,0.9991079
33349,0.0028948558
33354,5.360229e-05
33356,1.231363e-05
33357,0.00032540326
33365,0.00072512386
33367,0.999734
33370,0.00014956862
33372,0.9987374
33373,0.08397322
33375,1.8418723e-05
33378,0.00089571247
33381,0.0030151873
33388,0.00091829465
33391,3.0604093e-05
33394,0.0070148436
33396,1.1889605e-05
33400,0.9990822
33411,0.0005525203
33414,0.00014711707
33419,0.99961543
33420,0.000197452
33424,0.18293656
33428,0.038224537
33434,0.00087497605
33436,1.5616524e-05
33448,1.0581545e-05
33449,0.99976593
33457,5.655572e-05
33471,0.9999155
33474,0.00019325942
33478,0.0019030455
33481,9.352768e-05
33487,9.0601476e-05
33488,0.0023664953
33489,0.00017897795
33491,1.19893475e-05
33496,8.765902e-06
33497,0.99996877
33504,0.09597699
33512,0.00097541645
33517,0.035418607
33518,1.8885501e-05
33524,0.002122763
33529,0.9998217
33532,0.00029875035
33541,0.0016909521
33542,0.0913956
33546,0.076404795
33550,0.00030721835
33552,0.99915624
33555,0.9980337
33561,0.9997799
33562,1.3628551e-05
33564,9.372515e-05
33566,0.002319088
33576,7.268183e-06
33582,0.9991818
33586,0.0003246175
33591,0.00019221028
33595,0.0007403127
33596,0.9997309
33601,0.00024484485
33603,0.0004082046
33605,0.0002965678
33607,0.8850636
33609,0.99958175
33611,7.239573e-05
33618,0.0008722337
33619,0.00041295044
33627,0.00032890614
33633,0.000377463
33637,1.755185e-05
33638,0.00015343653
33640,0.121219926
33644,0.8607956
33647,0.8656364
33648,0.9998087
33652,0.99970526
33654,0.0007813114
33657,0.00039380472
33659,5.2405365e-05
33662,0.0003251276
33669,0.00086683134
33670,0.00039776522
33682,0.0012132996
33685,0.99929607
33690,0.00038734725
33704,0.9978568
33715,0.0006538249
33716,0.002407441
33722,2.8381608e-05
33723,0.0001738696
33733,0.0008176281
33737,1.3987588e-05
33739,0.003478677
33740,0.895515
33743,8.5579006e-05
33747,0.005612564
33757,0.00082107715
33766,0.00023828575
33769,0.0003716996
33783,0.9932203
33786,0.9998636
33790,0.9991811
33794,0.9931821
33796,0.8366548
33798,0.99934274
33802,0.88809305
33804,0.08152261
33807,0.99509037
33809,0.00033595524
33810,0.00053669745
33811,1.6894406e-05
33812,0.00015358011
33821,9.793853e-06
33833,0.0015173113
33834,0.08788576
33837,0.00028131678
33838,0.0003771427
33839,0.00026280773
33843,2.7942882e-05
33848,4.8171732e-05
33849,0.00018484113
33854,3.1784177e-05
33856,0.00057452545
33860,0.995924
33862,0.00014848991
33867,0.99713045
33869,0.00027517232
33875,0.00046884955
33876,0.000117961026
33877,0.00055943755
33879,2.6208156e-05
33883,0.9998336
33885,0.00043701183
33887,0.9993605
33889,0.9997441
33900,0.9989373
33903,2.4665303e-05
33905,1.0595753e-05
33908,0.99994826
33912,0.99930084
33915,0.00071081123
33920,0.9906155
33926,2.0566818e-05
33927,0.063852586
33929,0.104753286
33932,1.6694989e-05
33951,0.0002264415
33965,1.0377169e-05
33971,0.00017719585
33972,2.635822e-05
33976,0.00017192002
33980,0.054065313
33982,0.002227459
33984,0.00021886826
33985,0.0005477293
33991,0.0005843535
33995,0.00023063026
34001,0.9997497
34007,0.0008814726
34011,8.375202e-05
34014,0.00023104581
34017,0.00029238855
34020,0.0006060858
34022,0.99918383
34024,7.187509e-06
34025,0.99954706
34027,0.0009616755
34037,0.00012358109
34040,0.99960476
34046,0.9986046
34047,0.0004692936
34052,2.4837875e-05
34053,0.0031637375
34055,0.0034193357
34056,0.0005778469
34057,0.0003349418
34058,0.0002338681
34059,0.00015781232
34061,0.00013075983
34067,0.00019068804
34070,0.9994087
34075,0.07086303
34077,0.00029827992
34084,0.0004436439
34088,0.84025395
34090,0.00023901639
34095,0.1179366
34096,1.2570198e-05
34098,0.0002572543
34101,0.00045147524
34102,0.0006093697
34106,1.136441e-05
34112,0.00017527817
34115,0.00046377874
34116,0.00024816763
34117,0.00055822503
34120,4.0955812e-05
34128,0.0007706794
34129,0.9916431
34139,0.99513394
34140,0.00014961183
34150,0.9968929
34152,7.32553e-06
34155,0.0003462399
34158,1.5689011e-05
34159,0.9993395
34165,0.0003066907
34167,0.0008710066
34170,0.99969363
34171,0.99897975
34172,0.8721099
34176,0.002237193
34182,0.00038189706
34184,0.008895298
34187,0.00028764745
34191,4.4345008e-05
34195,0.9992415
34198,0.0002885905
34202,0.0038061463
34209,0.00020182939
34216,4.4632186e-05
34219,6.7855713e-06
34226,1.3412797e-05
34227,0.00015993998
34229,3.9891373e-05
34231,0.99972576
34237,0.0002343708
34242,0.0009398781
34250,0.0006676001
34253,0.083194405
34257,2.0723279e-05
34262,0.9995073
34265,0.00035517424
34266,0.00050988793
34274,0.0010826621
34280,0.00028072868
34281,0.00017284938
34283,0.9995339
34296,0.9994522
34300,0.00096653093
34302,1.8408786e-05
34307,5.7533463e-05
34308,0.0006478408
34310,0.00021133797
34311,0.0002747872
34314,0.00086582056
34317,1.5286229e-05
34333,0.0030292026
34337,0.00017223523
34338,0.004124542
34341,2.5616446e-05
34342,0.0005899562
34343,0.00027251424
34345,0.9979964
34346,0.99932206
34351,0.00020590705
34360,1.1873809e-05
34363,0.99943894
34366,0.0006129985
34369,0.9971578
34371,1.9020808e-05
34372,0.13535032
34373,0.0006606656
34375,0.08508624
34376,2.321436e-05
34385,0.00053793564
34388,0.9999486
34394,0.9093213
34402,0.00054532447
34403,0.99801767
34406,0.00048740557
34408,0.9990318
34410,0.0016538989
34414,0.9941492
34415,0.00030986074
34416,0.00040588825
34424,0.9959394
34426,0.9997125
34433,0.00043219846
34435,0.9989021
34441,0.9977367
34444,0.98998
34452,0.00055786944
34453,0.99915767
34455,0.00016496601
34456,0.00033223603
34459,0.00039819145
34460,0.00081101264
34466,7.643624e-05
34467,1.9674653e-05
34475,8.924494e-05
34476,0.00010902325
34481,0.97815657
34494,0.00094872026
34495,0.9988117
34496,0.0016700379
34498,0.99972504
34500,0.99916875
34502,5.2675387e-06
34507,0.00045964078
34508,1.8057519e-05
34510,4.124106e-05
34513,0.00048848207
34516,0.99851316
34519,3.6966114e-05
34520,0.9987186
34526,3.1258885e-05
34529,0.99228525
34536,0.001749961
34539,0.0007797394
34542,0.0016869956
34544,0.0003900409
34550,0.99942434
34557,0.00029105993
34571,0.00023513805
34575,0.9998323
34578,0.0014402617
34586,0.9967499
34587,0.99819285
34594,0.00053364935
34597,0.0011020735
34599,0.00027945568
34601,0.001351595
34611,0.0034984578
34614,0.0004346423
34615,0.0002182614
34619,0.8715331
34621,1.4123586e-05
34622,0.00038216403
34623,0.9928416
34630,0.000105996594
34643,1.382943e-05
34646,0.0006122356
34647,0.0008437575
34652,0.0022017006
34653,0.00066015386
34654,0.041794177
34655,0.0004927236
34657,0.9991467
34667,1.7071035e-05
34670,0.999742
34681,0.00040317533
34682,0.00020282678
34684,0.0020624893
34688,0.00024278476
34690,0.99964297
34693,0.00030929493
34705,0.9998425
34715,0.00032245216
34717,0.00068017567
34718,0.0005145864
34719,0.0016980851
34721,4.3554195e-05
34722,0.00024026896
34727,0.0009783235
34729,0.00018234992
34730,0.99891865
34731,0.0001272056
34733,0.0001422257
34734,0.99624145
34735,0.0030102218
34736,0.999238
34738,0.99967575
34743,0.0012911446
34748,0.0006426962
34753,0.9946554
34760,0.00038982474
34765,0.99580115
34769,0.9992944
34773,0.0007008984
34778,0.0008655228
34786,0.9994149
34788,0.9994642
34792,0.0005039503
34794,0.9965905
34810,0.00019698039
34815,0.9997621
34816,0.00025086512
34822,3.713964e-05
34824,0.00049666944
34830,0.00018311778
34836,0.9996419
34841,0.0006307323
34845,0.99984014
34848,0.79684925
34849,0.0001395771
34851,0.00043989302
34856,0.00013054092
34859,0.004531655
34862,1.2896311e-05
34864,0.0011547309
34865,0.00015949407
34870,0.9987645
34871,0.14100127
34876,0.0004434105
34886,0.00017083662
34889,0.00093890115
34890,0.00050026603
34891,0.0011131724
34895,0.0125211505
34896,0.00012415253
34897,0.0003699656
34903,3.0561772e-05
34908,0.99827635
34909,0.0005839301
34914,0.99985206
34917,0.00015385759
34924,0.0007272842
34926,0.0007430805
34934,2.9325798e-05
34936,5.030686e-05
34938,0.001338124
34941,0.00034991297
34948,0.00065691513
34957,0.9984316
34961,9.71142e-05
34962,0.000147778
34966,0.99987113
34968,0.0015499569
34969,3.03748e-05
34974,0.00026686027
34975,0.9996624
34976,0.03880232
34977,1.6375769e-05
34982,0.0006649389
34988,4.218257e-06
34990,0.9995352
34993,0.00036383522
35024,0.0009446092
35027,8.7531706e-05
35034,0.0031901742
35036,6.474687e-05
35051,2.559608e-05
35053,0.9950813
35077,0.0020583097
35080,0.0004813617
35083,0.00042369426
35084,0.00078901596
35091,0.00053842575
35104,1.4178878e-05
35108,0.00015014247
35117,0.99959284
35125,0.0005212471
35128,0.0020705864
35132,0.0032631939
35134,0.00036543215
35137,0.99991536
35140,0.0010206612
35141,6.734281e-05
35146,1.7500572e-05
35147,0.99912924
35150,0.0001181015
35153,0.0020838988
35164,0.99926823
35165,0.9999391
35168,0.00020878413
35186,0.9998684
35187,0.0721771
35192,0.0010584318
35195,0.00022917653
35198,0.00043731753
35205,0.0004459392
35206,0.9994485
35210,0.00012922184
35214,0.00026414162
35215,0.0007040268
35219,0.0005834528
35223,0.010983213
35227,0.9990683
35229,0.99980706
35232,0.00071219413
35234,6.269058e-05
35235,9.832748e-06
35247,0.99727327
35251,0.062843315
35254,0.00021012257
35258,0.00025881603
35260,0.0011204947
35261,0.0013294764
35262,0.0868025
35263,0.00044238206
35264,0.9973941
35265,0.99969625
35270,4.222044e-06
35272,0.1303572
35283,0.0007775401
35286,0.9995332
35308,0.00025656968
35311,0.9995497
35312,1.7526494e-05
35315,0.9975453
35319,0.005073397
35321,0.9986608
35322,1.1069674e-05
35323,0.035325263
35330,0.00082306133
35335,0.00015150048
35343,0.0019027303
35345,0.9991357
35347,8.963702e-05
35351,0.00024216056
35352,0.00066461484
35358,0.99922645
35361,0.85929704
35363,0.0001311453
35365,0.00044485403
35368,0.012836601
35370,0.99923575
35372,0.00019539503
35376,0.000578785
35382,0.00038318732
35385,0.00013050584
35386,0.9964551
35388,0.00073391234
35392,0.0038628646
35397,0.07697268
35401,0.0002395032
35409,2.237273e-05
35411,0.00031040862
35415,0.00013108566
35417,1.5005503e-05
35420,0.9995018
35422,0.99964106
35434,0.0004726715
35442,0.06679904
35445,0.0012562207
35448,0.0004472346
35454,0.005857658
35456,0.99881613
35457,0.00022774127
35464,0.017694147
35467,0.9997316
35468,0.00085875945
35473,0.9961392
35475,0.00024060134
35484,0.00808043
35487,0.0004148736
35491,0.00072434376
35493,0.0808005
35494,7.258811e-06
35508,0.8959755
35517,0.99976593
35524,0.0005489921
35525,1.9395751e-05
35527,0.00036960302
35528,0.00056608475
35532,1.5357167e-05
35536,1.76232e-05
35537,9.057028e-06
35544,0.9998616
35546,0.0025538101
35550,0.00024269773
35561,0.00016723842
35563,0.9999454
35566,0.037775364
35569,0.9890753
35570,0.09152943
35576,0.99940956
35578,0.07011287
35581,0.0020591796
35583,0.00013285494
35587,0.00034417317
35589,3.8191218e-05
35590,0.9995296
35591,0.82580125
35594,0.003283253
35595,0.9995447
35600,0.00052817067
35601,0.00015216747
35605,0.00013841581
35606,0.00014849742
35612,0.00012128452
35613,0.00047482396
35622,0.0007974777
35626,0.00029237935
35633,0.0002265296
35639,0.9237903
35641,0.00024607583
35650,0.0004288267
35652,0.9993331
35654,0.0022719598
35656,0.9994381
35657,0.00016945922
35660,0.00026990444
35664,1.4998735e-05
35667,0.00027505166
35673,0.00015469093
35674,2.7931266e-05
35677,0.0008432994
35678,1.0029855e-05
35682,0.9981054
35683,0.0004933418
35685,0.04924989
35687,0.999268
35689,0.0023911383
35690,0.00080996926
35692,6.0889703e-05
35701,0.9997565
35702,0.0008739046
35703,6.9728817e-06
35707,0.9992539
35713,3.5926073e-06
35716,0.000672168
35718,1.4298671e-05
35720,0.9996834
35721,0.9986308
35727,0.00177775
35728,0.9982079
35738,0.00052425946
35746,0.8445863
35753,0.0020629487
35754,0.00041213518
35755,0.0009991266
35758,2.2344628e-05
35760,9.536866e-06
35767,0.00025371407
35778,0.001261249
35786,0.0027850566
35796,0.1057754
35811,1.8698087e-05
35814,0.00025389917
35816,0.99975234
35824,0.0005083937
35826,0.99983084
35827,0.99849296
35829,0.00014097137
35832,0.00097446435
35837,0.00026689895
35843,0.85640705
35844,0.00078253826
35845,4.0362003e-05
35848,0.00016527208
35861,0.0018725975
35864,0.0012478722
35867,0.0001538548
35870,0.99913126
35874,0.9994305
35877,0.99993443
35879,0.000319629
35883,0.00023187824
35901,0.06176181
35902,0.0008993393
35905,0.00068766734
35908,5.7913394e-06
35912,0.0019755098
35914,0.00032301
35916,0.00049492816
35917,0.99981207
35919,0.99825877
35928,0.00021276032
35929,0.001264982
35933,0.9994937
35942,0.041733347
35945,0.00023866321
35955,1.2799454e-05
35962,1.4649786e-05
35969,0.00028295815
35972,0.00035078535
35977,0.00023846007
35986,0.0024581908
35988,0.005336276
35989,0.00016169251
35990,0.998892
35991,0.0009436889
35996,0.004103626
36000,0.00067772105
36009,0.9994985
36011,0.00012708653
36012,0.00015944951
36013,0.0002798834
36023,0.00052867964
36025,0.001845633
36026,0.0001808528
36027,0.9933014
36031,0.9981559
36032,0.0005042905
36041,4.8117832e-05
36043,2.321217e-05
36050,0.00018840811
36052,0.99867415
36053,0.0002136941
36061,0.99991715
36066,1.7082695e-05
36074,0.99962103
36075,1.9002226e-05
36077,2.0428342e-05
36092,0.00063547253
36097,0.00081493764
36098,0.00013279592
36099,0.0013328716
36101,0.99801266
36104,0.0005246101
36107,1.745635e-05
36108,0.9952057
36110,0.051702857
36111,0.9997681
36113,9.074519e-06
36117,2.835131e-05
36123,0.99738795
36128,0.0001676708
36129,1.6677945e-05
36131,0.9999349
36140,0.9989478
36142,0.00017173211
36146,0.10368902
36149,0.00025844589
36151,0.0005707358
36152,0.0002561075
36153,1.5885258e-05
36168,1.3225674e-05
36178,1.0635855e-05
36181,0.0012523237
36186,0.0071458262
36191,0.99968946
36193,2.924347e-05
36194,0.0030613977
36197,0.00016229988
36204,2.2301176e-05
36207,0.00017715462
36208,0.09937812
36209,0.00028814838
36211,3.1613894e-05
36223,0.95005256
36225,0.00056196115
36232,0.0002480141
36246,0.0012169512
36250,0.0002768845
36255,8.394663e-05
36262,0.109265186
36264,0.0002498497
36268,0.00020699581
36277,2.4305386e-05
36278,6.170354e-05
36296,1.2306423e-05
36300,1.9594268e-05
36302,0.0005503556
36305,0.0002601227
36308,3.4450903e-05
36311,0.9930266
36314,0.9990557
36315,0.0007173417
36316,0.0007241536
36320,0.0451987
36321,0.00016513062
36327,0.7025423
36329,9.809183e-05
36333,0.120735586
36341,0.00015380609
36346,2.607881e-05
36349,0.0003407867
36352,8.067608e-05
36355,0.00035133376
36361,0.00032846179
36373,0.022995237
36374,0.0002501939
36376,0.000667678
36382,0.00035114956
36396,0.00023519411
36398,0.00033444277
36407,0.9994112
36411,0.99981636
36412,0.00023391425
36413,0.9999324
36416,9.948263e-06
36420,0.00077603373
36423,0.0011476759
36447,6.9546113e-06
36449,3.196586e-05
36451,0.00065647514
36454,0.9971745
36459,1.5699967e-05
36460,0.00025799044
36461,0.9967691
36471,0.0006044737
36472,0.033775616
36477,0.99912244
36481,5.652364e-05
36487,0.00020256799
36490,0.01658137
36491,2.1485685e-05
36498,0.9996991
36504,1.6684213e-05
36510,0.00017758198
36517,0.0022164034
36520,0.0002513418
36522,0.00048264567
36526,0.00054068526
36530,0.00029264038
36535,0.00045887593
36537,0.99935704
36539,0.9885571
36541,0.9997013
36544,0.0007781583
36546,0.99912816
36547,0.0002715546
36553,0.00013365495
36555,0.0012839565
36560,0.99955684
36565,0.0004381583
36570,0.00061102805
36572,0.11388886
36574,0.00077832333
36583,0.9998147
36589,0.0006473659
36590,5.6212677e-05
36597,1.2984746e-05
36606,0.00056780013
36607,0.00022545524
36608,0.00015063405
36614,0.0005382059
36618,0.0005100038
36619,0.0017354169
36627,0.9992086
36630,0.0005407997
36634,0.9934344
36641,0.99900085
36645,0.00023525624
36646,0.00043210166
36653,1.4950468e-05
36656,0.0012629668
36658,0.00060800754
36661,0.0002624762
36669,2.9660523e-05
36672,0.99722725
36673,7.373802e-05
36680,0.00021729773
36683,0.9996425
36684,8.112306e-05
36689,0.0011633055
36696,0.9865914
36699,0.9995358
36705,0.0010770428
36706,0.00028763185
36713,0.00048712015
36716,0.00012449252
36717,0.0019503448
36721,0.9991763
36729,0.99979216
36730,0.0003317372
36739,0.00027981398
36740,0.99075764
36742,0.01092415
36749,0.00038361314
36752,0.0008179656
36753,0.0007993158
36754,1.1292954e-05
36755,0.0004858324
36758,8.492127e-05
36760,3.204522e-05
36766,0.0003868424
36768,0.0005445521
36769,0.000117665346
36770,0.9982988
36787,0.0008256772
36792,0.0010544007
36793,0.0008535668
36795,0.0007206313
36797,0.081645854
36801,0.00013092514
36802,0.00034292776
36805,0.0005377103
36812,0.00010464372
36817,0.0024205167
36819,0.0011017276
36821,0.999775
36822,0.00039870897
36829,0.00036336016
36835,0.00012474302
36836,0.99954057
36838,4.927375e-06
36843,0.7580698
36845,0.0030071065
36846,3.824789e-05
36849,0.00022199134
36850,0.0007635568
36851,0.99781907
36854,2.1746513e-05
36858,0.99931395
36871,0.00013643775
36874,0.00021908498
36876,0.00018796186
36883,1.0493194e-05
36888,0.9956124
36895,0.9990706
36899,0.0005669
36905,2.5220032e-05
36911,0.00025035738
36914,0.99933714
36916,0.00045793602
36918,0.000546271
36924,9.933568e-06
36927,0.99836177
36930,0.9952271
36932,0.9987601
36934,0.99857116
36938,0.00035327167
36942,0.0007031303
36943,0.1339507
36954,2.543524e-05
36961,0.00047071895
36963,0.0006458514
36964,0.0025277715
36966,1.0269338e-05
36969,0.00075545313
36974,0.00056358776
36977,0.0016546122
36990,3.7088215e-05
36993,0.00021890186
36994,0.00016604306
36997,0.00052583014
36999,0.008715602
37004,6.323818e-05
37009,2.0164085e-05
37014,0.9992342
37017,0.08620427
37018,0.00023819898
37022,1.6624637e-05
37028,0.00018255763
37032,9.308629e-06
37034,0.0003887185
37038,0.0002432419
37039,0.00054017734
37045,0.00033118893
37048,0.010278425
37050,0.00057490723
37053,0.00065114064
37054,0.99949217
37055,1.6377799e-05
37056,0.0009083209
37059,0.00032887884
37063,0.001176441
37065,0.003052645
37068,0.0003640663
37072,0.00076063076
37083,0.0005996862
37088,0.16974339
37090,9.713162e-06
37093,0.99935335
37096,0.0009245908
37100,0.000403128
37102,7.880074e-06
37107,0.0020096076
37108,0.9994012
37118,0.0010791215
37120,0.0005969873
37122,2.2735294e-05
37128,0.00040272129
37129,0.99976355
37143,0.00033179953
37146,0.080380045
37155,0.0006847826
37156,0.9999242
37162,0.0008342925
37166,0.05251109
37169,0.0034196444
37171,0.99653023
37178,0.0007174593
37183,2.8673954e-05
37185,0.00010690071
37195,0.000457718
37197,0.99960905
37200,0.000110167384
37205,3.6594003e-05
37206,0.99870646
37208,0.00031031898
37212,0.0007053985
37217,0.0003907383
37219,4.9451787e-06
37221,0.0008793699
37222,1.0457092e-05
37227,0.0006738751
37237,4.7909666e-06
37238,1.2183121e-05
37255,9.6394415e-06
37259,7.849543e-05
37260,0.00069635006
37261,0.00013002401
37263,0.00027261375
37267,0.00023268837
37270,0.0009092986
37273,0.00019146854
37275,0.9998031
37278,0.9995623
37279,0.06976156
37283,1.00726065e-05
37286,0.1556847
37288,2.9294408e-05
37289,0.00025016148
37290,0.0007108742
37292,0.00038643955
37307,0.0010533249
37313,0.9966695
37316,0.00057492236
37318,0.00014744245
37319,0.00027315595
37321,0.0017703156
37322,0.00024001846
37333,3.9161376e-05
37343,0.99774915
37344,0.9982053
37346,0.00052469387
37355,0.0011955218
37362,0.00017425366
37363,0.9994011
37365,0.99942124
37371,9.334528e-05
37386,0.00014888674
37388,0.00058648444
37389,0.99937963
37393,0.0011526742
37397,0.9995876
37398,0.00012988002
37400,0.0003791944
37401,0.00042401973
37402,0.0007542303
37404,0.99991167
37405,0.0001892428
37407,0.00035246887
37418,0.00038635003
37420,0.0004192584
37421,0.99954826
37422,0.0011344727
37429,0.0001728329
37432,0.0005836975
37439,0.9992692
37443,0.0017840016
37446,0.8642457
37455,9.142054e-06
37460,0.001051118
37463,0.001060163
37467,5.0936196e-05
37468,0.00041409972
37470,0.000402713
37471,0.99859315
37476,0.999047
37481,0.0012945894
37482,0.0003867001
37483,0.0005090117
37487,0.000349077
37493,5.0052473e-05
37494,0.9990263
37501,0.9988482
37505,0.00019445627
37519,0.09950687
37522,2.8192051e-05
37525,0.00040202105
37541,0.99549246
37544,0.0009920927
37546,2.4336767e-05
37553,0.00027769213
37554,0.093209356
37563,0.0103401635
37568,9.411253e-06
37571,0.8853842
37573,0.07979115
37574,6.277817e-05
37579,0.0015611753
37582,0.0002254331
37583,0.014544065
37594,0.010598398
37597,0.00013550735
37602,0.99910957
37608,0.00012438989
37609,0.00031364456
37610,0.0002818032
37614,0.0005868563
37615,0.00020846825
37616,4.282973e-06
37619,0.0004375354
37622,0.00025170608
37643,0.00021051803
37646,0.9985234
37648,0.00044261492
37650,0.00573485
37651,0.00041752227
37656,0.0002898335
37661,0.00033236272
37668,0.99953485
37669,1.917306e-05
37674,0.0018084698
37675,0.0011712188
37677,9.86566e-06
37678,0.00025264279
37679,0.0019079327
37680,0.0002875104
37692,0.00048819743
37698,0.0002611856
37699,0.002874814
37703,0.0021861878
37705,2.8585686e-05
37710,0.99968374
37713,0.00022901315
37716,0.0007579279
37719,1.3832767e-05
37728,0.0005429928
37729,0.9987956
37731,0.000197764
37732,0.00038978423
37735,0.9963135
37736,0.0030161536
37739,0.0002406376
37741,0.9980726
37752,0.00014728817
37760,0.00071134727
37767,0.0019613376
37773,0.99931324
37774,4.728372e-05
37776,0.00036648297
37779,2.6085254e-05
37780,0.9993937
37781,0.00010463174
37782,9.535129e-06
37785,0.0016766022
37786,0.00083867996
37787,0.8374537
37789,0.9978125
37790,0.9851745
37801,0.06820953
37804,0.0001613183
37806,0.0008675759
37812,0.00020929036
37818,0.9994696
37824,0.0006519212
37827,1.1543712e-05
37835,0.00016165088
37836,0.0018835221
37851,2.3582286e-05
37852,0.9948198
37853,8.338903e-06
37855,6.0179093e-05
37859,1.5679214e-05
37863,0.00013302683
37866,0.9998385
37872,0.00025304971
37873,0.000182206
37874,0.99974746
37876,0.0004282209
37884,0.00024776877
37890,0.00020616205
37891,0.9993524
37894,0.0007534656
37900,5.9340193e-05
37901,0.99880624
37902,0.0015119201
37903,0.00010801011
37909,0.00033326287
37914,0.0014748486
37915,0.9990257
37919,0.00038897226
37920,0.00016668266
37923,0.99978393
37924,1.774036e-05
37930,0.00033027361
37936,0.9997507
37937,0.9987047
37940,0.99838066
37944,0.00020481955
37956,0.9992481
37959,1.4882952e-05
37964,2.280837e-05
37966,0.9997744
37969,1.5594498e-05
37979,0.00046589848
37981,0.00023315875
37983,0.000176004
37988,8.244567e-06
37991,0.0001410826
37995,0.9991154
37996,6.036609e-06
37998,5.859684e-06
37999,0.0014963213
38001,0.00047904532
38002,0.0027043778
38007,0.9867843
38011,0.00032762866
38016,0.00038701063
38017,0.00013336824
38020,0.0009497775
38027,7.939671e-05
38029,0.00019808163
38033,0.99920577
38036,1.5057553e-05
38053,3.716501e-05
38055,0.9996629
38060,0.9997441
38062,0.0004500182
38064,0.00023872827
38076,0.00016361893
38082,0.0020430118
38086,1.882372e-05
38093,0.9997608
38095,0.0008784729
38097,0.99919075
38099,0.00054474524
38102,4.724158e-05
38108,0.0028125085
38111,0.0010747412
38114,0.00010261895
38116,0.0020848995
38117,0.00023042367
38120,0.00022375853
38124,0.00071384193
38135,0.00044457463
38145,0.9988895
38149,0.7361228
38150,0.00063867506
38152,0.00012359618
38153,0.99872977
38158,0.99734986
38161,0.9992902
38178,0.99924314
38179,5.5276403e-05
38187,0.00020413015
38192,0.0011556697
38195,0.00047432815
38198,0.9991567
38199,0.00047472666
38204,0.0002859301
38206,0.9998462
38217,4.68884e-05
38220,0.00056876533
38221,0.9952673
38230,0.0029212907
38234,0.07138912
38244,0.99913067
38246,0.00030379632
38256,0.07177222
38259,0.0031437653
38261,0.00020024093
38263,0.00026958348
38269,0.00057966146
38275,0.99503493
38277,0.00054248376
38279,0.9998312
38280,0.0014952559
38284,1.8384153e-05
38287,0.0006854208
38291,0.00027970463
38292,0.08385138
38293,0.9989096
38301,0.9959722
38302,8.3301915e-05
38306,0.0007054741
38307,0.9997559
38312,0.00017991697
38315,0.00038849236
38319,0.0003368982
38326,0.8184419
38327,0.00047436994
38329,0.00024633782
38343,0.00045281413
38344,0.0015345959
38347,0.04090492
38353,0.00016645394
38356,0.0004229737
38357,0.00039583867
38361,0.08053491
38362,0.13940123
38368,0.00027101478
38369,0.0011827118
38371,0.00030538038
38374,4.5720153e-05
38375,0.00027628563
38377,0.0033986259
38378,0.9993641
38380,0.0001948583
38384,0.0005005312
38387,0.99819094
38390,1.0085948e-05
38391,0.00045155073
38392,0.039887138
38408,1.2806525e-05
38410,0.99797827
38423,0.07513045
38425,0.00032879328
38426,0.00021190353
38428,0.00024152553
38431,0.9997701
38432,0.00036503436
38434,6.700265e-06
38435,0.0019309048
38436,0.99975485
38438,0.084007144
38439,0.0002480413
38440,0.00094817084
38445,8.4707586e-05
38447,0.003224594
38456,0.0016926554
38463,0.99995184
38475,9.789847e-06
38479,0.09685535
38480,0.00038869737
38484,0.9856263
38486,0.00026114398
38487,3.113467e-06
38497,0.00044815813
38499,0.81944394
38501,0.0005686973
38502,2.3052078e-05
38507,0.99840933
38512,3.877446e-05
38517,1.7177592e-05
38527,0.00061621965
38530,5.4919183e-06
38532,0.00038027985
38533,1.0717606e-05
38535,0.9999136
38540,0.0011521791
38541,0.00067711325
38547,0.00019800081
38555,0.99801326
38561,0.0009543875
38562,0.00023810066
38563,4.0108036e-05
38564,0.0001268051
38565,0.000380533
38566,0.9932887
38570,0.0008307916
38580,0.00011483675
38583,0.9982626
38585,0.00083928957
38586,1.4066297e-05
38587,0.0002721689
38593,2.9109135e-05
38594,0.00045515253
38597,0.00012366998
38598,5.478125e-06
38600,0.011983519
38604,0.0013088793
38607,2.1730675e-05
38608,0.00018157368
38610,5.0004237e-05
38617,0.00043106137
38621,0.033325702
38625,0.00087190594
38630,4.4088552e-05
38637,0.00070097396
38649,0.0002112028
38653,0.0007208706
38656,0.99940443
38662,0.9994423
38666,0.002639006
38669,0.06983921
38675,1.25894885e-05
38680,0.124680206
38686,0.00040987428
38687,0.99687
38689,0.00051130104
38690,0.8700214
38692,0.00042946814
38710,0.99274945
38712,0.99961096
38719,0.99897385
38726,0.000439276
38732,0.0001825531
38742,0.0009454592
38743,0.9998474
38744,0.0010052866
38749,0.0016079841
38754,1.957199e-05
38758,0.9996321
38759,0.0007866976
38761,0.0003280096
38765,0.00018380245
38766,0.001343465
38767,5.8406058e-05
38773,0.999196
38775,0.9980379
38778,0.003653832
38781,0.0026951507
38784,0.00010637164
38787,5.2168757e-06
38789,0.0035222247
38795,0.00025138276
38797,0.00023388235
38798,0.0005392257
38801,0.0016985888
38803,5.332941e-05
38809,0.9961324
38811,0.00025908017
38812,0.0012731047
38814,0.0005958365
38822,0.915587
38831,0.00040800715
38836,0.00248747
38837,0.00022521807
38840,0.99944776
38841,0.00039352963
38843,0.9987085
38844,0.99082375
38846,0.999424
38848,7.2047683e-06
38851,2.4301467e-05
38853,0.9990815
38855,0.00075886963
38864,0.00092941645
38870,0.00035280234
38871,0.056064438
38874,0.99957067
38880,0.0001699338
38882,0.00010230961
38891,2.26491e-05
38896,0.0011119929
38899,1.9652189e-05
38901,0.00011597484
38903,0.014310216
38904,0.9996749
38910,0.00096315815
38915,0.99935895
38918,0.0006920901
38923,0.0020739923
38925,0.0035518322
38930,0.99992704
38936,0.00047875842
38938,0.0006026906
38940,0.99847215
38943,0.0030494523
38945,0.7867413
38947,0.0004596125
38950,1.820942e-05
38956,0.00060582475
38957,0.00026374025
38971,0.10114752
38972,5.684262e-06
38979,0.00043984482
38985,0.0005714785
38989,1.0811722e-05
38992,0.9966538
38999,0.00018854525
39001,0.8312747
39002,0.00018263771
39003,1.8528463e-05
39008,0.00022081383
39009,0.9995704
39014,0.037552398
39018,0.99960035
39019,0.00010072217
39021,0.99080276
39024,0.9798666
39028,0.00072734203
39029,0.0006277792
39031,0.00022332372
39035,0.00062281074
39037,0.000104887375
39040,5.1465566e-05
39054,0.00088110316
39064,0.998901
39065,0.00023310297
39069,0.089781746
39073,0.00024091102
39078,0.0002455752
39083,1.1307988e-05
39084,8.917608e-06
39085,0.0001034981
39089,9.4330564e-05
39090,0.00026446543
39094,0.0008293375
39097,0.00025575905
39099,0.9965365
39102,0.0004489911
39103,0.99873453
39105,3.478065e-05
39106,6.9080255e-05
39111,0.9870293
39112,4.508542e-05
39113,0.99974245
39117,0.07542366
39123,0.0019257437
39124,0.00053349166
39130,0.08699817
39133,0.00051682745
39135,0.040854488
39140,9.523315e-06
39144,2.8718643e-05
39145,2.3117067e-05
39151,0.0010462243
39155,1.0625016e-05
39166,2.0597949e-05
39167,0.9887235
39174,1.1154229e-05
39176,0.00049860147
39179,0.0001926082
39180,0.0016788321
39181,0.00021003303
39184,0.9993315
39185,0.06807812
39186,4.9570575e-05
39190,0.00060719304
39196,0.9996613
39199,0.00024322196
39205,0.99913543
39207,0.8592495
39212,0.00026832367
39215,0.00022051066
39216,8.694253e-06
39219,0.00028820746
39221,0.99967694
39225,0.00029879765
39227,0.00096007023
39229,0.9990889
39230,0.00043814746
39231,0.07111538
39233,0.00048035904
39235,0.00054416555
39237,0.99831736
39246,0.00011227145
39247,0.0006896388
39248,0.99964213
39249,0.0005320013
39254,0.00027584002
39257,0.0002487134
39260,0.99884605
39265,0.05600372
39270,0.9993864
39272,0.10106668
39274,0.04196945
39282,0.00065211696
39287,0.99657
39289,0.00021699876
39290,0.0005758848
39305,0.9995359
39309,0.0001242423
39318,0.99971634
39320,6.8012065e-05
39325,0.00041842952
39327,0.085642606
39328,0.00022505707
39329,0.99782133
39333,0.00062105234
39336,0.0011746779
39338,0.0014210795
39339,0.004500851
39340,0.99988747
39341,0.00015122222
39344,0.99838734
39345,0.00023813947
39355,0.00012521697
39356,2.3085035e-05
39357,5.388121e-06
39359,0.0040129186
39361,4.3446005e-05
39362,0.0007971442
39367,5.5353294e-06
39372,0.99932194
39373,0.0002585161
39377,0.0032792417
39385,0.998838
39386,8.303407e-06
39393,0.00025760158
39396,3.8333983e-06
39406,0.00015537537
39408,0.00017728796
39411,0.00015650081
39412,0.99857426
39413,0.99991155
39415,2.2129509e-05
39418,4.138879e-06
39429,0.9999367
39433,1.3956568e-05
39435,6.208341e-06
39441,0.00029507527
39453,0.00019910661
39466,0.00019943321
39480,0.99982136
39505,0.99774146
39507,1.4089026e-05
39519,0.00017002733
39522,0.00025181985
39540,0.0006408087
39552,0.0022566188
39554,0.0007073268
39555,0.9939885
39561,0.00042927577
39569,0.00021384451
39571,0.0015455959
39573,0.0019358984
39575,0.0003918393
39579,0.0006318177
39582,0.0050885277
39588,1.584663e-05
39591,0.9186035
39595,0.00012451319
39600,0.00019359951
39605,5.1337633e-05
39608,0.999323
39614,0.0011670698
39621,0.00017209552
39624,0.9993944
39625,8.074673e-05
39628,0.00013734154
39629,0.00025237337
39631,0.0001812051
39632,0.99950397
39636,0.00014109201
39639,0.0011491205
39641,9.013746e-06
39649,0.037512716
39651,0.0005995413
39657,0.0012358833
39671,0.00015751585
39672,0.00015765139
39676,0.00042173665
39679,0.9997404
39683,0.00015318727
39686,4.7926038e-05
39688,0.9959105
39693,1.0743824e-05
39694,0.00028465714
39698,0.00028128084
39699,0.00015958383
39702,0.99903905
39703,0.9990213
39707,0.0007478195
39710,0.9952264
39712,0.000100152116
39716,0.00052090816
39717,0.0036064703
39718,0.99981636
39719,1.9506808e-05
39730,9.9585486e-05
39731,0.00018792693
39734,0.00014421737
39737,0.0001345978
39740,1.111354e-05
39744,0.0005027791
39746,0.00035248348
39747,0.00056379917
39752,0.00018178085
39762,3.9757044e-05
39764,0.09313682
39768,5.399561e-06
39770,1.1400546e-05
39772,0.99988854
39775,0.9970763
39784,0.06612933
39785,0.9982572
39790,9.438775e-06
39792,0.00038883399
39793,0.99512875
39797,5.2729858e-05
39798,0.82906795
39799,7.415239e-06
39806,0.00021962372
39807,2.7529652e-05
39815,0.00015533745
39820,0.0014168938
39831,0.0005814637
39832,0.0002770503
39837,0.00024281972
39838,0.0104329
39841,0.0017084983
39843,0.0004349575
39844,0.0023838321
39848,0.0032196366
39856,2.4994079e-05
39859,4.7549256e-06
39860,0.9970778
39862,0.0034621435
39865,0.000498682
39869,0.00036043866
39892,0.00022303984
39897,0.0005737812
39899,0.00014622297
39904,8.885153e-05
39917,0.0007013769
39939,0.0046383357
39943,0.00032552707
39945,0.00062778883
39946,0.00027780866
39949,9.6950804e-05
39950,0.0009082167
39956,2.971437e-05
39957,0.00014969274
39963,0.00040922657
39966,5.2583284e-05
39973,0.0009106719
39975,0.00050447875
39980,0.0014422003
39981,0.00020035016
39982,0.00025205043
39985,0.9997315
39987,0.92744386
39989,0.99966514
39996,0.9996784
40004,0.00036392838
40009,0.0007949883
40016,0.00061539124
40017,0.9999138
40019,0.00022839972
40025,0.00024633945
40028,0.00019812904
40030,0.996271
40032,0.9999391
40033,1.7955039e-05
40037,9.186214e-05
40038,0.00020868581
40043,0.00020225495
40052,0.99986005
40061,0.00021297221
40062,0.0004987595
40075,0.0006213555
40076,0.00027838108
40088,0.9997664
40095,0.00026499626
40097,5.2314685e-06
40100,0.00014155437
40110,5.1396222e-05
40113,3.5348294e-05
40116,0.99768376
40120,2.077233e-05
40122,0.99942976
40123,0.00023917368
40124,1.48599775e-05
40134,6.062486e-05
40135,0.00011548377
40138,0.0004088078
40141,0.00046014754
40142,0.00047676577
40148,0.00017160704
40151,0.00034997836
40163,0.00016286524
40165,0.00040169523
40170,0.00022120622
40171,0.0002297355
40175,2.193453e-05
40179,0.014534575
40181,0.9988643
40185,0.0018582828
40197,0.00011439531
40202,0.00035624873
40206,0.00017815405
40210,0.000290759
40215,0.99906904
40216,0.00015404799
40225,0.00028096107
40229,0.048421115
40232,0.00058752706
40264,0.00024011254
40265,0.99865806
40267,1.5543319e-05
40269,0.008686068
40272,0.0003303618
40281,0.0018883205
40286,0.0009982474
40291,0.000166095
40292,0.0013759389
40298,0.00016797773
40310,0.9998511
40324,7.612631e-06
40328,0.0007132133
40329,1.8061635e-05
40332,0.002231405
40337,0.99972624
40338,6.783847e-05
40345,0.00048384396
40351,0.000112490176
40353,0.00064133905
40356,0.9989454
40363,0.00026353414
40366,2.0292078e-05
40374,0.00013453786
40375,0.0004736238
40388,0.0001167175
40395,0.0007398147
40397,0.9995555
40399,0.0011696679
40408,0.00020764854
40410,0.00030619142
40412,0.00016091441
40426,0.00019435839
40427,0.0003566337
40436,0.0005318535
40437,0.094909124
40440,0.99918324
40445,0.8008054
40447,6.041038e-06
40450,6.519302e-06
40452,0.09276362
40454,9.262342e-06
40461,0.00031821578
40462,0.100005016
40472,0.03418241
40485,0.00062883616
40490,0.9988783
40493,0.9926846
40499,1.0594015e-05
40504,0.00077321986
40512,0.00024644306
40517,0.99974364
40528,0.0002630642
40535,1.9155825e-05
40545,0.00030216973
40548,0.99958545
40554,0.00018934443
40565,0.0004963131
40571,0.037335183
40572,0.00023986267
40576,0.00019372157
40581,1.0371263e-05
40583,0.006748626
40592,0.9996964
40596,0.0009176212
40597,2.9913137e-05
40600,0.00094908196
40601,0.99974674
40603,0.0005446258
40604,5.964125e-06
40608,0.0002401629
40617,2.5699026e-05
40620,7.3571127e-06
40631,0.0005275478
40632,3.024995e-05
40640,0.99989176
40642,0.0015095328
40644,0.9993544
40646,5.9918886e-05
40658,0.0004953813
40663,2.109813e-05
40666,0.9962237
40667,0.00035869473
40670,5.493338e-06
40673,2.7064192e-05
40681,0.00075802073
40694,0.0002978105
40699,0.00011103716
40701,0.00012824264
40705,0.99900264
40706,6.0849416e-05
40710,0.00034567525
40711,0.99875414
40715,0.99964
40718,6.997419e-05
40725,0.00037670234
40729,0.9991565
40731,0.00011989752
40735,0.99938595
40741,7.960895e-06
40743,0.0001608825
40751,0.00049441657
40752,0.000380174
40753,0.0002247142
40754,0.008674715
40756,1.2809626e-05
40765,0.00040836397
40768,1.872721e-05
40775,0.00035346134
40780,0.9989334
40782,0.00025879184
40791,0.00014036121
40794,0.00018611747
40796,0.00012429373
40805,0.10103928
40815,0.00040900605
40819,0.99941576
40821,0.0005227475
40822,0.9966652
40825,0.00017344588
40827,0.00026267022
40831,0.15196182
40843,0.9997222
40849,0.0005982031
40864,0.00040239797
40865,0.00016361145
40866,0.00059626315
40867,0.105133615
40873,0.00019550051
40878,0.99504447
40879,0.00026255153
40882,0.0005972272
40885,3.682316e-05
40892,0.00015047712
40894,0.00031862926
40895,9.619385e-06
40899,0.9978765
40901,0.00014147461
40911,0.99976164
40913,0.8768775
40919,0.9985629
40924,0.0005395568
40925,0.00011631641
40926,0.00040011722
40930,0.9990013
40937,0.9998903
40938,0.0022210248
40945,0.0007402989
40954,0.00031113953
40956,9.7327524e-05
40959,0.0002662526
40963,0.00043517584
40969,0.00045109369
40970,0.0005057539
40976,0.0001264905
40982,0.06445169
40986,0.0001961374
41006,0.00022631457
41008,4.569557e-05
41009,0.9939069
41013,5.7840592e-05
41019,0.00026134079
41025,0.0003645541
41031,5.4473207e-05
41032,0.0006389651
41033,0.0017207717
41037,0.00022078436
41040,0.017928516
41044,0.000681041
41045,0.00033133928
41048,0.0007893983
41055,0.0002275687
41057,0.0001939489
41058,0.9998722
41062,0.0002925924
41069,0.00022283026
41070,9.913988e-05
41072,0.0665422
41074,0.0009998903
41077,0.00032485556
41080,0.00020053421
41082,0.0004957344
41084,2.1781963e-05
41087,0.99894553
41088,0.00062197616
41095,0.00031779832
41096,0.005586798
41101,0.9994597
41102,0.00012902544
41106,0.074347444
41111,0.00018704792
41117,0.0006345834
41124,0.000510469
41127,0.00014286072
41135,1.218347e-05
41138,0.00039958948
41139,1.0924706e-05
41143,9.729516e-06
41144,7.8023855e-05
41153,0.00019797891
41165,0.08526005
41166,0.9995478
41172,0.9996735
41176,0.0005729489
41177,0.00043247623
41186,0.00034277607
41187,9.210584e-06
41191,2.7617573e-06
41196,0.9999409
41197,3.5155965e-05
41209,0.0003099609
41213,0.9987166
41216,0.00028661542
41218,0.9991696
41220,6.710242e-05
41221,0.00034459357
41223,0.00094955997
41224,0.17531015
41235,0.9998036
41239,0.0020506666
41242,6.0961515e-06
41244,0.000585206
41245,0.0006235006
41246,0.00012750956
41250,0.00025684966
41251,0.00038434978
41252,0.9461238
41254,0.00012537398
41256,0.99822015
41257,0.1704781
41261,0.020819081
41268,3.1812684e-05
41270,0.86050886
41272,0.0004804039
41276,1.6289292e-05
41278,9.665704e-06
41279,9.958349e-05
41281,0.0015860256
41284,0.00019273185
41285,0.00013630097
41287,0.0013590779
41289,1.3938998e-05
41291,0.0042484747
41292,0.99950266
41295,6.784979e-05
41299,0.8847226
41306,0.8954343
41313,0.0009448216
41315,0.00025943268
41317,0.0011883259
41318,0.9969784
41325,0.00022624554
41331,0.9998116
41332,0.00019114204
41335,0.00012747697
41341,0.0005768893
41345,4.066912e-06
41352,0.00014052741
41358,0.99901855
41359,0.001585593
41365,0.00025229712
41375,0.00028771686
41388,0.00020786525
41399,1.5826723e-05
41402,0.0005384771
41413,4.860164e-05
41414,0.075037435
41416,0.9991524
41423,0.9980171
41425,7.259587e-05
41427,9.590148e-05
41429,0.0008270993
41430,0.0040751607
41432,0.008566224
41439,0.00020332595
41440,0.09543664
41445,0.00043278924
41449,0.0018165904
41451,0.009664013
41453,0.0009982755
41460,0.9970618
41467,2.3264314e-05
41468,0.00089279254
41469,0.0019367868
41475,9.5794356e-05
41480,0.0003535729
41488,0.9995433
41492,0.92044365
41499,0.999461
41501,0.8436323
41503,0.0002140336
41510,0.9392361
41511,2.6368478e-05
41518,0.99994445
41524,0.0014053168
41527,0.00017458678
41530,0.00042513662
41540,0.9997892
41541,9.267644e-06
41546,0.0021861566
41554,0.016334902
41555,0.009307805
41559,0.9995746
41573,0.0002909972
41577,0.9995704
41583,0.00048941537
41584,0.15936057
41587,0.012417702
41591,0.0005548812
41596,0.0004896109
41600,0.00010433961
41601,2.5472938e-05
41614,0.0009035234
41617,6.290125e-06
41631,9.88528e-05
41634,0.99952364
41644,0.00025865936
41647,0.00020769348
41655,0.0003620519
41661,0.00019928894
41666,0.9998124
41668,0.00036372442
41669,0.99963045
41677,6.2110175e-06
41682,0.0006040599
41683,0.0056141634
41685,0.99890924
41693,0.9993455
41695,0.999734
41698,0.11880198
41706,0.9996247
41707,0.0046117892
41712,0.09688251
41715,0.107050836
41723,2.3074078e-06
41726,0.0002682413
41728,0.00017255379
41735,9.438118e-06
41738,0.001536847
41742,0.00015088519
41756,0.9993364
41757,0.00043291118
41760,1.9385228e-05
41761,0.0001951515
41763,2.5083144e-05
41769,0.00079640397
41771,0.00040811085
41772,8.1863855e-06
41776,0.99898154
41778,2.4322451e-05
41785,0.0001560005
41787,1.4951137e-05
41790,0.0005135826
41797,0.99716467
41798,0.0002694234
41801,0.00022821254
41802,0.99903333
41805,0.99522495
41811,0.00092089776
41816,1.3536558e-05
41818,0.040836647
41831,0.0006678101
41834,0.05590639
41839,0.006840683
41847,0.9986395
41850,0.013597976
41852,1.9249605e-05
41853,0.003947272
41855,0.0004140267
41859,2.4965755e-05
41871,8.792082e-06
41875,0.99990106
41885,0.9998473
41898,1.6955984e-05
41901,0.00022517318
41903,0.9975177
41904,0.9234152
41908,0.9997874
41910,0.00010673254
41915,0.0002460219
41920,0.00044347392
41923,0.0011106938
41927,0.0044189235
41931,0.000114855364
41934,0.00040232527
41942,1.20235945e-05
41956,0.99671006
41957,1.916213e-05
41958,0.031836405
41959,0.0006126162
41961,0.0009448549
41967,0.9994993
41970,0.0004019601
41973,0.9996612
41991,0.9994375
41993,0.00085801515
41997,0.99817145
42005,0.0011686406
42009,0.9991346
42011,0.9999089
42012,0.0007343821
42022,0.9816938
42024,0.0005978024
42026,0.9987833
42036,0.79763186
42042,0.98893446
42043,0.0016343202
42044,1.5895183e-05
42047,0.007065672
42048,2.4002487e-05
42060,0.0001933914
42062,0.00025915675
42070,2.6978021e-05
42079,0.8590096
42082,0.00058772723
42084,0.99979323
42085,0.016212778
42087,0.0006719506
42097,0.00016940026
42099,0.00016130014
42100,0.12803873
42101,0.9985532
42115,0.0005381731
42116,0.0003186171
42121,0.9993193
42122,0.9994423
42127,0.9998864
42130,0.000513435
42131,0.00026382325
42132,0.99877304
42138,0.00018728654
42144,0.033755206
42149,0.012374435
42156,3.1999352e-05
42160,0.00085979106
42170,7.669171e-05
42173,0.00066231797
42174,0.00010863566
42176,0.99826247
42177,0.0006882462
42178,0.86524415
42183,0.99431956
42186,0.0003099151
42187,0.9975836
42188,0.9989697
42193,0.8080598
42194,0.00039672194
42196,0.9982487
42200,0.0012217188
42204,0.00077138253
42216,0.9989189
42223,2.2650029e-05
42227,0.00015202665
42228,0.9985014
42229,0.9984724
42243,0.00067724136
42244,0.00039199714
42245,0.0020844094
42248,0.00017494155
42251,0.99977523
42252,0.015153419
42254,0.0076781306
42265,0.0004700679
42273,5.5022596e-05
42275,0.0004916087
42281,0.00022616272
42286,0.99989164
42287,0.00030957285
42289,0.00022522235
42303,0.9963497
42304,0.9992372
42305,0.9993038
42306,0.00015991315
42308,1.9415478e-05
42315,0.9999176
42319,0.00053554185
42321,0.999008
42337,7.397444e-05
42341,0.9994178
42348,0.10645464
42352,0.999754
42355,0.04746692
42373,0.9975049
42375,0.99939704
42384,0.0016140299
42398,0.00041748703
42400,3.0645067e-05
42401,0.0003843773
42405,0.00036038004
42407,9.272268e-06
42410,0.06497684
42411,0.0022638224
42412,0.0004936906
42415,0.0005310863
42420,1.9373549e-05
42426,0.9991691
42428,0.0012202953
42437,0.0007091897
42439,0.0003397122
42441,0.00063909305
42447,0.0005856901
42458,0.0022577099
42470,0.00038123722
42476,0.00036832213
42481,0.99975985
42484,0.00041166044
42485,0.00056838733
42488,0.00011923317
42490,0.99935263
42494,0.00082168175
42497,0.00013685576
42498,0.88301855
42499,0.00019644527
42500,0.000104734754
42507,0.00016471138
42508,1.2295689e-05
42509,8.902242e-05
42510,6.262134e-05
42519,0.93693525
42523,0.017515589
42526,0.000115184295
42532,0.01007421
42535,0.0005330243
42537,9.321634e-06
42542,1.5181121e-05
42549,9.137757e-06
42550,0.011396055
42579,0.00022286958
42583,3.2062155e-05
42584,9.405473e-05
42593,0.00051324663
42595,9.230249e-05
42596,0.0004947513
42601,0.0005008679
42604,0.00010637154
42609,8.37004e-06
42611,0.0011876611
42616,0.0007078612
42623,0.99935657
42624,0.9998306
42628,8.809324e-05
42635,0.0006135938
42637,0.11077802
42640,0.0002507073
42641,0.9994437
42643,0.0005424287
42645,0.0001446461
42651,0.0006257581
42652,0.0015799257
42653,0.00043400907
42654,0.01188371
42659,0.88518363
42660,2.4934918e-05
42665,0.00031327517
42670,0.029415164
42687,0.00044146474
42690,0.9980704
42695,0.0013352012
42700,0.9965404
42709,0.99925345
42714,0.0005467951
42724,7.0880797e-06
42733,0.9992694
42740,2.2181655e-05
42741,0.00031693777
42748,0.9988747
42749,0.00027112672
42753,0.00034450882
42754,1.0026259e-05
42759,0.010920174
42765,7.065928e-05
42774,0.9987464
42779,0.9996716
42780,2.2076603e-05
42781,0.00023344414
42784,0.0001996467
42786,6.408578e-05
42787,0.9997125
42793,0.00018565948
42795,0.011567747
42796,0.00019249016
42800,5.9403093e-05
42814,0.00023002854
42828,0.00023405123
42830,0.00032225612
42831,0.99931574
42834,1.1778959e-05
42838,0.00017099714
42844,0.00045644882
42850,0.00029482134
42852,0.9998012
42853,9.440606e-05
42854,0.0035145679
42862,0.00033103456
42864,0.0006165201
42877,2.60964e-05
42884,0.00039958698
42887,0.96012247
42888,0.99275243
42889,0.99779105
42903,0.9971348
42904,0.00051120674
42907,0.00040731483
42910,7.6177143e-06
42912,0.000112945374
42921,6.652925e-06
42923,0.00056379486
42934,0.99839103
42937,5.291313e-06
42938,0.00012455403
42940,7.666078e-05
42947,0.98923266
42948,0.00041222732
42951,0.00042115516
42960,3.838554e-05
42962,2.4421372e-05
42963,1.3912888e-05
42964,1.3637482e-05
42969,0.00016400442
42974,0.00042091034
42976,0.0002640238
42977,1.1290391e-05
42978,0.99309206
42986,0.0006213757
42989,0.00043029693
43002,8.863573e-05
43004,0.9995147
43011,0.00038086617
43012,0.00018683367
43019,8.079693e-06
43022,2.4035586e-05
43032,1.0497629e-05
43033,0.99956995
43035,1.1555465e-05
43037,0.00030983237
43038,0.0002511856
43042,0.000103830454
43051,0.0003059355
43055,0.9994455
43056,7.488336e-06
43057,0.00043366724
43059,0.00016529791
43062,0.00020211788
43065,0.99426407
43066,0.00061329507
43067,0.0002220807
43078,0.00013902587
43081,0.00011559978
43084,0.00023869392
43087,0.00013881431
43088,0.00067114923
43090,0.0019596973
43091,0.0003882656
43094,0.9991953
43100,0.9971962
43102,0.00023435045
43109,0.993587
43112,0.99950397
43114,0.0012170747
43115,0.0008166436
43116,5.337239e-06
43118,0.99986076
43119,0.00052935735
43121,0.0005354819
43123,0.0005353589
43132,0.0002511219
43140,0.0009546753
43147,0.99987626
43159,0.9998683
43161,0.0050393017
43169,0.00018573082
43170,0.0007672281
43174,4.255314e-05
43177,0.9984517
43180,0.99909544
43182,0.0020488882
43191,0.00030234407
43194,0.00023711429
43196,0.99992883
43201,0.99771667
43207,0.0034923789
43208,0.98940104
43211,0.00034019203
43212,2.404918e-05
43213,0.00018674979
43219,3.9678944e-05
43220,0.0004858419
43224,0.99617696
43236,0.00018627371
43237,0.008717671
43244,0.00034252636
43248,1.0802065e-05
43249,4.178902e-05
43253,0.99938464
43259,0.0001433219
43263,0.99966824
43265,5.939018e-05
43269,0.9974831
43282,0.00015218706
43285,0.00038527552
43287,0.99836797
43293,0.90753734
43294,0.9987734
43299,8.009274e-05
43300,0.9999473
43313,0.9990445
43325,0.1018912
43329,0.0016466891
43334,0.00056977535
43335,0.00042554407
43339,0.9992982
43343,0.00160657
43346,0.9996321
43347,0.0018243975
43348,0.0011853126
43355,6.3521584e-05
43361,0.00023469907
43364,1.2670441e-05
43368,0.00016780404
43369,0.0008022694
43374,0.0003491677
43384,0.13437292
43387,0.0006745267
43391,0.0006414968
43392,0.061477646
43394,1.3827636e-05
43395,0.9927619
43396,3.7801337e-06
43398,0.9999449
43406,0.000579003
43411,4.7564252e-05
43413,0.9975074
43415,3.6411562e-05
43416,0.9999267
43417,0.00018011076
43420,0.00018897234
43421,0.9997942
43425,1.4864839e-05
43434,0.9988366
43448,0.0006740331
43450,0.00020010235
43458,1.978476e-05
43459,0.00020623872
43466,0.00014275736
43469,0.9990213
43475,7.861766e-06
43479,0.9996598
43480,0.00043645437
43486,0.99951005
43491,0.00025885153
43503,0.00017516271
43506,3.1469845e-05
43532,0.00012264721
43537,0.00010193042
43541,0.9997427
43543,0.99949074
43546,0.0026899138
43547,0.99943775
43549,0.98127055
43550,0.07051758
43551,0.07441493
43557,8.983573e-06
43559,0.00060008524
43567,0.00025339908
43584,0.0002157652
43586,0.9995364
43591,0.99577904
43594,0.00015872534
43596,0.0011507121
43603,0.0007485945
43608,0.00023244557
43615,0.99608934
43619,0.00014093482
43620,0.00018018016
43621,0.0003307677
43638,0.9928685
43640,3.7785154e-05
43641,2.0193336e-05
43644,0.00017140753
43646,0.00029400986
43647,0.0022233773
43649,0.00019352532
43664,0.0006152
43666,0.0005529823
43670,0.0028031294
43672,0.00017487517
43678,0.0005546033
43680,0.00019006994
43685,0.999863
43687,0.9995865
43690,1.8658186e-05
43701,0.0010703492
43702,0.0008962747
43709,0.00047304062
43718,0.9992631
43722,0.00031860676
43728,0.00027340217
43731,0.00015852507
43738,0.0002946617
43741,0.000763715
43746,0.9992021
43747,0.00016476211
43755,0.9999348
43758,0.00059801893
43762,0.0008597038
43763,4.3631102e-05
43772,0.011634506
43777,0.0019167801
43795,0.00046784148
43798,1.0952632e-05
43801,0.00017152524
43802,0.0005735756
43812,0.99476886
43817,0.00080046075
43818,0.98942566
43819,5.201775e-05
43821,0.99978966
43822,0.00023891135
43824,0.0013073226
43830,0.9996766
43831,0.00039294295
43843,0.9985417
43854,1.0518493e-05
43857,0.00048946624
43860,1.2132373e-05
43864,0.00013843151
43865,0.00035163885
43866,0.00016302342
43867,0.00039021124
43870,8.8808265e-06
43872,0.00017321797
43873,0.9999368
43875,0.9989525
43878,0.0035146081
43882,0.00018765386
43883,5.671396e-06
43892,0.00044773542
43894,0.99975246
43909,0.00028463732
43910,0.00059683487
43914,0.00046321427
43918,0.00032724405
43921,0.08369505
43926,0.00021073471
43927,0.8648065
43931,6.879891e-06
43933,0.9998846
43935,0.0007161201
43936,0.99912184
43940,0.9982181
43944,3.5591056e-05
43945,0.00022861129
43947,0.023228409
43955,0.00041780318
43958,0.0010279891
43960,0.9957819
43965,0.00017910241
43966,1.0801859e-05
43967,0.0106072165
43969,0.053874623
43970,0.00040672257
43974,0.98199135
43979,3.509815e-05
43990,0.00024105943
43993,0.99913245
43994,0.9964981
43996,0.9950677
43999,0.00064440194
44000,0.9988187
44003,0.9996743
44004,0.99968076
44005,0.99970585
44012,0.00045795328
44015,0.9996722
44020,3.140461e-05
44021,0.00012951987
44022,0.9999348
44023,3.3568896e-05
44024,7.460408e-06
44025,0.9995303
44029,9.003854e-05
44030,0.00072582945
44051,0.00010623166
44054,0.99599874
44057,0.00017771107
44058,0.00094259623
44062,2.9754267e-05
44065,0.014292766
44067,0.08628458
44072,0.056835193
44076,0.0002592015
44078,0.99972993
44081,0.99930465
44082,0.0008300146
44093,3.2895412e-05
44101,6.988736e-05
44112,0.038370345
44114,2.6432252e-05
44115,0.09921778
44122,0.9989907
44126,0.0003727784
44128,0.0010103658
44129,0.015267494
44130,0.99913675
44133,1.8014536e-05
44137,0.00017096274
44139,2.252909e-05
44147,2.486527e-05
44150,0.00024303814
44156,0.00059696316
44165,4.5994035e-05
44167,0.99886274
44171,0.00013358079
44172,0.9995722
44173,0.003399375
44174,5.7751633e-05
44176,0.0001593258
44187,0.00035289317
44188,1.3004288e-05
44191,0.00015774176
44200,0.0007039627
44205,0.1327279
44207,4.679272e-05
44209,0.9966577
44210,4.980325e-06
44217,0.9990758
44218,0.9991208
44221,0.9992317
44234,0.99920136
44236,0.0006308471
44237,2.2915528e-05
44238,0.09834619
44240,0.9997912
44245,0.0021889138
44246,0.0002900516
44249,0.9953117
44250,0.0004099122
44252,0.0012312698
44260,0.99963737
44269,1.9216242e-05
44288,1.9173609e-05
44290,0.9994466
44291,0.99614125
44295,0.99883896
44304,0.99985075
44310,0.00019502353
44320,0.0052550365
44324,0.00020916131
44326,0.0007026755
44331,0.00041080566
44339,0.00018055782
44344,0.99469674
44347,0.0002679208
44348,0.00021780966
44349,0.0010135686
44356,0.0002398174
44357,5.7900475e-06
44362,0.00022193042
44367,0.0001932972
44371,0.00014619216
44376,0.00024086991
44377,8.432219e-05
44378,0.00038300452
44383,0.99968374
44386,0.99944264
44387,0.0008083486
44393,8.560219e-05
44396,0.9997373
44398,0.00022459662
44399,6.8811573e-06
44404,0.00082255364
44405,0.00037187806
44413,0.0006735794
44414,0.99743456
44417,0.00026510286
44419,0.0036972857
44428,0.00012391752
44430,0.00053891353
44436,0.00019587706
44440,0.0006202358
44442,0.08614915
44446,0.0006637717
44450,0.00067738496
44453,0.0016886443
44454,0.0001866695
44460,0.012862773
44464,0.0007785922
44467,0.0007307944
44468,2.0492089e-05
44473,0.0008808546
44483,0.00016036727
44484,0.0016878479
44485,0.0005879595
44487,0.0006708471
44489,0.008660837
44492,0.00016653538
44494,0.99948514
44495,0.00017079477
44503,0.99965227
44504,2.2597816e-05
44508,0.00016853925
44512,1.4494795e-05
44514,0.058373097
44529,1.1634339e-05
44530,0.9997179
44531,0.11716843
44535,0.00061802915
44536,0.0006973439
44553,0.0003108339
44555,0.00021074817
44558,0.9999529
44560,0.0013284145
44561,0.00233861
44564,0.9930964
44569,0.0009023074
44575,0.00013323121
44587,0.078211844
44588,0.99792504
44592,0.000562
44593,0.00034191983
44598,0.06019329
44601,0.0006746604
44604,0.00022514141
44607,0.9994042
44613,0.00026328827
44615,0.9995074
44619,0.9995067
44625,0.99808925
44627,0.0007954718
44628,0.998765
44636,3.976736e-06
44637,0.9989974
44642,0.9992914
44649,9.233119e-05
44653,1.5432912e-05
44657,0.00038654622
44658,0.00052128365
44664,7.399472e-06
44666,1.7130724e-05
44667,0.00036747128
44668,0.00047763233
44669,1.4428664e-05
44672,0.00012442333
44677,0.00051919324
44679,0.0019698883
44680,0.000622939
44684,0.011184125
44695,4.0855834e-05
44696,0.9994797
44697,0.0005907332
44711,0.063367814
44714,4.429488e-05
44715,1.5967578e-05
44720,0.12739018
44725,0.001090326
44728,8.585783e-05
44730,0.001573581
44735,0.9991066
44737,0.0005771146
44739,7.7126984e-05
44741,1.1182559e-05
44744,5.3989843e-06
44745,0.9995788
44754,0.99888784
44757,2.8874296e-05
44759,0.99395967
44766,0.00038543425
44767,0.99965143
44769,0.000591383
44771,0.9999311
44772,0.00016810912
44776,0.0003559995
44781,0.9992211
44782,0.0008234003
44784,1.0275128e-05
44792,0.00041139565
44800,0.06980934
44802,1.2850139e-05
44803,0.00015572867
44804,0.999458
44805,0.99896824
44810,0.00031606876
44821,0.9977457
44823,0.0004463626
44825,0.000378895
44826,7.862996e-06
44828,0.00035775133
44829,0.00018360013
44834,0.9999509
44840,0.99937063
44842,0.00050933054
44844,0.102129914
44847,0.00010124843
44857,0.00045459424
44860,0.99794966
44864,0.0005420527
44874,0.00015065013
44876,4.6302095e-05
44877,0.00047390876
44879,5.238923e-05
44881,0.0004313333
44890,1.6047663e-05
44899,0.00015731667
44902,0.9987754
44903,6.9488306e-05
44904,0.13038072
44906,0.00041072204
44908,0.00034516928
44909,0.00034914573
44916,9.812448e-05
44917,0.0036122047
44919,0.0006301813
44921,0.00022151034
44925,0.00028994074
44927,7.774408e-05
44928,0.00080048013
44929,5.6127797e-06
44943,0.09195218
44944,0.00028244738
44945,0.9989662
44948,0.00017247631
44952,0.00045148534
44955,0.00044093124
44957,0.9981945
44959,0.9911075
44961,0.008108666
44962,0.00030301415
44966,0.0007312343
44971,0.9998047
44972,0.97466373
44975,0.000187477
44976,8.836684e-06
44977,0.99828076
44979,6.977418e-06
44980,0.00024890172
44981,0.9936661
44982,2.5960548e-05
44986,0.00020805403
44991,0.00065297674
44993,0.0015165169
44995,0.0024804687
44996,0.00025646278
44997,2.721207e-05
44998,0.9996438
45007,0.0005424468
45013,0.9986314
45014,6.4390915e-05
45015,0.9934382
45016,0.0007027421
45018,1.6259928e-05
45020,0.0051364936
45028,0.0002443362
45033,0.9959007
45036,2.4025961e-05
45044,0.0003021395
45050,0.9993825
45063,0.9959992
45064,5.451748e-05
45071,1.0124824e-05
45076,0.89221776
45077,0.03569282
45080,0.00016337962
45088,7.638265e-06
45089,1.7280827e-05
45091,0.9972281
45094,0.06171613
45099,0.06490067
45108,3.5003988e-05
45111,0.094930984
45127,0.0027473427
45135,0.00014668395
45137,3.1470714e-05
45139,0.10954325
45140,0.00030572034
45142,0.0028486496
45143,0.08382692
45163,0.00029797663
45171,0.001968923
45172,0.00023508738
45174,0.00042667676
45179,0.00038063803
45189,0.047032677
45194,0.00022234871
45197,1.4005408e-05
45211,0.8542952
45224,1.4501168e-05
45229,0.00022191137
45230,0.00023860017
45236,0.0005651144
45237,0.99905413
45240,0.061572183
45242,0.0003289171
45251,0.0009966333
45261,9.612093e-05
45271,6.974455e-05
45280,0.00047297322
45281,0.0007496997
45289,0.9997352
45291,9.124028e-05
45292,0.00070253585
45294,0.0002555382
45297,0.99983513
45301,0.00024036244
45303,0.00049370097
45305,1.25392e-05
45306,0.99992466
45312,0.9984269
45315,0.000201491
45316,0.002195913
45317,0.00031707832
45327,7.01458e-06
45329,0.99996376
45331,0.0005376529
45333,0.0017092369
45337,0.00064713485
45338,0.00026903223
45340,2.2162983e-05
45341,6.808232e-06
45350,0.00020748448
45355,0.00013928289
45358,0.0002268136
45361,0.00014872782
45367,0.99809283
45377,0.994697
45378,0.0004502995
45379,0.014519592
45382,0.0004897974
45383,0.9967043
45388,3.3189022e-05
45391,7.0853016e-06
45395,2.7277492e-05
45401,0.00081817526
45402,1.8892348e-05
45406,0.015142827
45411,0.0022483927
45412,0.9984652
45413,0.00068391225
45416,0.0006969662
45420,2.8824406e-06
45421,0.012194547
45423,0.00037793757
45435,0.9995548
45443,0.99995196
45455,0.00022330752
45461,0.0005713391
45472,0.0013210803
45485,0.092126966
45490,0.06831087
45506,0.99994683
45507,0.00038165975
45513,0.99358976
45514,0.00013540375
45519,6.1203436e-06
45520,0.0028125206
45521,0.00020393735
45522,0.00015272174
45528,0.09256477
45532,0.9058081
45536,0.00028922813
45539,1.5121893e-05
45545,0.0003147538
45546,0.0007393436
45553,0.0015884867
45556,0.916853
45557,0.0001911475
45567,0.00016590173
45575,0.9994785
45578,0.00018794395
45580,4.458365e-05
45589,0.0006633613
45590,0.00048933865
45592,3.978014e-05
45603,0.00073245174
45604,0.00021880648
45606,0.0021977173
45611,0.0006420901
45617,0.121343985
45620,0.8197434
45625,0.0002366321
45627,2.7490825e-05
45628,0.0007514435
45633,0.99898964
45638,0.00026809916
45642,1.0894638e-05
45643,0.0010369809
45647,0.9962115
45650,0.000485597
45653,0.001665912
45654,0.87958175
45658,0.00027275234
45661,0.0037594477
45670,0.0035522627
45673,0.023267275
45685,0.055428717
45691,0.0011349255
45693,0.99922454
45694,0.99633527
45696,0.9995989
45700,0.6915801
45703,0.99961615
45708,0.99909365
45711,0.11709956
45714,1.4859964e-05
45717,0.00011431189
45721,0.0006243546
45722,8.274242e-05
45723,0.9955954
45726,0.00049405335
45733,0.0005312448
45735,1.3417378e-05
45737,0.00021633336
45743,0.0017001315
45746,0.00075392344
45749,0.9933101
45751,0.99982905
45752,0.999057
45757,0.99526215
45759,2.368847e-05
45764,0.0007685083
45768,0.011417789
45781,0.9880185
45785,0.0007140021
45798,0.99929965
45801,1.5213498e-05
45808,2.6829393e-05
45814,2.2094779e-05
45815,0.99981135
45816,0.0005204042
45825,0.9998191
45828,0.0018500428
45831,0.00012349899
45832,0.00029810166
45834,0.10363741
45844,0.0003787677
45847,0.999931
45848,0.000644577
45853,0.0019151544
45854,0.00014706347
45856,0.00017845446
45861,0.99976593
45862,0.0018363083
45871,0.99839056
45882,0.00026600625
45891,0.0007436384
45893,0.0003495809
45898,0.0021350526
45901,0.9991911
45905,0.9995005
45908,0.0013445049
45911,0.0014480553
45919,0.0006188382
45928,0.0001530318
45931,0.008530571
45934,0.0004923862
45938,0.002513556
45940,0.9995455
45944,0.87817997
45950,0.99959534
45953,0.06507416
45954,0.0819508
45960,0.00021195284
45965,0.0003461465
45967,0.00013305158
45968,0.06840013
45976,0.00035556298
45977,1.9035562e-05
45978,0.00016906268
45985,0.0649279
45986,0.9998047
45994,0.00038659672
45997,0.00023640209
45999,0.08186957
46000,0.09183511
46001,0.00022981042
46006,0.00042997094
46010,0.00036161108
46011,0.9999492
46012,0.9996388
46016,0.9990139
46025,0.992492
46027,0.0002424905
46029,0.0010415417
46036,0.0006783301
46041,0.0006308688
46043,6.0647108e-06
46050,0.99988186
46053,0.0026321684
46059,6.036083e-05
46060,6.1976457e-06
46063,5.8868376e-05
46070,2.1336282e-05
46071,0.9996489
46076,0.0005266992
46078,0.0009498775
46081,0.00014121555
46084,6.0131366e-05
46087,0.0001068409
46092,0.00042604722
46093,7.5884354e-06
46096,0.00092452345
46105,2.3429988e-05
46110,0.99749607
46114,1.9764357e-05
46116,0.9990482
46120,0.00026435728
46121,0.9997003
46127,0.999938
46132,1.2459989e-05
46136,0.0028729895
46138,0.9960549
46140,0.00027454155
46142,0.00033081468
46143,0.9989435
46145,0.00061353855
46151,1.1301422e-05
46156,0.0040539494
46160,0.0012026998
46161,0.0032401232
46172,0.0002609521
46186,1.0166943e-05
46187,0.0002167101
46199,0.99441886
46201,0.00011942934
46205,0.00060174335
46210,0.9941875
46220,0.007854693
46222,1.8584544e-05
46227,0.00075054745
46231,0.0018222219
46237,0.9911805
46244,0.00019292103
46247,0.0014404312
46250,0.0005698422
46251,0.00049611396
46252,0.00019830556
46253,0.0006956208
46256,0.001122823
46257,0.9994561
46259,0.9980253
46261,0.00097513536
46263,0.067144565
46265,0.00019488801
46266,0.99970514
46270,0.000136988
46273,0.0001940414
46277,0.99926776
46284,2.9322191e-05
46288,0.00020330482
46291,1.6221285e-05
46304,0.0016330151
46306,0.00017250872
46320,1.1529794e-05
46321,0.9109421
46323,0.99319273
46327,7.6086515e-05
46332,0.0003583275
46336,0.9987613
46339,1.7937222e-05
46341,4.4179207e-05
46342,9.0696216e-05
46343,0.99312663
46345,0.06653533
46349,0.99752694
46354,0.00034195225
46356,0.00035547282
46363,0.0009806321
46366,0.00041729526
46367,0.0011182443
46369,8.219593e-05
46373,0.9982426
46376,0.0006538757
46381,0.99951005
46388,0.00029835443
46389,0.0002863603
46390,0.99395615
46396,7.913178e-05
46400,0.00066750817
46404,0.009529202
46408,0.99675745
46409,0.9999429
46410,0.0002658658
46411,0.001039018
46413,0.12194256
46416,3.2340464e-05
46419,0.9978333
46428,0.0051394426
46432,0.9995427
46433,0.00017022101
46434,0.0004988415
46438,1.618025e-05
46442,0.0005194814
46443,0.00046861116
46446,0.0009903503
46449,0.0006698935
46456,0.91148293
46469,0.9991123
46473,0.00053123187
46474,1.6161266e-05
46483,0.0005530184
46486,0.00056514906
46490,0.00016636415
46494,0.99466276
46495,0.020629272
46499,3.996338e-06
46503,0.00014838431
46506,0.0002507293
46518,0.00025392
46519,0.00064784667
46526,0.079678945
46528,0.9987405
46533,0.0003232768
46540,9.6637064e-05
46543,2.159744e-05
46548,0.9985903
46549,7.351313e-05
46553,0.00017972065
46555,0.000119342934
46557,1.538841e-05
46561,0.0005293571
46567,3.574078e-05
46568,0.93436015
46571,0.00017725279
46580,0.00062797853
46581,0.00023894417
46582,8.293657e-06
46592,0.09268958
46594,1.4752538e-05
46595,0.0005421439
46597,0.99935454
46599,0.0013779432
46602,0.0006645597
46612,0.99974376
46623,0.0005270811
46625,0.99967873
46630,0.00095367216
46642,0.9997075
46645,0.00034337465
46648,0.00053724874
46659,0.0006819285
46662,0.0018724424
46670,0.00041970573
46671,0.00057506457
46678,0.9972537
46681,0.99019367
46687,0.0029096373
46688,4.0721792e-05
46689,0.9249661
46690,0.00013975249
46697,4.8869924e-06
46709,6.5434006e-06
46711,0.9984571
46717,0.00025344448
46718,0.0006254459
46719,0.00063265976
46720,0.00014841955
46722,0.0012516046
46726,0.00023096366
46729,0.0002831438
46731,0.00033638533
46732,2.2007025e-05
46750,0.99987173
46752,0.000450251
46754,0.00096392934
46763,0.01290144
46774,0.0011900278
46776,0.000234024
46780,0.99757034
46784,0.00069641846
46786,0.000195593
46791,0.00031381295
46793,0.8264338
46796,1.2246398e-05
46806,0.9968285
46820,0.9997435
46824,0.0008603733
46826,0.07140712
46830,0.00018368349
46831,0.00018394779
46837,0.0011146144
46840,0.9988902
46841,0.9983847
46842,0.00044271638
46845,6.143551e-05
46846,0.9993407
46852,0.00024536386
46855,0.0006349165
46860,0.00054015755
46866,1.442345e-05
46868,0.00085511233
46871,0.00040392837
46873,0.00028876332
46874,0.0012737693
46882,0.99912566
46888,0.043482564
46893,0.0002435387
46896,0.0018634222
46898,0.041684616
46900,0.00024472302
46907,0.0002561925
46908,0.99993527
46911,0.0010134247
46912,0.00023199058
46914,0.99909997
46915,0.997136
46916,8.875087e-06
46919,0.0008575464
46921,0.00048499004
46927,0.00017739466
46932,0.00056471507
46933,0.9967405
46934,0.99967563
46948,4.557954e-05
46952,0.9993862
46954,0.00026985092
46956,9.204338e-05
46963,1.838624e-05
46964,0.99519086
46966,0.00012526821
46969,0.00011302962
46971,0.99924505
46973,0.0037103344
46974,0.057908528
46980,2.2052993e-05
46985,0.07982548
46987,0.00433509
46998,5.1370298e-05
46999,0.00027983694
47002,0.99950993
47003,0.9956061
47006,0.0017928069
47007,0.9992034
47013,0.0430147
47015,0.0007590913
47017,0.0032723045
47026,0.061117467
47032,5.2750943e-06
47033,1.9420238e-05
47035,0.0011506962
47044,0.0013074783
47048,0.00014900348
47050,0.00010262159
47055,0.00014860634
47056,0.99974424
47062,0.00044203893
47067,0.0004977439
47070,0.00012354716
47072,1.712339e-05
47075,4.9306418e-05
47076,0.9994622
47079,0.9991565
47080,0.00021922601
47084,0.0006320251
47086,0.00018979485
47091,1.1012615e-05
47097,0.9935597
47100,0.0006562662
47102,0.99817157
47103,0.93108064
47106,0.90639055
47109,0.0005563553
47113,0.99911505
47114,0.00092220877
47121,3.7431234e-06
47133,7.890888e-05
47137,0.00043917907
47138,0.00024131815
47139,0.7738396
47140,0.99987173
47143,0.9996475
47145,0.00052264263
47147,0.0060004923
47149,0.00023083443
47150,0.13594337
47152,0.0003804472
47155,0.99993896
47157,0.9992281
47164,0.99875855
47169,0.9993616
47174,0.0005435974
47184,4.731074e-05
47188,0.000508902
47189,0.00044556483
47192,0.99993587
47193,0.07059092
47194,3.6219255e-05
47196,0.0001448287
47210,0.018242652
47215,0.0023370276
47218,0.9996474
47220,0.00018009341
47222,0.99976724
47227,0.0008672857
47228,0.081600785
47233,0.9102727
47237,1.115626e-05
47238,5.699738e-06
47239,0.99947125
47240,0.019908138
47243,0.995745
47250,0.18675588
47251,0.005747074
47252,0.00017551064
47253,0.11634458
47254,7.706854e-05
47258,0.99924767
47260,2.1673244e-05
47263,0.99844235
47264,0.00022817185
47269,0.9999294
47274,0.000113770344
47277,4.405749e-06
47278,0.00036274045
47282,1.103885e-05
47286,0.00022453087
47288,0.0015513514
47291,0.9991917
47292,7.3328716e-05
47296,7.341814e-05
47300,0.99476916
47304,0.00020002281
47306,0.0002890972
47307,8.1977605e-06
47309,0.00070041604
47315,0.99993944
47316,0.9987231
47324,1.2384988e-05
47325,0.00045459857
47326,0.9993418
47327,0.9989623
47328,0.00022723763
47336,0.00019657849
47342,0.00018344037
47346,4.2023163e-05
47347,0.0002931869
47351,0.00038200192
47364,0.08034466
47365,0.0010979814
47375,9.999017e-06
47376,8.468029e-05
47384,0.003642183
47390,3.8382463e-05
47395,0.9984407
47398,0.9998118
47411,0.99955577
47416,0.9996517
47417,0.0006046509
47418,0.00014387837
47425,8.9209374e-05
47434,9.5017866e-05
47456,2.2321497e-05
47457,0.99967194
47465,0.0010668387
47466,0.9991455
47472,8.950446e-05
47475,0.00027457273
47478,0.00015766731
47479,5.6515814e-06
47487,0.9996855
47497,0.00069093244
47498,1.03412685e-05
47503,0.0010940509
47509,0.00031378065
47516,0.0012793228
47520,0.0002990225
47524,0.95584637
47525,5.600744e-06
47537,0.000920739
47541,0.0018798296
47550,0.9918317
47551,0.0016172112
47555,0.002333126
47560,0.0035654467
47563,0.00015493229
47565,0.00078398915
47571,0.9998018
47574,0.999406
47583,0.0005291193
47585,0.9988403
47590,0.00036499626
47600,0.0002638937
47608,0.9960939
47611,0.0014045995
47614,0.0023966066
47615,0.0006429318
47620,0.0011489432
47627,0.9998623
47632,0.00019023223
47633,0.002712567
47634,0.99992335
47636,0.00014491682
47637,0.00022321002
47641,0.99901235
47654,5.248063e-05
47655,0.00055949594
47662,3.0625084e-05
47663,9.961497e-06
47667,0.002791374
47669,0.00019742525
47671,7.625434e-06
47672,0.00031317337
47675,0.9999343
47676,0.0006361812
47691,0.0006729436
47692,0.00017551363
47696,0.0002551847
47697,0.00018371886
47699,0.9994898
47706,0.99451786
47714,0.00029757124
47715,0.0006860554
47717,2.410831e-05
47718,0.001394245
47720,0.00026395585
47722,0.0024021594
47737,0.99842787
47742,0.13679868
47744,0.00028696732
47751,4.5467754e-05
47753,0.00023258125
47755,0.0034667924
47758,2.1469565e-05
47760,0.9991536
47768,0.9997855
47773,0.9990476
47777,2.424996e-05
47785,0.0008428045
47787,0.001632266
47790,9.53008e-05
47801,3.3925542e-05
47804,0.99878746
47809,0.00020839093
47811,1.161525e-05
47814,0.9997327
47815,0.9994821
47823,0.00022646137
47828,1.3530104e-05
47831,5.3518115e-06
47839,0.00058071903
47840,3.456404e-05
47853,0.00027353177
47860,0.00014386974
47871,0.00018854956
47876,0.9990891
47877,0.04211787
47878,0.00017802091
47886,0.06320227
47887,0.00011739368
47891,9.975063e-06
47894,0.0016264779
47899,4.274307e-05
47903,0.00017921993
47906,0.0004911295
47914,3.6877205e-05
47915,0.00045046586
47916,5.604922e-06
47920,0.00030200847
47926,8.330287e-06
47928,0.9984471
47929,6.8639376e-05
47930,0.00012862928
47939,0.00014565952
47942,0.000592488
47945,0.002313969
47947,0.00021958123
47949,0.00018659458
47955,0.0010168566
47956,0.00017274723
47962,1.6691232e-05
47974,0.0009831692
47977,0.99628395
47978,5.3520467e-05
47996,0.08492507
47998,0.0012661701
47999,0.02444618
48010,0.00012635971
48016,0.9982255
48017,0.00011580113
48018,0.12169805
48021,0.00070341444
48030,0.00061800383
48033,0.00019285647
48035,0.0007420021
48041,1.2953368e-05
48044,1.6955257e-05
48046,0.0008518086
48047,0.00020457694
48050,0.99928564
48058,0.002036048
48065,0.00026869666
48066,0.0050135013
48075,0.00024371175
48081,0.0006550689
48082,0.00056936225
48090,0.12448213
48098,0.99982125
48104,0.00046128102
48105,1.07595115e-05
48107,0.0007857037
48110,0.9999558
48115,0.9975677
48119,1.5146009e-05
48120,2.3514689e-05
48122,0.00022487475
48127,0.00024218942
48131,0.00018597893
48136,8.8564506e-05
48144,2.5845386e-05
48147,0.9995697
48150,0.09059824
48152,0.77551675
48171,0.9994246
48174,0.00057781494
48177,0.0022134907
48181,0.00064103596
48194,0.0006138851
48199,0.9993548
48200,9.5194075e-05
48203,1.0890836e-05
48205,0.0006194436
48207,0.0005493323
48210,0.25615647
48211,0.8723411
48219,0.00037436318
48221,0.99964666
48223,0.13081676
48237,0.0014124446
48240,0.0011682787
48241,0.00014508632
48245,0.00010471069
48248,0.99977034
48253,1.2790682e-05
48259,0.0007601348
48260,0.99967873
48261,0.0003890195
48262,0.0001604754
48268,0.0001364734
48271,1.689228e-05
48273,0.00031332806
48274,0.0010400425
48279,0.00021385838
48286,0.054553024
48289,3.5557878e-05
48295,0.13044006
48301,0.00031731935
48304,0.00033088628
48306,0.00020752424
48315,2.3854753e-05
48316,0.99884737
48319,0.00016275285
48320,0.0010043092
48323,0.0003184941
48334,0.9991985
48336,0.9266749
48341,0.9984981
48342,0.04475675
48350,0.00044176742
48363,0.9984952
48370,0.00065841846
48377,0.0005905781
48384,1.6330792e-05
48397,0.99721766
48403,0.009085484
48405,0.9997031
48406,0.0007518009
48413,0.9998591
48414,0.0012482688
48417,3.019847e-05
48423,0.0003681854
48428,0.0011600201
48431,0.99971825
48434,0.99788934
48437,0.00031021985
48438,0.099074945
48441,0.00011272093
48447,6.981715e-05
48450,5.9662925e-06
48458,0.994436
48462,0.0002537397
48464,0.10965488
48465,0.0002143708
48467,0.10614576
48469,0.00026502478
48480,0.00033528075
48481,1.0542785e-05
48485,0.00024761693
48494,0.0006873692
48496,0.99435586
48514,0.9218912
48521,0.9947588
48524,7.100105e-05
48526,0.0007205334
48528,0.00033048118
48538,0.00078376697
48540,0.99845934
48545,1.312503e-05
48551,0.99626106
48552,0.00012360289
48556,0.0006458052
48558,0.00016435666
48563,0.00022870372
48564,0.00039371953
48566,0.00032473417
48575,0.0001658875
48576,0.14200254
48577,0.9996846
48580,0.0013818751
48584,0.0004336493
48585,0.0012609457
48588,0.10390874
48604,5.4521643e-05
48610,0.00022817793
48615,3.5845675e-05
48620,0.00039296845
48626,0.00029242144
48627,0.0008582351
48635,0.00048399298
48639,0.0013535796
48643,0.99717987
48650,4.8853663e-06
48656,0.99930155
48658,0.104504
48660,0.00035556348
48662,0.038489718
48682,0.81859535
48684,0.00020211903
48688,0.0005187357
48689,0.00032482983
48693,0.0008288504
48694,0.99814713
48695,1.6605085e-05
48699,0.9995364
48700,0.000484377
48715,0.008298827
48728,0.00025077138
48735,0.00022324709
48736,0.0004621256
48742,0.00022137564
48743,1.7651408e-05
48745,0.00036040155
48746,0.99832875
48748,3.7147365e-05
48757,0.00030919735
48759,0.006772682
48772,0.0002403998
48777,0.0010557118
48787,0.9869431
48788,0.08339129
48795,0.00055038417
48798,0.00062762847
48799,0.00026010012
48807,0.009592381
48810,4.9979782e-05
48811,0.00019993892
48812,0.9971648
48816,0.99850816
48819,0.0004694524
48823,0.00019314539
48829,0.0006429799
48831,0.99991167
48833,0.9996489
48842,0.00032124476
48844,0.00029461368
48849,0.13498633
48851,0.0002684153
48855,2.134654e-05
48856,0.00033957395
48859,0.00056394405
48863,0.9992637
48871,0.9980361
48872,0.00030934685
48873,1.6451904e-05
48874,0.00016836595
48876,0.15733995
48877,0.00018528827
48878,0.99982977
48879,0.0858011
48882,0.00014800673
48887,0.9984831
48890,0.0002888641
48895,0.1369199
48897,0.00034358044
48899,0.0009093899
48904,0.9934315
48910,0.0025121935
48912,0.99932516
48915,0.00014471024
48919,0.999876
48922,0.0001839585
48925,0.99988496
48926,0.99986374
48928,0.000522832
48929,0.0013999689
48932,0.00053572
48943,0.00016185602
48951,0.09987619
48957,4.1068648e-05
48960,0.9990446
48961,0.00070660084
48977,7.462722e-05
48979,0.00051679986
48981,0.00016944953
48982,0.00014217838
48986,0.9957789
48996,0.0010159619
49007,1.1481768e-05
49008,0.00070600247
49009,0.0008028548
49011,0.0013569638
49014,0.00017134495
49015,0.003925161
49024,0.00057919614
49025,0.0104273725
49026,1.0166303e-05
49027,3.6011163e-05
49033,0.99930465
49043,0.00067826157
49046,0.99897325
49061,0.00023726354
49063,0.0004056078
49065,0.0012296418
49068,0.9963037
49073,0.00029778638
49075,0.00058254844
49082,0.07570599
49083,0.9993038
49087,0.00016419077
49089,0.00018722244
49093,0.00054195325
49099,0.99993706
49105,0.00012291707
49112,0.9982102
49113,0.9846428
49126,0.9972121
49131,0.8838392
49136,0.00010916942
49140,0.0005725174
49146,0.08778271
49147,9.9796234e-05
49151,0.99463093
49156,0.0023186037
49160,0.00059790583
49162,0.00011933725
49168,0.99595934
49169,0.00026788682
49175,0.000249879
49176,0.00017228615
49181,0.0012640288
49182,0.001394369
49186,1.8452585e-05
49194,0.0903102
49200,4.5839893e-06
49209,0.00037950595
49210,0.0009390259
49211,0.007773575
49215,0.0024156452
49222,0.0028841195
49230,0.99806494
49234,0.99903035
49240,0.9990453
49242,0.9995024
49245,0.00042341303
49246,0.0005287535
49247,0.0002989686
49256,4.3625736e-05
49259,0.00051118725
49268,1.6836713e-05
49272,0.0007471687
49279,0.0014762825
49280,0.99858665
49281,0.99993753
49282,0.00016396063
49284,1.5634241e-05
49285,0.00049109885
49289,0.00050446525
49293,0.00023609416
49294,5.8829766e-05
49296,0.00033218027
49298,0.0009801539
49300,1.8581406e-05
49303,3.060667e-06
49306,1.749605e-05
49307,0.001328648
49308,0.00013187299
49310,0.9994017
49311,0.00049231324
49314,0.93557304
49321,0.00014665807
49322,0.0001341217
49324,0.0028261917
49326,0.9958475
49336,0.0028510604
49338,7.840353e-06
49347,5.2519084e-05
49350,0.00017030754
49351,0.00016211087
49352,0.9825315
49353,0.0016309929
49355,0.06833249
49369,0.0011886706
49372,0.9989213
49379,0.0014133528
49383,0.9992094
49385,0.0006793248
49387,0.09376542
49392,0.0002931623
49393,0.044306878
49396,5.078436e-06
49401,0.8572297
49404,0.00032967087
49405,0.00023706387
49412,0.99208754
49419,0.99695814
49421,0.00091703515
49422,0.00019417409
49424,0.00044110595
49426,0.00042988922
49428,0.07004168
49431,0.0031591016
49433,0.00027994314
49439,0.00077481865
49440,0.9999372
49441,3.9103947e-05
49443,0.9992488
49448,0.00014479831
49450,3.129838e-05
49454,0.00048990105
49466,3.9819577e-05
49467,0.00030174598
49468,0.00017435537
49482,7.560388e-05
49483,0.9998988
49484,0.0005142613
49488,0.9969068
49489,0.00039591567
49493,0.99939644
49495,0.00027931744
49501,0.00024398004
49505,0.00019089761
49506,0.044215623
49507,0.99990344
49508,1.27126705e-05
49511,0.004878002
49523,5.913825e-06
49525,0.0003444318
49526,0.060916767
49527,0.0014757442
49528,0.107461706
49529,0.8538964
49530,0.9996915
49534,0.00027155175
49535,0.00054415467
49538,0.00044837693
49543,6.3800094e-06
49545,0.002288232
49546,0.00025646083
49548,0.00035692434
49550,0.0010594028
49552,0.99631894
49553,0.00027815823
49559,0.99487126
49563,0.00029017442
49564,0.0004419241
49566,2.6258891e-05
49578,0.16169351
49579,0.00037014956
49586,0.0013140886
49589,9.508296e-06
49597,1.4599188e-05
49598,0.9943051
49607,9.910188e-05
49617,0.99876994
49623,1.1678504e-05
49624,0.99748385
49626,0.00030241816
49628,0.00019080572
49632,0.0010920849
49634,0.72377247
49635,0.000108480366
49638,0.9999349
49640,0.0004226825
49641,2.6392563e-06
49644,0.00019689719
49645,5.4517743e-05
49652,6.124756e-05
49653,0.005769547
49659,0.00042654705
49661,1.0170559e-05
49663,0.99898416
49666,0.9955693
49668,0.0010302569
49670,0.99501246
49674,0.9997508
49682,0.00012937756
49683,2.0320933e-05
49685,0.99901295
49686,0.07705324
49691,0.9992156
49693,0.023393713
49695,1.0251755e-05
49701,0.0004040002
49702,0.9990871
49703,6.5823738e-06
49704,4.839362e-06
49708,0.00016217657
49709,0.00039825827
49711,0.0015377714
49714,0.0011497359
49718,0.9997154
49721,1.0230367e-05
49722,0.00015769152
49730,0.053869996
49732,0.9854931
49734,0.0010929639
49738,0.00014553276
49739,0.00016383
49741,0.0746492
49742,0.00021558035
49743,0.99876165
49750,0.010727969
49751,0.9977324
49752,0.00029584736
49759,1.2999304e-05
49760,0.00045487296
49761,0.085855134
49766,0.00040386905
49768,3.2362677e-05
49774,0.9989936
49777,0.99827826
49780,0.99980766
49789,6.6204684e-06
49795,0.030712623
49797,0.004843235
49798,0.0009420543
49802,0.00022438515
49805,0.000983872
49809,0.0011817231
49811,0.00066836976
49822,0.0006943604
49825,0.9989913
49831,0.00013104567
49838,0.08982444
49839,0.00020834543
49843,8.9334346e-05
49847,7.349667e-05
49848,0.030725507
49850,0.00055576884
49855,0.121270746
49856,0.041381873
49858,1.1336017e-05
49859,0.00042744886
49862,9.493146e-05
49863,0.0026856763
49864,2.4582996e-05
49865,0.9998889
49866,0.999532
49867,0.99912125
49871,0.0014801387
49873,0.00049487135
49875,0.00035068975
49879,0.99663615
49882,0.99557805
49885,0.9989304
49890,0.00051736366
49896,0.06619973
49898,0.00013197339
49900,1.2991916e-05
49903,0.00064346235
49906,0.00063754874
49907,0.9993148
49908,0.03508631
49909,0.00079862645
49911,0.00021625044
49915,0.00074078864
49923,0.00029500775
49931,1.5242034e-05
49932,0.00049274234
49937,0.00052951655
49940,0.00028665972
49946,0.00072030857
49947,0.83902013
49950,0.9745404
49961,0.99934894
49962,5.993403e-05
49968,0.99887174
49971,0.00017971364
49973,0.00049515703
49980,0.99956936
49981,0.99973136
49989,0.0008006213
49991,0.99921656
49993,0.0011361485
49994,0.0006157382
49998,7.045097e-05
50000,0.0010146821
50008,0.9935969
50010,0.00063063315
50011,0.999005
50012,0.99977154
50013,6.661629e-06
50015,0.09198591
50016,3.3457643e-05
50021,0.00056834426
50026,6.540798e-05
50027,0.9994961
50028,0.0013111114
50031,0.790381
50054,0.015680943
50058,6.212362e-06
50062,0.12136867
50063,0.0003984447
50065,0.0005666413
50069,8.1718026e-05
50070,0.00023272765
50082,0.0001883995
50084,0.99969256
50086,0.00018820343
50087,0.9898235
50091,4.8899918e-05
50097,0.0003158097
50099,0.9980983
50109,0.00017076837
50111,8.369884e-05
50114,7.4864285e-05
50118,1.769403e-05
50119,9.157002e-05
50122,0.00033451163
50123,0.00027108766
50130,2.4239464e-05
50136,0.00022169609
50142,1.7286728e-05
50144,0.9994918
50147,0.9993604
50156,0.99928373
50159,0.00012990602
50161,0.0003731944
50168,0.9975592
50169,0.00014437478
50170,0.00025636304
50174,0.008912946
50179,0.0001542548
50187,0.9992799
50188,0.9995828
50189,1.5522979e-05
50191,0.00021149177
50196,0.00012776174
50199,0.0008700333
50203,0.00047909532
50206,0.9992642
50207,0.99749666
50209,0.9996544
50211,0.00016368837
50215,0.00062195247
50218,0.00013466185
50223,0.999925
50225,0.9989083
50231,3.061431e-05
50232,0.08038896
50237,0.00027748413
50238,9.944611e-06
50242,0.0002156344
50243,0.00025509956
50245,1.0222827e-05
50262,1.4321569e-05
50263,3.7556172e-05
50268,4.4504595e-05
50269,0.00025027432
50271,0.08365052
50272,0.00029165216
50280,0.00020566945
50283,0.00035734448
50286,0.00062393484
50291,0.00085670763
50293,0.0005300948
50296,0.06429208
50301,0.0029192772
50302,0.9991943
50303,4.10058e-06
50304,0.99923885
50306,0.0005790383
50314,0.99964595
50322,0.99950254
50323,0.9756757
50324,0.042342853
50327,0.00030506376
50331,0.0002522608
50338,0.00085494167
50339,0.99936014
50343,0.99955124
50344,0.00013601921
50345,0.00015521722
50359,0.00082839327
50370,0.00012593833
50374,0.00047112702
50379,0.00032348768
50382,0.00016598892
50388,0.00015410865
50389,0.00038338132
50392,0.9993248
50395,0.00018559382
50398,0.002280094
50404,4.1366256e-06
50407,0.00984609
50408,0.9946308
50413,0.00021983219
50423,0.00022998096
50424,0.0005896771
50428,0.00030277303
50432,0.00045025846
50443,0.0005268511
50444,7.366338e-05
50446,0.99986863
50447,0.1057432
50448,7.715466e-06
50451,2.2016031e-05
50467,0.00016636826
50468,0.003993272
50469,0.0005622464
50470,0.997618
50474,0.0005421708
50475,0.00041444565
50477,0.0021255387
50481,0.9997062
50482,0.9930856
50484,9.618887e-05
50488,0.0006637334
50496,0.004097064
50497,2.3882681e-05
50499,0.00086550834
50503,0.0023243697
50513,0.00010935696
50518,6.2151594e-06
50519,0.9995819
50522,0.0005072895
50532,0.00048654008
50533,0.0028498934
50538,0.00072392
50541,0.99550605
50543,4.1685413e-05
50545,0.99880874
50548,0.00012122301
50549,0.0006920769
50554,0.0001608029
50555,0.0016457471
50562,0.0002978403
50575,0.99633276
50576,0.999936
50581,0.011887254
50584,0.00033875072
50587,0.00058991177
50590,0.003963821
50601,0.00022935556
50604,0.006791846
50608,0.00079585734
50609,0.00091763603
50610,0.00056174264
50615,0.0002699392
50616,7.4139556e-05
50622,1.7812494e-05
50626,0.00041028045
50630,0.99486405
50642,0.0010303304
50644,0.9928964
50665,0.9999068
50668,0.00036193957
50672,0.99950397
50677,0.00022866274
50679,0.0001418124
50680,0.00031029026
50681,0.00028807617
50682,0.99980456
50688,0.0018324999
50692,0.022118311
50693,0.000323521
50696,0.9993574
50697,0.0012922857
50698,4.718377e-05
50702,0.00019917934
50713,0.9964288
50718,0.00023175425
50720,0.00022060025
50721,0.00032721067
50726,8.730112e-06
50734,0.013333658
50736,1.1030947e-05
50737,0.9997298
50738,0.00038919869
50753,0.0004756194
50754,0.9063003
50756,0.99672335
50759,0.001720493
50771,0.0004242979
50772,8.336039e-05
50774,0.0002770284
50775,0.0025225864
50783,0.99858826
50785,0.9964999
50787,0.00027395142
50793,0.9985973
50794,1.9769295e-05
50795,0.0011061729
50799,0.001826361
50800,0.7850021
50802,0.00018169265
50804,0.00024712048
50811,1.892549e-05
50812,3.3771023e-05
50818,0.00018450814
50819,0.99759346
50823,0.0029469808
50825,0.9994012
50826,0.00086582336
50829,0.00061865326
50831,0.9996916
50832,0.99938834
50833,4.642896e-06
50840,0.03869929
50850,0.99964166
50859,0.99958426
50860,0.9997931
50870,0.0027996327
50874,0.0003251158
50875,0.00018075109
50877,3.4144923e-05
50878,0.0004157792
50880,0.018243667
50882,0.9936028
50898,0.0006429912
50901,0.0001669728
50902,0.0018116307
50910,0.0002701444
50911,0.0002628313
50912,0.00062922464
50916,0.019868392
50917,0.00016501399
50921,0.00010359052
50925,0.0013856178
50929,0.76795703
50930,0.00077709754
50938,0.00023156386
50944,1.4536726e-05
50945,0.0006240306
50949,9.187142e-05
50950,0.0004078518
50957,0.00028935086
50965,0.09068853
50966,1.4886446e-05
50969,0.0002834436
50972,3.3103835e-05
50973,0.0008788623
50975,0.00019513068
50977,0.00043382702
50982,0.00024715063
50987,0.012606596
50989,0.0017589619
51001,1.6717262e-05
51006,1.7881868e-05
51007,0.0002332717
51010,0.061945528
51011,0.9946871
51012,0.10334725
51020,1.5253056e-05
51022,1.5563595e-05
51023,3.4605826e-05
51026,0.00014176196
51028,0.99886
51030,1.37669385e-05
51042,0.9997439
51046,1.2077965e-05
51053,9.572137e-06
51057,0.998958
51059,0.00030654483
51064,1.777862e-05
51069,0.00048463955
51076,0.09583414
51082,0.0006653769
51086,0.00014557273
51089,0.00032424877
51100,0.88362813
51104,0.0041667824
51105,0.05625027
51112,0.0003268836
51124,0.00043019358
51128,5.3931485e-06
51129,1.2654875e-05
51135,0.120699644
51138,0.027204663
51142,0.0003122923
51144,0.00028850464
51149,0.000139109
51160,0.9984931
51161,0.0001766678
51168,0.00014322913
51172,0.074050345
51174,0.00020702956
51175,0.99551564
51185,1.0546175e-05
51189,0.00031309485
51194,2.365122e-06
51196,0.99327797
51197,3.2519467e-05
51200,2.0475602e-05
51205,8.054701e-05
51209,0.0003781906
51210,0.00024747485
51211,0.007834822
51216,0.0017280475
51230,0.00083303376
51231,0.00026105862
51239,0.99843794
51241,0.00033953864
51245,0.0016235915
51250,0.0012816527
51254,0.9128634
51256,0.008843417
51261,0.0005876015
51264,0.0014354952
51268,0.0008600451
51270,0.0005079023
51271,0.0011334465
51275,0.0002470625
51277,0.9193942
51281,0.00044494515
51316,0.09447975
51318,0.0138551565
51323,0.027855862
51327,0.00085192994
51330,0.9997485
51333,1.30023045e-05
51334,0.00037463594
51335,4.9272808e-06
51342,0.0009938158
51345,0.00017670453
51349,0.9998561
51350,0.0101388935
51354,0.0013337662
51358,0.0005734092
51359,0.0011101125
51361,0.0004828863
51373,0.9989166
51382,0.9979227
51388,0.00038234622
51389,0.00024265124
51390,0.99982375
51392,0.98733807
51393,0.00051293
51396,2.3132196e-05
51398,0.99942374
51399,0.0006214112
51402,0.0062711
51410,0.9994766
51411,0.00052875094
51414,1.6370288e-05
51415,0.07200493
51418,0.00010675188
51435,0.00014064538
51450,0.9998529
51452,1.4401884e-05
51453,0.00018317069
51457,0.0002113958
51458,9.544381e-06
51459,0.90490675
51461,0.9982514
51462,0.00013885151
51464,0.00046519577
51465,0.99972564
51475,0.0009548136
51481,0.99719524
51483,0.99734086
51485,0.998793
51492,0.0005177734
51497,0.08988865
51511,0.00043798817
51512,0.061966643
51514,0.13033485
51517,0.0011469016
51518,0.00047486558
51521,0.00035398742
51523,0.00013333556
51525,0.99969244
51529,0.0005212128
51531,0.00047981215
51533,2.8783038e-06
51539,0.8110645
51541,0.00080521614
51542,0.99926406
51543,0.00025646767
51544,0.0010321361
51547,2.3704064e-05
51551,2.012904e-05
51556,0.00020055925
51559,0.00014643297
51562,0.00021164062
51563,0.00097085955
51565,0.0019042786
51570,0.0016121101
51577,0.9988568
51579,1.3850679e-05
51580,0.00070192316
51586,0.9990994
51593,0.99380976
51594,3.518555e-05
51596,0.00028255
51601,0.00018409255
51603,0.9995009
51609,0.00041449128
51612,6.568259e-06
51614,0.99959105
51615,0.07721884
51618,0.9990883
51623,0.84356266
51630,0.00010569572
51632,0.00012928518
51634,0.0011044877
51636,1.5580272e-05
51640,0.9976043
51641,0.99584854
51647,0.9996755
51650,0.9984276
51652,0.000107256456
51654,3.1268664e-05
51657,0.00032112503
51666,0.00026887478
51667,0.00032771612
51673,0.00035467974
51676,0.9992601
51677,0.09674156
51680,5.729141e-05
51683,0.00049044087
51686,1.584829e-05
51691,0.00012664039
51694,0.001746126
51706,0.99903905
51707,0.0001289813
51710,0.9999528
51715,0.99920744
51722,3.6492314e-05
51727,0.00032127477
51738,7.78374e-05
51741,0.9990049
51742,0.0005472797
51753,0.00061555486
51754,1.4647161e-05
51758,0.00041325937
51759,0.9993956
51772,4.7556947e-05
51773,0.00028181393
51782,0.9990637
51798,2.129181e-05
51801,3.2467222e-05
51807,0.99357164
51814,0.9837437
51818,0.0003533515
51820,0.00077573356
51825,0.00014628014
51828,0.0002974416
51829,0.00026225307
51834,0.9992418
51836,0.9946557
51840,0.9976591
51847,0.99902546
51851,0.00032191433
51856,0.00071868935
51857,3.61725e-06
51859,0.00023566505
51861,8.565462e-05
51865,0.00027667786
51874,0.9999522
51879,0.0001600648
51883,0.998816
51884,9.102234e-05
51888,4.2095567e-06
51891,0.9987165
51913,0.8909156
51914,5.0110443e-06
51917,0.0010385084
51919,0.99996066
51920,0.9997826
51943,0.0008644422
51944,0.84676564
51946,0.00021259059
51955,5.724038e-06
51961,0.06709866
51963,0.08273863
51965,0.00015031264
51966,0.0011012732
51970,1.1770435e-05
51972,2.125898e-05
51985,0.00021862506
51987,0.00025810703
51990,2.1620026e-05
51996,0.0014699929
52002,0.06484034
52005,0.0008675362
52007,0.99688077
52012,0.052809466
52016,0.99918073
52025,0.00092463754
52027,1.2585419e-05
52029,0.9981799
52032,4.803076e-06
52034,0.9989225
52040,0.9997818
52041,0.000536619
52042,0.0016208376
52044,0.0026654582
52049,0.00081268913
52053,0.00018654886
52056,0.0009316009
52059,0.0003925328
52061,0.00054350175
52067,2.3148945e-05
52073,0.0013149938
52079,0.00019915635
52080,0.00031224827
52083,0.0006166867
52090,0.00016614776
52101,6.964121e-05
52103,7.316391e-06
52104,0.00027876167
52117,0.00015583905
52122,0.0007657508
52123,0.000613683
52128,1.7815892e-05
52129,0.0017324556
52131,0.00049140624
52136,0.00042774275
52137,0.000174826
52139,0.999858
52141,0.00022867168
52150,1.9567995e-05
52159,0.00037317022
52162,0.0003826923
52163,0.0022568281
52165,0.0006042888
52168,0.99940467
52170,9.705996e-05
52173,3.4204237e-05
52177,0.00032343555
52178,0.00042236026
52182,0.0009870619
52195,0.00022333904
52197,3.8131097e-05
52200,0.00022864332
52206,0.00025498745
52210,0.9985305
52211,0.9997336
52218,1.0797935e-05
52223,0.00064365123
52229,1.5991322e-05
52235,0.0005184448
52238,0.00016620892
52239,0.0014981683
52240,0.00087375473
52241,0.00067574723
52247,0.0046197902
52248,0.9996228
52261,0.00049446226
52262,0.01418157
52263,0.99904627
52265,0.99986494
52269,0.9990237
52270,3.927219e-05
52272,8.268693e-06
52277,0.99979466
52279,0.00044833357
52281,0.81350946
52285,0.0005018038
52293,4.8816426e-05
52296,1.4195478e-05
52303,0.00015413981
52317,0.9995415
52318,0.0002306569
52320,0.00071826007
52321,0.9999573
52328,0.000606113
52330,3.779164e-05
52334,0.0013493359
52347,0.99240583
52348,0.000657336
52351,2.2485538e-05
52352,0.00035715615
52355,0.0004626318
52359,3.300193e-05
52360,0.00018405112
52363,0.000511604
52370,0.00038397242
52371,0.9998778
52383,5.2317384e-05
52386,9.536948e-06
52394,0.9977157
52398,0.00057831744
52399,0.0004443846
52400,7.126844e-06
52406,0.000310382
52410,0.00020937681
52411,0.9762239
52415,0.00027535838
52418,0.00016768296
52419,0.00072726124
52422,0.0004542081
52425,0.00801066
52428,0.0081286905
52429,0.9998017
52433,0.005346645
52434,0.00047139157
52439,0.00047064424
52453,0.9998196
52456,0.0005408992
52466,0.0009556863
52479,0.0003840839
52482,0.0022998597
52483,0.0003857353
52489,0.00027323436
52490,1.3102918e-05
52498,3.0789306e-05
52509,0.0002161486
52511,0.99868363
52512,0.0005664269
52516,0.9947261
52518,1.7362845e-05
52529,0.0005612417
52530,0.028967045
52532,0.00014482136
52533,0.99946636
52541,0.0007961395
52544,0.99965346
52551,3.92134e-05
52557,0.00040731617
52559,0.9980305
52563,2.8793975e-05
52570,6.317905e-05
52572,0.0006854241
52573,0.048405465
52576,0.00023743554
52583,0.99950135
52584,0.99591357
52590,0.00054085406
52593,0.0005894565
52594,0.0009311386
52598,0.9991922
52600,1.6004074e-05
52601,0.08202178
52603,0.0004460812
52606,0.8646602
52610,0.103140526
52621,0.0027395228
52622,0.8148034
52626,0.9998337
52628,0.99975365
52635,0.99940467
52639,7.8814955e-05
52640,0.00027529828
52644,0.0007917367
52653,0.9973117
52661,4.832997e-05
52668,0.00022613772
52669,0.0018491467
52672,0.00038771724
52682,0.0009289794
52683,0.000113124624
52686,0.99501485
52689,1.1929356e-05
52691,0.12716919
52698,0.9997919
52699,0.0070972648
52710,3.4559755e-05
52712,0.001001909
52719,0.06035561
52722,0.00016224834
52728,7.638571e-06
52735,0.00035345444
52736,0.0002176579
52738,0.0003688485
52741,0.00016380266
52775,9.268555e-05
52780,0.00025540913
52789,2.228534e-05
52793,0.00042428458
52794,2.0404901e-05
52795,0.00196059
52796,0.00071844185
52798,0.99947935
52817,0.99974185
52825,1.9954694e-05
52832,0.99745375
52833,0.0013338729
52835,0.0003390585
52836,0.8057676
52843,0.0009405795
52847,5.280621e-06
52853,0.9997323
52854,8.016243e-05
52865,0.0005000376
52870,0.9979512
52877,0.0005300205
52879,0.0010698192
52886,0.00046283496
52887,3.5724697e-05
52890,0.99972993
52893,0.00018821671
52894,0.0002760563
52895,0.0011844222
52899,0.9987531
52908,0.0007944022
52909,0.0009108685
52910,0.0007261051
52912,0.00031012288
52926,0.004630843
52936,0.9979127
52938,0.0014970574
52944,0.00011497952
52948,7.630537e-05
52949,4.4414584e-05
52950,0.99880576
52954,0.00018438381
52955,0.0014183553
52958,0.00036977587
52959,0.00016052928
52960,0.00033438823
52962,0.00033757335
52965,8.168336e-05
52966,9.08037e-05
52969,0.99934584
52971,0.91824883
52972,0.00032366504
52975,6.143908e-05
52978,0.0005017512
52981,1.9073414e-05
52984,0.0002542102
52992,0.99882466
52994,0.00022289869
52995,0.00021289078
52999,0.9985033
53007,0.00014726233
53008,0.10671482
53012,0.0005554291
53017,0.9978707
53020,0.0004004532
53025,0.0025652705
53027,1.43631505e-05
53029,0.98877233
53030,0.00023323923
53037,0.9992873
53041,0.9990038
53046,0.014956446
53053,0.00010831519
53056,0.0003269039
53061,0.0009738829
53065,0.99747854
53067,0.0006912005
53074,0.08811063
53075,0.9980872
53079,0.00177424
53080,0.9938545
53085,0.00015519546
53086,0.0002584624
53087,0.00056452217
53094,0.9948784
53104,0.0722515
53107,0.0003257037
53113,0.0042170393
53114,0.00017958618
53117,0.010565742
53124,0.00016811906
53127,0.00019800683
53129,0.00026213808
53130,0.00026781124
53134,0.00026055035
53135,6.3048924e-06
53136,4.919229e-05
53139,0.00021311134
53140,0.00019387474
53142,0.999936
53144,9.894597e-05
53145,0.9994758
53146,2.2408027e-05
53150,9.981233e-05
53154,0.99962234
53155,3.2827687e-05
53164,0.00016116501
53165,0.99697506
53166,0.9994923
53168,8.077936e-06
53169,0.99638927
53173,0.9995073
53174,0.00017769124
53178,0.0043383515
53182,0.99758554
53185,0.99933463
53188,0.8268513
53190,0.0015821621
53192,0.0021173037
53194,0.014433404
53198,0.0006818466
53200,0.0044921767
53201,4.751692e-05
53217,0.00022583455
53219,6.730865e-06
53221,0.0031288245
53228,0.9945738
53231,1.0513629e-05
53235,3.4179422e-05
53237,3.3527882e-05
53244,0.78780943
53250,0.00040550515
53252,0.0001426568
53254,0.00022672515
53256,1.7699651e-05
53265,0.000737019
53273,7.3374395e-05
53274,0.9980414
53275,0.0026334606
53281,0.9996954
53286,0.0010467632
53290,0.0006860341
53293,3.2450756e-05
53294,0.00036776974
53315,0.00066631706
53321,0.053884212
53322,1.1331911e-05
53324,0.99798965
53326,0.0014932367
53329,6.1837122e-06
53332,0.00021181285
53334,0.0004091004
53336,0.0006387603
53341,0.00025943018
53342,0.8266242
53343,0.0005591985
53344,0.0007671751
53345,9.7886914e-05
53352,0.0005897979
53355,1.1271693e-05
53356,0.00066391274
53366,0.00021433932
53380,0.017678408
53381,0.00020569355
53386,0.0012622812
53387,0.9998317
53388,0.00086328364
53392,0.99772054
53393,0.80149746
53397,0.0002421054
53400,1.8066528e-05
53402,0.99910396
53407,0.00055492297
53408,6.7025085e-06
53411,0.00027478667
53413,0.99993217
53421,3.957053e-05
53424,0.00044311007
53427,0.99942774
53428,0.00033980954
53430,5.141877e-05
53433,0.0014469712
53440,0.0005701931
53447,0.9980749
53451,0.00061065814
53458,0.00011043138
53460,0.9997726
53461,0.0022088953
53466,7.7143995e-06
53469,0.9991573
53471,1.9542054e-05
53472,0.99950266
53474,0.0011814772
53475,0.0012275781
53476,0.000828604
53485,1.7467442e-05
53486,0.0711153
53487,0.001501639
53491,0.00010001678
53495,0.99338806
53497,0.00036630954
53499,0.9995957
53500,0.0014377198
53501,0.084808804
53506,0.0003920132
53515,0.00061938335
53519,0.9998733
53522,0.9989617
53526,0.0018730432
53534,0.00024366785
53536,0.9174964
53540,1.2608738e-05
53541,0.9988771
53545,0.00071865483
53547,7.914008e-05
53552,0.0008360274
53556,8.9258305e-05
53561,0.002136759
53565,0.99838436
53566,0.00056667905
53569,0.003050556
53573,0.99947196
53575,0.98659015
53582,0.0007839104
53589,0.0009934093
53592,0.99876654
53595,0.00049056316
53600,0.9990829
53601,0.9985044
53602,0.998324
53603,0.9989114
53604,0.9999392
53616,0.9992642
53627,0.00015334642
53628,0.99840516
53632,0.00038158934
53641,0.0019671987
53644,0.00046094458
53662,1.3513354e-05
53666,0.9986939
53675,0.00043394143
53676,2.2134047e-05
53682,0.9996754
53686,0.0003822788
53690,0.0002265309
53692,0.102341175
53704,0.00020954375
53707,0.99955136
53710,9.344209e-05
53716,0.057292197
53717,0.99961615
53718,0.00019880972
53723,0.9987381
53724,0.999491
53727,0.0007680755
53730,0.013852941
53732,0.00025969572
53739,0.98853356
53749,0.0002570128
53752,5.914299e-06
53753,0.99874425
53765,0.0006162634
53770,0.9991573
53774,0.84491163
53776,0.00023084521
53779,0.9981944
53780,0.00085763255
53781,0.999406
53788,9.288268e-05
53789,0.07561082
53798,0.0021720065
53806,0.00015283989
53807,0.00021843775
53808,1.2596407e-05
53809,1.7414417e-05
53811,0.00041454722
53812,0.0007902401
53813,0.00028630518
53820,0.00024478088
53822,0.0003295078
53828,0.00020954217
53837,0.00026621277
53839,0.00029819857
53840,0.00029775512
53848,0.00081963366
53862,0.99933416
53869,0.0008822262
53871,0.00022390066
53875,0.00013738922
53881,0.0001207074
53882,0.00029025853
53883,0.9996537
53896,3.5522768e-05
53903,0.0055781477
53904,0.99921453
53906,0.0010860127
53908,0.9930728
53917,0.00034477856
53921,1.332259e-05
53923,0.00019438397
53926,0.0001031446
53934,0.00704375
53938,0.00026099815
53948,0.99690056
53950,0.00022935489
53953,0.9958813
53956,0.00018861338
53957,0.85542244
53962,0.00019536057
53966,0.9998109
53967,0.99940574
53969,0.00030989206
53973,0.9958931
53975,0.0009281553
53994,6.469947e-05
53997,0.99979967
53998,0.0004071248
54005,0.99883693
54009,0.9979494
54012,0.99847764
54017,3.83821e-05
54025,0.07211943
54029,0.99588555
54030,0.0005932474
54031,0.061448485
54032,0.0027122046
54039,0.00023386185
54045,5.7120717e-05
54049,0.9996216
54056,0.9991239
54057,0.00070907315
54060,0.00041388563
54069,0.0011573916
54080,0.00031189568
54082,0.00029924666
54084,0.00016076029
54085,0.00024504453
54088,0.9996859
54092,0.00062944175
54096,0.999539
54099,0.00019775967
54103,0.00023945137
54107,0.0002009168
54111,0.95233333
54119,0.00013309992
54120,0.00057502615
54126,0.0014487305
54137,0.9997782
54139,0.9148629
54145,0.0008685518
54147,1.8306946e-05
54148,0.0009819991
54149,4.245529e-05
54153,0.0003622755
54156,0.00025200765
54157,0.00039828825
54159,5.920386e-05
54163,0.0006956274
54169,0.9981359
54172,0.0015585583
54179,1.8132672e-05
54190,0.89269763
54192,0.00013255075
54195,0.0007024739
54199,0.9955758
54201,0.9987784
54202,0.99790776
54205,0.9992618
54208,0.99943656
54231,0.008836865
54232,0.998895
54233,0.0002699096
54234,3.7672788e-05
54238,0.00030330665
54241,0.00024518426
54245,0.0002045005
54247,0.0048602144
54259,9.21953e-06
54260,0.9996743
54261,7.898507e-06
54263,1.3636624e-05
54264,5.197377e-05
54266,2.3658444e-05
54270,0.0009047622
54274,0.00027813384
54278,0.0009971628
54279,5.4074884e-05
54282,0.00047830318
54285,0.9993711
54286,0.9992642
54287,2.816241e-05
54291,7.1953524e-05
54292,0.9992205
54293,0.9990563
54297,0.00062896503
54300,0.9769932
54301,0.0005473204
54304,0.99549747
54305,0.00017281262
54308,0.000905799
54316,0.0040104208
54319,7.034927e-05
54320,0.157681
54325,0.00013333226
54326,0.9937735
54331,0.00015825278
54332,0.00025576394
54334,0.00031599615
54337,0.00034880522
54339,0.0003009186
54340,0.00024448326
54346,0.9994344
54352,0.00029515152
54354,0.99944335
54364,0.00026678725
54365,0.00538253
54372,0.00032645228
54378,4.170219e-05
54381,0.0013064395
54385,0.99823844
54393,0.077829644
54397,0.000747605
54399,0.00032430844
54404,0.00014873264
54422,0.00021022036
54427,0.00032204326
54429,0.9948671
54432,0.99865216
54440,0.00011702408
54442,0.99937767
54444,0.999374
54445,0.0004231223
54446,2.0103986e-05
54448,0.9997235
54449,7.650943e-06
54450,9.017147e-05
54452,0.00029713975
54456,0.00021142684
54460,0.9993592
54461,0.001577574
54462,8.154797e-06
54464,0.9996562
54468,0.00028401738
54469,0.99992955
54470,0.00077851024
54485,0.034639705
54487,0.00021994981
54496,0.0005634417
54497,0.0002458233
54524,0.00038812254
54526,0.00021182354
54529,0.00015565341
54532,0.00071067916
54533,0.9947358
54534,2.235767e-05
54545,0.00015524194
54546,0.00056706
54551,1.2952145e-05
54568,0.00017329081
54569,6.9221032e-06
54572,0.0006309514
54573,0.0007203556
54580,0.9966809
54592,0.00012430522
54594,0.0004097557
54599,0.00018302683
54600,0.65883803
54602,0.9892531
54604,0.00031441008
54606,0.9977939
54610,0.99962795
54611,0.00017248241
54613,0.00032911944
54615,0.0005951305
54622,2.3100847e-05
54627,0.00037518705
54629,0.00028153224
54630,0.99901557
54632,0.00028429506
54634,0.00024514357
54637,0.10927054
54638,5.5945442e-05
54639,0.00040910253
54647,0.00022478192
54648,0.9747181
54652,0.99872786
54657,0.040479083
54661,0.99233764
54669,7.619935e-05
54673,0.0004143572
54681,0.06363575
54684,0.00013943716
54695,0.0011192284
54705,0.9999224
54706,0.9999279
54720,0.9995228
54721,0.00021203732
54727,0.00020210072
54731,0.00025342926
54733,0.000120692224
54739,0.0013991938
54741,0.00058577297
54747,0.9982792
54750,0.057765488
54751,0.99991786
54752,0.00019640931
54756,0.0020445688
54757,0.0005609559
54762,0.999956
54767,0.0010309671
54772,0.00048171103
54773,0.00028753642
54774,0.9994942
54779,0.00039144576
54780,0.99222296
54787,0.00017733901
54796,0.00027346838
54797,0.0060992413
54807,5.9180154e-05
54813,1.7922499e-05
54815,0.9985812
54818,1.7003314e-05
54820,0.99925524
54834,0.0015037969
54835,1.0418877e-05
54842,1.1465935e-05
54846,0.0003219616
54850,0.9992423
54854,0.00029527536
54855,0.0025266043
54856,4.5826823e-06
54857,0.002597252
54860,0.78662527
54871,0.01100229
54872,0.0007546103
54874,0.0005689231
54878,0.99986076
54880,0.00032475492
54884,0.9994123
54885,0.0014480884
54891,0.0003004307
54893,0.0006635386
54900,0.00025362312
54911,0.00020400329
54913,1.7943055e-05
54914,0.00054447737
54916,0.0006196795
54918,0.99945515
54932,0.9988104
54940,0.99866986
54943,0.00034088385
54948,4.74295e-05
54949,0.9998149
54950,0.002997173
54954,0.9994067
54955,0.9919545
54958,0.057573367
54964,0.00016651777
54966,0.9996929
54967,0.99964964
54968,0.9986186
54977,0.00020920997
54979,0.0004834715
54988,0.05082409
54991,0.00030563172
55005,0.0014063155
55014,0.9996388
55021,0.00021125938
55024,4.763897e-05
55028,0.0005685873
55030,0.00042870306
55036,4.5617635e-05
55040,0.99950755
55042,0.00037375625
55048,0.00044151922
55049,0.9956092
55056,0.99775594
55057,0.0005314816
55059,0.00013514474
55065,0.08235913
55073,1.9297964e-05
55074,0.004108421
55076,0.06847898
55080,0.0016621563
55085,0.9997727
55087,0.99884677
55089,0.0005126133
55090,0.0001721221
55091,7.951256e-05
55092,0.00043964654
55104,0.0003200968
55106,1.6464903e-05
55107,0.96066725
55111,0.0010440944
55113,0.0009086659
55117,0.9965778
55124,0.99700195
55131,0.00022956908
55141,0.92577875
55150,0.00029667863
55156,0.0004134428
55161,0.00040275007
55176,5.190359e-05
55183,0.00052150304
55186,0.00024005782
55187,0.99934715
55190,0.0685062
55191,0.99718326
55193,0.000150678
55194,0.9991774
55196,1.2714258e-05
55201,0.007853619
55207,0.0008951221
55208,0.99991214
55211,4.8138527e-06
55212,0.98661906
55213,1.5190374e-05
55223,0.000387044
55224,0.002233543
55234,0.9993864
55241,0.99992037
55244,0.9997551
55245,0.000120577984
55248,0.9999299
55249,9.000979e-05
55250,0.00027295263
55261,1.8870272e-05
55283,0.0047898544
55288,0.9777959
55289,2.3582286e-05
55290,0.00090858876
55294,0.9997807
55296,0.00022838623
55298,9.606228e-05
55304,0.0003970176
55307,0.0005273303
55329,0.99953043
55335,2.4182411e-05
55344,0.0005343795
55349,8.330971e-06
55352,0.04866807
55353,0.00021104519
55359,0.00017350195
55362,0.00024067386
55367,0.0005694703
55370,0.99945384
55371,0.0004298058
55376,0.00044429544
55378,0.01559799
55379,1.2579012e-05
55382,5.8953206e-05
55415,0.00040475134
55416,0.00023461695
55420,0.0003438267
55423,0.0007570061
55426,0.00021656076
55427,0.00036694232
55433,0.00023080844
55439,0.99893254
55441,3.788051e-05
55442,0.0008644653
55446,0.0006464901
55454,0.9998061
55455,0.99862623
55456,0.010153715
55462,0.9989555
55475,0.0004312669
55487,1.0225587e-05
55488,4.890424e-06
55496,9.61213e-05
55502,0.0023067347
55504,0.0013684748
55510,0.9851521
55511,0.00034477215
55513,0.00017538683
55518,0.09283669
55525,0.0014045206
55526,0.0037865853
55528,0.0077394997
55529,0.0002471744
55538,0.0002456738
55550,0.9988759
55551,0.00026850204
55571,0.0018960437
55572,0.00069362624
55585,0.00044694782
55597,0.00025848555
55606,3.9217043e-06
55610,0.003369511
55612,0.99787056
55615,7.744423e-06
55616,0.0004891435
55617,0.00025149234
55618,0.99940884
55619,0.8929443
55620,0.000463402
55622,0.99677414
55638,0.00063928583
55642,0.9953928
55644,0.00027159238
55646,0.9989335
55647,6.0621045e-05
55653,0.0064319475
55655,0.99978596
55658,8.85564e-05
55660,0.00042885653
55661,9.4304756e-05
55665,0.0016212466
55669,5.119034e-05
55672,0.9998597
55676,1.600383e-05
55680,0.00014593937
55682,0.0013204633
55683,0.9994653
55685,0.00025160096
55687,0.0012482206
55688,0.00021194333
55689,0.0012690786
55702,0.075935185
55706,0.9999505
55710,0.00010913466
55719,0.99906665
55720,0.0008062088
55721,2.8388564e-05
55722,0.08387399
55723,0.00066603895
55739,0.00015492651
55741,0.00043591284
55749,0.00027588816
55754,0.00054665486
55755,4.9527574e-05
55761,0.00061250705
55762,0.00039217132
55771,3.7120788e-06
55774,0.00017770361
55775,0.000111373316
55776,0.0018211233
55778,0.0004183362
55779,0.00083740545
55784,0.0016628876
55788,0.9993562
55791,9.1849615e-05
55799,0.00062217127
55804,0.0015424305
55805,0.00020763231
55806,0.99743503
55808,0.100887164
55809,0.99837327
55811,7.522762e-05
55813,0.00014772615
55816,0.00081060745
55820,0.000763583
55821,0.00013719063
55822,0.00020074178
55824,0.9993591
55826,0.00048778576
55827,1.0130329e-05
55830,2.7176957e-05
55835,0.042688414
55838,0.9998673
55843,0.0012732198
55844,0.00086071243
55852,0.8154628
55853,0.0001073773
55857,0.99918133
55859,0.065275446
55861,1.7833876e-05
55864,0.00021071843
55865,0.9918122
55866,0.9990274
55871,0.00013469678
55881,0.0003934531
55882,0.00022758759
55887,0.00033976874
55895,0.00095226296
55900,0.00022239555
55911,0.00048797598
55913,0.9999386
55916,1.19109745e-05
55917,0.0002515254
55918,7.997612e-06
55919,2.3601026e-05
55925,8.759776e-05
55931,2.3467197e-05
55933,0.00027725036
55935,8.876811e-05
55936,1.8550032e-05
55937,0.9906651
55939,0.00016488846
55941,0.0011410645
55944,0.9982816
55945,0.91823494
55946,0.00053938245
55955,7.266651e-06
55967,0.0012296917
55972,0.00023478657
55977,0.99974245
55982,0.001316514
55983,0.00057567743
55988,0.00012390086
55997,0.0012912455
55998,0.9468116
55999,0.00041525342
56002,0.0005118767
56006,0.00025376026
56011,1.4312353e-05
56012,0.0007824379
56014,0.0001295935
56021,0.00049887697
56024,0.0001538215
56026,0.0008440511
56034,0.9947403
56035,4.95367e-06
56041,0.00023183622
56043,0.001556597
56047,0.0013400116
56049,0.99844235
56051,0.00012862007
56052,2.5063442e-05
56053,0.9833567
56054,0.00018811446
56058,0.0015030517
56065,0.00052283646
56067,0.99345547
56068,0.99847907
56071,0.0009949883
56075,0.06825217
56078,0.00073862774
56079,0.92518634
56086,0.02230581
56089,0.80813533
56095,0.00011272458
56101,2.0402274e-05
56109,0.8414497
56111,0.9940135
56115,2.2812132e-05
56118,0.17971869
56119,0.99918574
56121,0.99859947
56131,0.00030268903
56135,0.88562006
56137,0.037913546
56138,0.00018436728
56141,0.8847282
56147,0.0001839855
56150,0.00020402779
56159,0.999634
56163,0.008266108
56170,2.7967411e-05
56181,0.99949324
56198,0.99207765
56200,0.9967589
56204,0.0001872128
56208,0.9553952
56215,0.00043222358
56230,0.00013322741
56238,0.00035968964
56241,0.80027926
56242,2.4095852e-05
56245,0.99959964
56247,0.00070428714
56249,0.102587074
56250,0.0005990618
56254,0.04506885
56255,0.0006046788
56260,0.0044679027
56262,0.9982628
56266,0.00018161956
56267,0.00023453555
56271,0.9996946
56274,0.00034694304
56276,8.754415e-05
56281,0.00052795274
56287,0.00017571625
56288,0.00041517644
56291,0.9997502
56295,1.3041409e-05
56297,0.000587725
56299,1.3966261e-05
56304,0.9997229
56305,0.0027576997
56312,0.00041068194
56317,0.011097815
56319,0.9996439
56321,0.0006549818
56322,0.9948726
56328,0.0003035774
56331,0.0003933318
56333,0.00013560313
56334,2.6341735e-05
56339,9.083937e-05
56342,0.00087597006
56360,1.6057735e-05
56362,0.9974929
56363,0.0008981961
56364,6.762822e-05
56365,0.0044022026
56366,0.00015030176
56367,0.0014419936
56368,0.999928
56369,0.00030072272
56370,0.00015090303
56373,0.00028867248
56374,0.9996222
56382,0.0007881589
56398,0.9992601
56404,0.00043399126
56409,0.0025423733
56413,0.997561
56414,7.3901415e-06
56419,5.7799018e-05
56421,1.045743e-05
56422,0.001629581
56427,0.00021580554
56430,0.044556227
56432,0.00027721465
56436,0.00031565622
56438,0.99007064
56467,0.99810827
56470,5.69342e-06
56476,0.00029798603
56477,0.99987113
56478,0.00020434902
56482,0.12769757
56493,5.442056e-05
56494,0.00042999166
56498,0.00021049756
56501,0.99810994
56508,0.00014892181
56510,0.0010273268
56513,0.00074959715
56516,8.397919e-06
56522,0.997497
56523,0.9999578
56525,0.00073876535
56533,0.7790414
56539,0.00062368216
56549,0.0006114729
56554,0.9973598
56556,0.00050412014
56558,0.000849178
56560,0.0011006084
56562,0.0007572764
56563,1.5599064e-05
56567,0.00046600465
56568,0.9940631
56571,0.996666
56572,0.9995066
56573,0.00093220605
56574,0.20599732
56579,0.99946564
56593,2.8372595e-05
56601,0.00087776134
56610,0.00013341517
56614,0.0002533068
56617,0.00036363828
56620,0.00027343084
56626,0.99860066
56627,0.0014743865
56632,6.242589e-05
56633,0.9996774
56635,0.00027823754
56644,0.00050381414
56645,0.99874663
56658,0.0006477377
56659,0.9896827
56660,1.8915747e-05
56662,0.09382995
56663,0.00020291169
56667,0.99856704
56668,1.683233e-05
56674,8.008205e-05
56680,0.0015611628
56681,0.002049734
56684,0.0027935517
56689,0.00029804566
56696,6.4579704e-05
56699,0.00017888584
56701,0.000428898
56704,0.987672
56705,0.99931
56706,0.0006792277
56707,0.00044755597
56713,0.99970776
56717,0.016908063
56721,4.2345673e-05
56722,0.0001592617
56730,0.0019939335
56736,1.9349101e-05
56737,8.285435e-06
56739,0.99814284
56740,0.000434955
56742,9.401744e-06
56744,1.642585e-05
56747,0.00022078354
56750,0.00013990489
56751,0.0023367207
56759,0.0054303724
56761,0.00027635333
56763,5.2083055e-06
56769,5.348546e-05
56770,8.5981765e-06
56772,3.3782403e-06
56780,0.99992
56782,0.09981324
56791,1.0747041e-05
56793,0.00018795615
56798,0.00019508453
56805,2.4907325e-05
56807,0.99933773
56818,0.000174849
56819,0.001175289
56827,8.1378355e-05
56834,0.0013312185
56835,0.0016035793
56836,0.0006897374
56838,0.99671626
56839,2.2885171e-05
56840,0.00011803519
56844,0.99644864
56846,0.00041268303
56848,8.666562e-06
56850,0.0024401254
56855,0.9988961
56858,0.00020831167
56869,0.003795988
56874,0.0010617063
56881,0.9950734
56883,0.11630295
56889,0.00015073692
56890,0.00013930706
56894,0.00091506995
56898,8.102586e-06
56901,0.0017882602
56908,3.3287444e-05
56915,0.07204226
56921,0.8693751
56925,0.99889624
56926,0.7800866
56927,0.0069558765
56933,0.9976981
56936,0.0001502049
56938,0.0001634672
56942,0.00022090734
56943,0.00016311734
56945,0.9998412
56951,0.00043443227
56955,0.0005582325
56964,0.0016093381
56965,0.09128285
56978,1.0551556e-05
56980,0.0002606679
56987,0.00018432192
57000,1.0934358e-05
57002,0.9934542
57009,0.99984455
57016,0.0005985644
57018,0.9999256
57025,0.0011222627
57026,6.381502e-05
57027,0.000592083
57031,0.0837218
57034,0.0005008271
57036,0.9945899
57038,8.241077e-06
57039,0.9999299
57044,0.00018555418
57048,6.5231325e-06
57049,0.00036851128
57056,0.9985648
57057,8.1004706e-05
57061,1.31358875e-05
57064,0.00025584074
57066,4.9812506e-06
57067,0.9983386
57069,0.0006180097
57076,0.00012177669
57081,9.125034e-06
57084,0.00036386226
57085,0.00013771292
57086,8.071884e-06
57093,0.0051874905
57098,8.7114524e-05
57099,0.11124934
57104,0.0006726832
57105,0.00021995378
57113,0.9985287
57120,2.0845218e-05
57126,0.9994702
57130,0.00051925785
57136,0.00043385703
57137,0.00048137226
57139,0.9997179
57140,0.99952066
57143,0.00030272742
57147,0.9992242
57149,0.99994934
57151,0.00033108096
57153,0.0007594495
57155,0.97980875
57157,0.096076846
57158,0.00034346024
57163,0.0006160223
57169,9.382773e-05
57171,0.9951342
57172,0.000712297
57175,0.9954482
57176,0.00033086515
57177,0.00017284443
57184,0.00017000138
57185,0.00018232435
57186,0.00043703435
57187,0.0005548032
57189,0.99939513
57192,7.1287555e-05
57194,0.00016597974
57202,0.99975544
57203,0.00010640512
57207,0.0002768536
57208,0.00075560034
57217,0.99888736
57218,0.00017110561
57220,0.00018732279
57221,0.99938405
57222,0.00026730946
57227,1.121631e-05
57232,0.99911314
57244,0.11378524
57246,0.99935895
57253,0.0005603197
57264,0.99988496
57267,0.00070317084
57269,8.696956e-06
57270,0.015848774
57271,0.010562423
57273,0.9870882
57274,0.9998266
57276,1.1472136e-05
57278,0.00034165362
57279,0.9997776
57287,1.8072164e-05
57292,3.311874e-05
57295,0.00027746614
57297,0.00084870885
57300,0.9997861
57306,6.517381e-06
57312,0.00020845352
57316,0.00080463325
57318,0.00036596504
57319,0.9243148
57320,0.00020788884
57321,0.9938075
57322,0.9958526
57323,0.99950695
57327,0.00053393125
57328,0.99903786
57333,7.355598e-05
57336,0.00019962994
57340,0.00039396842
57342,0.00056116603
57344,0.0003662289
57346,0.97917104
57348,0.00046106344
57356,5.8652364e-05
57365,0.0003548336
57366,0.00014121624
57368,2.1580207e-05
57370,0.9990263
57376,0.001382819
57378,0.00066666637
57385,0.00023653396
57394,5.177891e-05
57405,0.0027237688
57409,5.8608243e-06
57411,0.00012152358
57414,0.0002423354
57416,0.0005536455
57419,0.0002812063
57422,4.145647e-05
57429,0.0002062753
57432,0.99576664
57433,0.00032979378
57438,0.9996642
57439,0.00018559665
57442,0.000610542
57449,0.99903476
57450,1.8239209e-05
57461,0.0003296473
57462,0.00232601
57463,0.999479
57467,0.07266728
57474,0.9994579
57475,3.7602185e-05
57483,0.00013800515
57492,0.99972266
57497,3.1514683e-05
57499,9.705542e-06
57508,0.00032733328
57513,0.00023557497
57515,0.00034576096
57525,0.00017235268
57532,0.00022967374
57534,2.1102982e-05
57536,0.0018013264
57541,0.00027178356
57542,0.9978308
57548,0.9993192
57559,0.0005873683
57560,6.8739423e-06
57564,0.0007648403
57565,1.9101955e-05
57583,0.0004128896
57585,0.0024410181
57588,6.979222e-06
57589,0.00022937305
57595,0.00031678463
57601,0.68402797
57609,1.1609102e-05
57613,0.00018021022
57623,0.9995012
57629,0.00062334555
57631,0.0011122968
57638,0.991121
57649,7.96664e-05
57650,0.0007918733
57651,1.5594944e-05
57658,6.7705164e-06
57665,0.000718675
57666,0.00010928493
57672,8.088575e-06
57677,0.00057450985
57678,0.0009046541
57681,0.00044693972
57682,0.0006380791
57686,0.0034623952
57692,0.80024123
57694,2.21464e-05
57700,0.0030850426
57703,8.201476e-05
57711,0.00014390732
57715,0.06194342
57718,0.00023791913
57725,0.00036311484
57733,3.1821997e-05
57734,0.00023377244
57738,0.000564492
57739,0.0009945722
57743,0.00010324714
57745,0.009126884
57746,1.4791574e-05
57748,1.7669108e-05
57749,0.99916124
57750,0.99860805
57757,0.0005997082
57758,0.0003724821
57759,3.269578e-05
57760,0.0003001922
57780,0.9994337
57781,1.1465968e-05
57782,0.00011240997
57787,7.325401e-05
57789,0.00025467694
57796,1.9162386e-05
57798,1.32094265e-05
57801,0.0006073551
57802,1.8686109e-05
57805,0.0011542229
57812,0.00025822668
57813,0.9385746
57816,0.00041104577
57823,0.0004292234
57830,0.0012169953
57832,0.00018544929
57843,0.9921514
57850,6.8020105e-05
57856,0.00021109368
57864,6.9160583e-06
57871,0.13757198
57874,0.00025603938
57876,0.00021273232
57878,0.98927176
57884,0.00071648083
57889,0.00043178708
57898,0.00015899815
57901,0.00013205419
57902,3.4306715e-05
57909,0.99956614
57912,5.9299996e-06
57918,0.0015569779
57923,0.99866045
57925,0.99700975
57939,0.00055247685
57940,4.948419e-05
57946,0.00037649574
57948,0.99958616
57958,0.0013305575
57959,0.00019657868
57961,0.00017590367
57971,0.08455077
57977,0.00034335695
57979,0.04400241
57982,0.009558817
57989,5.166168e-06
57997,0.0003101909
57998,0.004521256
58008,0.9969518
58012,0.9998493
58014,9.291547e-06
58016,0.0011074883
58022,0.99940896
58026,0.00076938863
58040,0.9966292
58042,9.155125e-05
58048,0.087627485
58051,0.00034931133
58055,1.4039629e-05
58060,0.0023769927
58075,0.9995914
58078,0.0006807921
58080,0.00064683886
58081,0.00073497306
58083,2.614278e-05
58089,0.99939334
58091,0.9995814
58093,0.00034948392
58094,0.00025745697
58096,5.9318263e-06
58097,0.9944266
58110,0.9996791
58111,0.99786806
58114,9.9014316e-05
58118,0.99903524
58120,0.0015710547
58131,0.9993894
58139,0.9995277
58144,0.0003193348
58145,0.0005579319
58146,0.00010788915
58147,0.00039530586
58152,0.00012464446
58163,0.00024118589
58167,0.99990284
58177,0.0004541174
58192,0.9982287
58193,0.99924845
58194,0.00090614986
58201,9.222322e-05
58212,0.00022708949
58213,0.017593985
58223,5.904048e-06
58228,0.0015814956
58231,0.000107906955
58232,0.99940383
58235,0.00086167373
58237,0.00022029673
58243,0.07421754
58250,0.00015008893
58254,6.0850463e-05
58256,0.9985215
58261,4.8324764e-06
58266,0.9996556
58275,0.0006764805
58294,0.998806
58303,0.0005588599
58309,4.780704e-05
58310,0.00015660739
58311,0.9999106
58316,9.0748035e-05
58319,0.00015017239
58326,0.0002690989
58335,0.00025789082
58342,0.0010395967
58347,0.9994986
58355,0.9928577
58357,1.1383284e-05
58361,1.1983403e-05
58362,4.344236e-05
58369,0.0020925286
58373,0.00010070555
58376,0.9791358
58379,0.989388
58380,0.9997198
58382,0.99944144
58391,0.0002588086
58395,4.375363e-06
58399,0.00012892977
58403,0.92256707
58406,0.0008100091
58407,0.99950624
58410,0.0005620458
58414,0.0019159275
58427,0.9993869
58429,0.00030817732
58431,0.0005707717
58435,0.0009424974
58436,3.9853654e-05
58439,0.0004607822
58440,0.00038962226
58441,0.99968934
58442,0.00031374593
58444,7.55156e-06
58445,0.0008132492
58454,0.00025043567
58458,1.5248605e-05
58460,9.0477144e-05
58461,0.99966955
58475,0.00094292325
58477,0.00049124286
58488,0.00045606957
58491,2.5229294e-05
58496,0.014200621
58508,0.00025044856
58510,2.828501e-05
58511,0.0024322974
58512,0.9914334
58515,0.99930406
58516,0.0006279495
58528,0.998514
58529,0.00038390633
58530,0.0009338065
58533,0.19590247
58535,0.0003677175
58544,0.7410832
58547,0.0020243216
58549,0.99843186
58550,5.4352186e-06
58554,0.062750176
58557,0.9956483
58562,0.99982053
58569,0.8060146
58570,8.931339e-05
58579,0.998963
58581,1.4158299e-05
58582,0.00032032942
58598,0.00021203712
58604,8.003601e-06
58607,0.00022238305
58611,9.955159e-05
58612,0.10020313
58618,0.0012233154
58626,0.0018996286
58636,0.00016992683
58643,5.0661974e-06
58646,0.92200124
58647,0.0002974416
58652,0.00029456452
58653,0.9908302
58658,0.00043321584
58670,0.9970958
58673,0.078886345
58675,0.00076651154
58676,0.0004521527
58678,0.0011913485
58679,0.99946517
58685,0.015303797
58693,1.2769511e-05
58695,0.0002044919
58698,0.9984006
58699,0.9996569
58716,0.00043521964
58719,0.000196821
58722,1.1771985e-05
58736,6.891688e-05
58739,0.99935097
58742,0.00024939296
58743,0.0003147796
58746,0.99952495
58759,0.7688533
58763,0.00026810556
58765,0.00015385583
58766,0.0004222556
58768,0.05920567
58769,0.044115387
58776,7.406058e-06
58778,0.00012403562
58779,0.9998147
58780,0.9996375
58784,0.0031878129
58790,0.00031051072
58791,0.9997086
58792,6.2437703e-06
58795,0.00045364237
58805,0.00018759751
58809,0.98994654
58812,0.00026057148
58813,0.9996412
58818,0.9994549
58823,0.00027647906
58831,0.99987197
58835,0.068707764
58842,0.9994647
58847,0.0004361096
58855,0.82181776
58858,0.00021656656
58859,0.99404186
58863,0.0062861657
58865,0.00018465653
58875,0.10694889
58884,0.0005454334
58885,0.9995328
58886,0.09696212
58891,0.0033032037
58894,0.029163396
58896,0.00037416944
58898,0.00013103579
58902,0.00035144697
58904,0.07702866
58911,0.0050366777
58912,0.00044023135
58913,0.00056469545
58915,0.99919444
58916,1.1520079e-05
58918,9.00136e-06
58920,2.99687e-05
58923,0.00014410808
58924,0.99978274
58925,0.9994087
58929,0.99959713
58933,0.0005819402
58934,0.0005947806
58936,0.00043749472
58938,0.9995036
58950,5.4525593e-05
58951,0.0001621441
58952,0.9979626
58954,0.00055413885
58959,0.94017184
58972,0.0009809252
58978,3.5060413e-05
58985,0.00022041924
58986,0.9997594
58989,0.00024238786
58994,2.8521914e-05
58996,0.99955016
58998,0.00012347838
58999,4.6713005e-05
59001,0.0005835465
59006,0.99855584
59009,3.392302e-05
59011,0.00016939218
59014,0.0004047133
59017,5.525021e-05
59018,0.9994485
59033,0.00022058994
59036,0.0015621232
59037,1.241242e-05
59041,0.004680165
59043,0.9967835
59047,0.00018083211
59054,0.0006328437
59062,0.998458
59066,2.8075581e-05
59071,0.9860766
59075,1.2446035e-05
59079,2.2026195e-05
59080,0.00012846185
59085,0.00034488822
59086,0.00019372767
59087,0.9999465
59092,1.6958895e-05
59094,0.00048125413
59095,0.9994479
59096,1.1976914e-05
59100,0.9993129
59105,0.00017895304
59109,0.00013674684
59110,0.99970573
59116,0.00042924896
59118,0.00023914769
59120,0.00025339978
59122,0.9984347
59128,0.99948335
59131,0.99970216
59134,0.00020479805
59135,0.00010678426
59140,0.00054453936
59147,0.00021435936
59151,0.00041704037
59153,0.0008400316
59154,0.00033199412
59156,0.9990791
59157,0.000104353945
59159,0.99725205
59167,2.6199834e-05
59169,0.00063744665
59176,0.00081526925
59177,0.9990502
59178,0.00015320072
59180,5.9627786e-05
59190,0.99994683
59192,0.00016052516
59194,0.00013758914
59198,0.99994195
59200,0.00017405057
59209,0.002347355
59210,0.0010673978
59216,0.000528625
59219,0.0008636358
59221,0.027396385
59222,0.00093668257
59223,0.0007260782
59228,0.8495911
59236,0.9991536
59237,0.00037675406
59243,0.00014629829
59248,0.03092919
59250,8.9082205e-05
59252,0.00011897081
59254,0.0016855474
59258,0.9935149
59259,0.9991911
59263,0.00047675893
59271,0.00036487848
59277,0.000116711155
59278,0.00031450304
59285,2.1169497e-05
59286,0.0049776738
59290,0.0016465833
59292,0.0018920853
59293,0.0008005919
59297,0.06603532
59298,0.0002631515
59303,6.358743e-06
59306,0.0007579781
59314,0.9991429
59316,0.9999367
59317,0.00040181854
59326,0.00023667881
59331,0.00066625257
59333,4.2541003e-05
59338,1.51397e-05
59342,0.00048803433
59344,0.051057503
59351,4.8210104e-06
59352,0.00021678844
59353,5.816733e-05
59357,0.11177812
59359,0.0009053275
59369,0.00045327167
59374,0.0015187265
59386,0.06243453
59389,0.99917907
59390,0.99879813
59393,0.99876875
59396,0.0002961702
59398,0.9991836
59400,0.0036523114
59406,0.0007250572
59409,5.959878e-06
59414,0.00016457825
59416,0.9941051
59420,0.9998789
59424,0.0005517937
59429,0.000110034984
59435,1.7812068e-05
59436,0.00016912185
59439,0.11016442
59441,0.99882585
59443,0.0006693001
59447,6.809532e-05
59450,0.00021581378
59453,0.9997042
59455,0.9991811
59459,0.00032734702
59463,0.00033790033
59465,0.074085
59468,0.0006404525
59470,0.0003156848
59472,0.00016269652
59475,8.796577e-06
59476,0.0009815037
59478,0.00057338894
59479,0.00013563003
59489,0.11142944
59490,0.99923897
59493,0.002412625
59501,0.9996425
59503,0.9986474
59504,0.00024600618
59505,0.9994117
59511,0.058696587
59512,2.2162836e-05
59517,0.0006950433
59522,0.9999664
59524,0.00018716585
59532,0.00035153812
59537,2.2576965e-05
59540,0.0004326224
59545,0.00015111713
59551,0.0003312619
59562,0.0034319742
59563,1.44684445e-05
59565,0.9991227
59567,0.99970657
59572,8.236628e-05
59573,0.054622613
59576,0.0004957998
59577,0.00065988244
59585,1.5871554e-05
59591,0.00025434815
59592,0.000100944664
59593,0.99918646
59605,0.00088457216
59613,0.0013657068
59614,2.170847e-05
59616,0.00077369274
59622,8.851875e-05
59625,0.8469367
59627,0.00034052104
59632,2.460678e-05
59633,0.9975642
59634,0.0002886967
59635,0.9993961
59638,0.00041311875
59640,0.00016798606
59645,0.9997503
59650,0.0005199354
59660,3.6284386e-05
59667,1.7028826e-05
59673,0.9992586
59674,0.9743017
59682,0.00024162802
59691,0.99992347
59698,0.0004344354
59700,0.00073643343
59702,0.053181436
59705,0.00046378246
59715,0.00020835815
59717,0.9994011
59718,0.0009549387
59732,0.9987802
59738,0.99961215
59741,0.0711518
59750,0.995745
59751,0.0028849165
59757,0.99573106
59763,0.00031490176
59765,2.8535107e-05
59771,0.009611258
59773,0.00016776867
59780,1.0441596e-05
59785,0.00032720258
59787,0.0010210235
59789,0.99970764
59796,0.9994516
59806,0.001123573
59810,0.00015706575
59811,0.0006501033
59814,0.003994805
59817,4.1233207e-06
59818,0.99931514
59821,0.99468344
59834,0.00022186377
59837,0.0009004303
59844,0.0057422235
59848,0.08012248
59852,0.00045884663
59853,0.9983708
59854,1.100069e-05
59859,0.00067510415
59865,0.0001680229
59870,0.9995813
59871,0.0005775999
59875,0.0012094335
59877,1.3145711e-05
59883,2.2099963e-05
59885,0.012237955
59888,7.431312e-05
59894,0.99900717
59896,0.00032712833
59903,0.00017043426
59904,0.0007629356
59905,0.9995714
59908,0.9989699
59909,0.9976915
59913,0.056347195
59917,0.00045009545
59919,3.8187063e-05
59924,2.2921844e-05
59926,0.99951744
59929,0.99960405
59938,0.0007483463
59939,0.9984108
59943,0.045733627
59947,0.00018728974
59949,0.0009981666
59951,0.0010730763
59953,0.065905966
59955,0.11434218
59960,9.298353e-05
59962,0.997398
59970,8.463147e-06
59981,0.0010717221
59983,0.0012088174
59989,0.99931407
59995,0.000454125
59999,0.00022220968
60001,0.00019120766
60008,0.0026711202
60010,0.0025562684
60011,0.9999
60012,0.99907196
60013,0.8996678
60038,3.0632003e-05
60045,0.99923706
60057,0.002767105
60061,0.00017719281
60069,0.00043978443
60074,0.00058815454
60075,0.0007996232
60079,0.00014289792
60082,0.997825
60090,1.6589589e-05
60092,0.0010916294
60104,0.0003523872
60108,0.0010849218
60111,0.9999565
60115,0.00042191564
60116,0.00037555833
60134,1.18249345e-05
60137,1.912412e-05
60141,0.9927044
60146,0.001237351
60150,2.905278e-05
60156,0.0005107119
60158,0.00024171629
60159,0.00013977915
60163,0.0001266619
60171,5.904245e-06
60177,0.9164307
60178,0.0034807303
60184,0.0003400424
60189,0.00012926916
60192,0.07867944
60194,0.00014634279
60215,7.63477e-06
60217,0.00014821505
60218,0.00014891897
60224,4.7889807e-05
60226,3.5816425e-05
60227,0.0002902934
60230,0.99045837
60234,0.9964527
60245,9.688758e-06
60248,2.2200511e-05
60255,2.9797398e-05
60258,0.00012305981
60259,0.00053060456
60264,0.0027763706
60265,0.00079250324
60266,0.06655832
60271,3.0966457e-05
60279,0.0018212144
60280,0.0010079306
60282,0.0026385929
60291,0.00033136518
60295,6.2863523e-06
60296,3.770729e-05
60297,0.00056971563
60299,0.9993824
60300,0.99168056
60301,0.00016647633
60305,0.00048304262
60307,0.0001743592
60309,0.000101563666
60311,0.99826825
60313,0.00030909065
60316,0.7960206
60329,0.9915081
60338,0.0021993292
60349,0.99646664
60351,0.00045729434
60358,0.9999379
60362,3.394017e-05
60378,0.0058108703
60382,0.004970129
60395,0.0016766455
60396,0.00014076318
60397,0.052867334
60407,0.87123007
60408,0.00016380266
60415,0.0018841102
60418,0.0013806951
60421,0.0007592953
60423,0.8323098
60427,0.00015441564
60432,2.0555111e-05
60433,0.0003585901
60437,0.0005724688
60439,0.00023373056
60455,0.00023307164
60461,0.06344773
60465,0.00037136773
60468,5.474542e-06
60469,2.4782603e-05
60477,0.0005572036
60485,0.00084323826
60486,0.00048486365
60495,3.0583533e-06
60496,0.00014909488
60503,1.1755191e-05
60506,0.00030176408
60507,8.488483e-05
60511,0.9988669
60513,0.9962219
60515,0.99922156
60516,0.0007203721
60522,0.00048912596
60527,0.0007367497
60528,0.00019986495
60533,0.9975867
60534,0.8554989
60539,0.99936074
60543,0.0004228516
60546,0.00039835245
60555,2.4704996e-05
60561,0.00039193867
60563,0.00038255256
60568,0.0006243632
60569,0.00054075714
60577,4.454285e-05
60580,6.542253e-06
60584,5.3907625e-06
60588,0.99679416
60591,1.0588117e-05
60598,0.00044142897
60602,0.00030779326
60607,8.67345e-06
60608,0.99784446
60618,0.99939215
60621,0.00016648634
60624,0.00029786304
60628,0.00046092257
60630,0.8719053
60631,0.00022348986
60636,1.4869987e-05
60642,0.995747
60643,0.016319716
60644,0.00063754903
60645,1.4626111e-05
60647,0.00027431577
60654,0.0006854365
60666,0.00026516255
60667,0.000284668
60673,0.9611636
60676,0.034736823
60693,0.0005739459
60696,0.9971263
60702,0.0012220541
60706,0.0060299947
60707,9.361108e-06
60708,0.00042853632
60709,0.9997578
60724,0.9994203
60725,0.0006553877
60729,0.00020828545
60731,0.9996892
60742,1.3459759e-05
60747,0.0006714211
60767,4.186073e-06
60768,0.00011623014
60769,0.99722075
60771,0.0012722622
60780,0.7740717
60781,0.12048534
60783,0.00068478874
60792,0.00066400005
60794,0.0011851884
60796,0.00047621416
60798,9.826739e-06
60802,1.6987187e-05
60810,0.00025920197
60813,0.9995284
60815,9.621107e-05
60817,0.010675501
60826,0.9986041
60828,0.00037430393
60830,0.0014435091
60831,0.99939203
60838,0.8732583
60839,0.00025315708
60840,0.9984158
60844,0.002000204
60845,0.99967265
60855,2.63681e-05
60857,0.9997334
60859,0.999877
60863,9.199646e-06
60865,0.0024216026
60871,0.0022205515
60873,0.000706063
60876,0.99942774
60878,0.00021564306
60879,0.00021979361
60881,0.0007854586
60886,0.00066275394
60888,0.00020687841
60892,0.99837327
60893,0.011223368
60894,0.00026764633
60896,0.9848214
60901,0.9995529
60903,2.5444024e-05
60907,0.0012771441
60915,0.048064306
60917,0.9991872
60922,0.99957174
60923,1.3715778e-05
60926,0.000578138
60929,6.4526107e-06
60935,0.9885411
60940,0.9998097
60941,0.9991591
60946,0.00053871603
60948,0.00012446927
60949,0.0008840987
60951,0.0025103707
60954,0.00016051384
60955,0.0005272879
60960,0.00017818413
60962,0.000104913786
60972,0.0072021056
60973,0.0013701394
60975,2.594414e-05
60976,1.1699126e-05
60977,2.5822721e-05
60994,2.4997084e-05
60995,9.3813505e-05
60997,0.0007174289
60998,0.9966222
61000,0.000121295285
61003,0.99898154
61010,0.003577553
61012,1.7220911e-05
61017,0.9998185
61019,0.0012154719
61026,0.9973801
61031,0.0005755904
61033,0.00016501933
61034,0.0005933964
61037,0.9961616
61042,0.00022429253
61044,0.9997726
61046,0.0002371647
61049,5.95901e-05
61050,0.076588325
61067,0.00013431022
61073,0.00019491886
61080,0.00010835063
61082,0.99917334
61083,0.00083793787
61087,0.99976546
61090,0.9807991
61098,0.000107573265
61103,0.9982772
61104,0.9903289
61109,0.00065220706
61110,0.99966466
61119,0.99916446
61120,0.9997702
61122,0.9984282
61126,0.00030222823
61127,0.9978635
61131,0.00057458103
61133,1.2949156e-05
61134,0.0012973828
61135,0.999948
61138,0.0006860191
61143,0.07852274
61152,0.9963805
61156,0.00037735794
61158,0.00027388876
61164,5.6630954e-05
61174,0.0015073969
61175,1.5704923e-05
61176,0.014428908
61178,3.0157717e-06
61179,0.999653
61182,0.99400514
61187,6.7147153e-06
61190,0.06984415
61202,0.00013592781
61203,0.00018946489
61206,0.00019993166
61207,0.0003703693
61210,0.00042646046
61216,0.0005149976
61217,0.00025383916
61226,0.00041208608
61227,0.9991923
61230,0.99762434
61231,0.00015630262
61233,5.0461425e-05
61252,9.892041e-05
61258,1.8116718e-05
61259,0.99981135
61264,0.00016163978
61266,0.9977301
61277,0.00022732995
61280,1.7722166e-05
61282,0.00021303231
61283,0.003664238
61286,0.00018544788
61294,0.013839997
61302,0.0002985778
61303,0.00020867724
61304,0.0002629669
61307,0.0005420994
61310,7.5081794e-06
61314,7.271317e-06
61319,4.7946596e-06
61320,0.00039530473
61329,0.9980323
61330,0.0020377375
61331,0.0034171962
61336,0.00024763157
61337,0.9996642
61342,0.00020962789
61347,0.0005404735
61351,7.210257e-05
61354,0.0711819
61360,0.99694175
61363,0.00068709016
61364,0.9998066
61368,9.9250545e-05
61372,0.0004844158
61382,0.9990627
61383,0.99732804
61391,0.09513629
61392,6.3984844e-05
61396,0.00036430135
61403,0.00035071615
61404,0.0008828532
61405,0.00018519572
61407,0.00053340144
61409,0.00033375382
61410,0.0002445313
61412,0.00021062944
61416,0.00023711225
61417,0.0026991833
61420,0.0044170506
61425,0.000407376
61429,0.00012721421
61436,0.9982375
61439,8.068493e-05
61444,0.00051292067
61446,0.999554
61449,0.99911064
61452,0.00044646152
61457,0.9867845
61459,8.318062e-05
61460,0.9894136
61462,0.00015975435
61464,0.99348867
61465,0.000742203
61467,0.9994985
61472,0.0018789297
61476,0.00039808708
61478,0.0005749067
61480,0.0010269886
61481,0.0015466736
61482,0.0005192665
61486,0.99131644
61487,0.00083193753
61489,0.0009520997
61493,0.0012021278
61496,0.99823076
61498,0.00055238075
61502,0.00446386
61503,0.9991604
61506,0.00024413737
61511,0.000120922494
61515,8.4901585e-05
61519,1.9360712e-05
61530,0.00048311977
61531,0.00019162873
61534,0.00018747538
61535,4.9285638e-05
61541,1.6179634e-05
61558,0.00019737953
61560,0.07068092
61562,0.14130573
61563,2.125969e-05
61564,7.1271854e-05
61567,0.0002645759
61571,0.9996202
61575,3.1762662e-05
61579,0.00052477437
61580,1.5756064e-05
61588,0.00055485766
61590,0.00019961053
61595,0.00026855298
61596,0.004363627
61598,2.1068776e-05
61599,0.00089197967
61602,0.00019132711
61624,3.0151421e-05
61625,0.00034780125
61631,0.99976605
61632,0.0004231415
61634,0.014152499
61642,0.00017931002
61643,0.06156067
61646,1.4281976e-05
61657,1.7278257e-05
61662,4.615921e-06
61665,0.99937445
61672,0.9997657
61673,5.6221656e-06
61674,0.004432292
61684,0.08956995
61690,0.9989999
61693,0.011085884
61695,0.99802774
61697,1.1068651e-05
61703,0.0009977667
61705,1.9465424e-05
61708,7.106852e-05
61710,0.00019086667
61716,0.9964386
61725,0.0002494384
61731,1.783328e-05
61732,1.1915405e-05
61740,0.9991371
61743,8.314747e-05
61744,0.9999213
61746,0.9989574
61748,0.9981645
61749,0.9982564
61752,1.7463377e-05
61758,0.0002641847
61761,0.06039824
61765,0.9996208
61766,0.9992372
61771,4.4475786e-05
61772,0.99963856
61783,2.2089996e-05
61784,0.0034484153
61785,0.00023502957
61798,0.14992614
61800,0.00049030606
61803,0.00091837475
61806,0.9989926
61809,0.0013793389
61811,0.0008130454
61815,0.05167989
61817,0.00012686472
61824,1.8631072e-05
61825,0.00024036496
61830,4.950067e-06
61831,0.00019431004
61836,7.138034e-05
61838,3.4060562e-05
61850,1.0302042e-05
61856,0.00015040899
61859,1.5264653e-05
61879,5.5936e-05
61884,0.00013522776
61888,0.0011712472
61891,8.658969e-05
61895,0.99868685
61899,0.9995353
61902,0.0006430813
61905,9.396787e-06
61909,0.00022555114
61912,0.9997292
61921,0.9997998
61923,0.9991602
61924,0.00022017746
61925,0.011599215
61926,0.9989801
61927,0.00028161786
61928,0.999049
61934,0.0038057887
61940,0.0003805941
61943,0.06699775
61944,0.0003036712
61949,0.00026166788
61952,0.9998122
61958,0.0008774244
61965,0.99967504
61966,0.00034654175
61974,0.01272822
61975,0.00017475498
61978,0.0022287269
61984,0.0007083913
61989,0.0016191022
61992,6.513429e-05
61997,0.0040634805
62005,0.9940347
62006,8.609549e-06
62007,0.00046344305
62010,4.886946e-06
62014,0.0002990664
62016,0.0013061134
62024,0.0018246174
62025,0.00022521784
62029,0.99925977
62030,0.0008236624
62034,0.000530347
62047,0.043066945
62048,0.99969316
62049,0.019979354
62050,0.9995466
62052,0.0016928745
62054,0.0013356972
62060,4.6110727e-05
62061,0.9992531
62063,4.817453e-06
62064,0.99094546
62068,0.0022306757
62071,1.443242e-05
62076,0.0014305081
62078,0.0002695498
62080,0.0001280928
62081,0.00030436684
62082,0.9976453
62085,0.0002959447
62087,0.0010998097
62090,3.1408083e-05
62093,2.1607904e-05
62095,0.9994678
62097,0.00016425451
62103,6.707848e-06
62110,9.343974e-06
62111,0.0002160594
62114,1.6299284e-05
62125,0.9966246
62128,0.9998093
62130,2.0870879e-05
62133,8.698022e-05
62139,0.00036614528
62140,0.00050583226
62145,0.0008229582
62146,0.99034214
62155,0.06953098
62158,1.025156e-05
62161,0.040397663
62167,0.0010337707
62170,0.99932563
62171,0.0001648094
62173,0.051287927
62174,0.00029701597
62178,0.00017225395
62181,0.10648898
62185,0.0014051688
62186,0.99930346
62187,0.0058752005
62188,0.9994417
62195,1.1916792e-05
62198,0.00024326834
62204,0.0004022156
62208,0.00049790804
62209,0.00011178103
62211,0.0089686215
62212,0.00022508301
62215,0.002072335
62217,0.99993837
62225,0.011854148
62229,7.289193e-05
62233,1.4843462e-05
62234,0.07347198
62238,0.011031566
62239,0.00022708818
62242,2.5510133e-05
62246,0.9984647
62259,0.00036269345
62261,0.997884
62265,0.05027762
62273,0.00033384768
62274,0.0005704908
62275,0.001681895
62279,6.590603e-06
62280,0.048642922
62282,0.9991873
62293,0.08840487
62298,7.412132e-05
62299,0.0010422484
62308,0.00024447183
62316,7.363767e-05
62319,0.9991021
62323,0.999539
62325,0.9990287
62329,0.00082711264
62330,0.00082589395
62331,8.779445e-05
62336,0.00045542815
62337,0.00048290982
62338,0.00032775453
62340,0.99285334
62357,0.00073477236
62358,0.9997701
62359,0.00055025646
62363,0.0029829382
62365,0.09347281
62368,0.9997161
62370,0.9989261
62371,0.00037305747
62374,0.9286984
62375,0.00045319737
62381,0.0008545572
62387,0.08285744
62391,0.003443367
62401,4.1080566e-06
62402,7.6013705e-05
62405,0.00017738197
62408,0.00025268155
62409,0.065624304
62422,0.001223094
62426,0.00073377806
62428,7.143168e-05
62431,0.0005146641
62435,0.004684416
62437,0.0003060986
62445,0.0022480984
62449,0.00058767013
62452,0.0004294147
62459,0.00014206128
62466,0.99993885
62467,0.00039233378
62471,0.00050883216
62480,0.000683237
62484,0.00017769363
62493,0.0014005449
62498,0.0008980934
62501,0.00059244054
62503,0.0003629693
62505,0.00020394727
62508,0.99912006
62512,0.060153674
62515,0.06623685
62520,0.00022962994
62521,0.99930906
62524,0.9975206
62527,0.0007466606
62536,0.993156
62537,0.0192021
62540,0.00023893708
62558,0.0002050894
62562,0.00055839826
62563,0.0002572224
62565,0.00066896365
62566,0.9996214
62567,0.9960295
62570,0.00028364582
62576,0.99969196
62580,0.000782054
62587,0.00023919375
62588,0.9999516
62597,0.00020376145
62602,0.00022597778
62605,0.00016496003
62608,0.99988663
62611,0.0001701738
62612,0.9993647
62616,0.09368749
62617,7.9203804e-05
62618,0.0001502516
62623,0.9891388
62626,0.0010383634
62627,0.0001375595
62631,0.00012875334
62634,0.0015845177
62636,0.00073631905
62640,0.997846
62647,2.3826244e-05
62652,0.0006124904
62657,0.0001583832
62668,0.00022405975
62669,2.9021241e-05
62670,0.9992275
62672,2.775374e-05
62673,0.0005759644
62679,0.999337
62680,1.7408007e-05
62681,0.9977731
62682,0.00032472858
62686,9.187389e-06
62695,1.0601374e-05
62697,0.00019046999
62698,0.00024312688
62699,1.6065562e-05
62702,6.436618e-05
62709,0.00036380126
62710,0.0006890646
62718,0.00020043788
62721,8.5093605e-05
62724,0.00083908206
62729,7.071368e-05
62736,0.9892999
62742,1.566633e-05
62746,4.9923245e-05
62747,0.99753064
62748,0.99979526
62749,6.079941e-06
62750,1.0315944e-05
62751,3.5512672e-05
62754,0.00020448079
62762,0.9998435
62764,0.00073206506
62766,0.99971086
62779,0.0006002337
62782,1.1201002e-05
62784,0.99874014
62788,0.9991173
62791,0.9974577
62796,0.994156
62799,0.00040797368
62803,0.0019592189
62804,0.0010004677
62811,1.4897565e-05
62814,0.99953926
62815,0.8590621
62819,0.00014467037
62820,0.067105405
62823,3.723504e-05
62825,0.06333608
62826,3.7957314e-05
62827,0.99599767
62841,0.000248073
62842,0.0023095708
62843,0.99993753
62847,0.99956304
62850,0.00067156676
62851,0.00049202895
62852,0.99829525
62859,1.0849898e-05
62860,0.00039658617
62861,0.00049080874
62864,0.00044312506
62867,0.00015267747
62871,1.5677793e-05
62873,0.0201887
62878,3.4854093e-05
62887,0.0002071036
62889,0.0018178116
62890,2.0680634e-05
62892,0.00018025594
62893,0.9835
62898,6.98763e-05
62905,0.99381965
62909,0.99885917
62912,0.9998274
62914,0.0003964909
62923,0.00071858696
62928,0.0040064137
62937,6.866151e-05
62938,0.99511635
62939,0.0010354015
62944,0.00022401233
62946,0.9996927
62957,0.0002790244
62958,0.00021303172
62970,0.0012540371
62971,0.00041457906
62976,0.9999471
62982,0.0002727284
62984,0.99993646
62985,0.9994253
62988,6.6774315e-05
62991,0.91806686
62993,0.00012663942
62997,0.0024327997
63006,0.00019955229
63010,0.07968257
63019,0.9996277
63020,0.0013850986
63023,0.99988604
63024,0.9989139
63025,0.82727367
63027,0.00032879107
63028,0.009451496
63030,0.00015989119
63032,0.00017639832
63033,0.00016589099
63037,0.0051098275
63042,0.99992514
63043,0.9995479
63046,2.7649867e-05
63047,0.00017829698
63049,0.9962878
63054,0.0004563979
63056,0.0013590339
63073,0.0013396478
63074,0.00077956106
63078,1.404824e-05
63081,0.9998172
63082,0.99941623
63083,0.06185174
63084,0.00037265208
63086,0.00013748357
63087,1.947441e-05
63089,0.00017531459
63091,0.0052025965
63098,0.00050582405
63099,0.00040524354
63100,0.0012033158
63102,5.939505e-05
63131,0.9996018
63132,0.0008172442
63136,0.00044258343
63148,0.0001613429
63150,0.9996959
63153,4.6397226e-06
63157,0.07192143
63160,0.9995272
63161,0.0004640111
63164,0.9880838
63175,0.99863535
63191,0.99881184
63196,0.9973008
63205,0.99985695
63208,0.0003103459
63210,0.00085318385
63211,0.0005812714
63217,0.0002482876
63218,0.046554882
63223,0.00020862871
63233,0.0121907955
63235,0.00057581346
63237,5.0440935e-06
63246,2.2190117e-05
63254,0.0001779919
63255,0.98382723
63275,7.629227e-05
63282,0.9993655
63291,0.9990907
63299,0.00014158797
63302,8.724837e-05
63309,0.0003087761
63313,0.9986431
63318,0.99616385
63326,2.6553444e-05
63333,0.9998067
63334,0.9988961
63338,0.07653543
63340,0.9999056
63346,0.10344377
63349,0.00023249123
63353,0.00061685895
63357,9.713339e-06
63359,0.000162199
63361,0.00019620771
63376,0.00032820104
63377,0.00012821464
63394,0.010744687
63398,0.00010921107
63400,0.87633026
63407,0.0002606418
63410,0.0004409155
63411,0.00026039415
63415,0.99925166
63418,0.00014277235
63419,0.0005800254
63420,6.8144095e-06
63421,0.99979156
63423,9.989361e-06
63431,0.017182441
63436,0.99978346
63437,1.5062451e-05
63438,0.99981755
63459,0.99922323
63461,0.9998704
63464,4.954633e-05
63466,0.005513414
63473,0.5954881
63475,0.0004326319
63476,1.7148688e-05
63484,0.0005771792
63486,0.0002707746
63489,9.999389e-06
63492,0.00039705602
63494,0.00019896579
63496,0.00032341274
63497,0.0001414591
63503,0.0007434995
63504,1.1578642e-05
63505,0.0015017478
63506,7.899162e-05
63510,0.00026536436
63514,0.00011885334
63523,0.014937056
63526,0.0011762813
63529,0.00014415686
63530,0.00027629247
63538,0.00032072424
63539,0.00022489554
63549,2.8759398e-05
63550,0.0007960648
63552,0.9996309
63553,0.0007606924
63560,5.0002764e-05
63571,0.0015578617
63572,0.9995402
63573,0.001179233
63578,0.04988752
63581,0.00017287674
63589,0.069153786
63591,0.9990478
63598,0.06714507
63620,0.00019479994
63624,4.4900236e-05
63630,7.409856e-05
63631,0.99251455
63636,6.585426e-06
63638,1.6444392e-05
63644,0.98881066
63649,0.000541336
63652,0.088602416
63655,0.0011442978
63656,0.0004113084
63660,0.0019419453
63664,0.14448044
63667,7.828182e-06
63671,0.99930656
63681,0.012190044
63682,0.0045699384
63683,0.99926454
63684,0.0020292192
63687,9.608896e-06
63695,0.99705374
63707,0.9995332
63709,0.0010067554
63715,0.9993754
63721,2.3429518e-05
63725,0.99863523
63729,0.99913603
63730,3.8302023e-05
63736,0.00018910084
63737,0.00017073679
63741,0.0012321637
63742,0.9993537
63743,0.99877745
63746,2.9119657e-05
63752,0.00020656126
63753,0.0004875447
63759,0.0017340461
63764,0.45557362
63765,0.001094262
63768,0.0003129376
63776,0.99843544
63792,6.285143e-05
63796,0.8907251
63797,6.482459e-05
63812,0.00021303761
63813,0.8558293
63814,0.00015432261
63815,0.00051371305
63820,0.00021912258
63827,0.0017966562
63831,0.00014405766
63839,0.00050288887
63840,5.5198605e-05
63843,0.0007107347
63848,8.58065e-05
63849,0.0014096925
63852,5.7226654e-05
63853,1.29143045e-05
63854,0.99759287
63855,0.00013311185
63857,0.00049378286
63858,0.080576144
63861,0.9999304
63865,0.99949205
63866,0.00020704574
63869,0.0008464209
63879,0.00014195607
63881,0.0033048526
63888,0.99994767
63889,0.00018688053
63902,0.00038512496
63904,1.6624812e-05
63906,0.9983247
63908,0.0003845389
63909,0.00043329308
63911,0.8141759
63918,0.00020051566
63931,1.5641848e-05
63939,0.05226545
63942,2.3222552e-05
63943,4.173342e-05
63944,0.0010630024
63946,0.9986541
63948,0.9994444
63949,0.07701246
63953,0.00053218286
63957,2.269024e-05
63958,0.0044597127
63963,0.00029978892
63964,0.99853814
63973,0.99875534
63976,0.0006890456
63977,0.0017703604
63984,0.00048372205
63986,3.7727757e-05
63988,0.0007755798
63994,0.97391564
63998,5.167827e-05
64000,0.09347715
64001,0.9964953
64002,0.9944563
64006,0.0005610211
64015,0.10079294
64023,0.9979133
64031,0.99692875
64032,0.00044454602
64052,0.07554026
64056,0.0005453827
64058,0.00019633592
64061,0.057046793
64064,0.0010763571
64066,0.8399663
64069,7.743403e-06
64070,0.9999337
64074,0.0007608747
64081,0.0005159245
64083,0.000537872
64085,0.9975472
64087,0.00044983593
64090,0.0007598595
64092,0.9993506
64110,0.00018866878
64111,8.0349084e-05
64112,0.83760065
64116,0.00024590886
64120,5.7875794e-05
64125,0.06966197
64126,3.2753028e-06
64134,0.9961075
64135,0.000245059
64136,0.00038947444
64137,0.9996031
64138,0.00030427313
64147,0.00024959017
64154,0.0006432143
64155,7.248179e-06
64157,0.00021718712
64158,0.99651414
64163,0.00027560003
64164,0.0006575534
64172,0.07108925
64176,0.99958414
64182,0.9999281
64192,1.9887933e-05
64193,1.3931727e-05
64203,0.9969688
64207,0.9914362
64212,0.0008087399
64215,0.9959948
64228,0.001174895
64229,0.00021494941
64235,0.12513964
64238,0.9996642
64243,0.00022466856
64246,0.00015932991
64247,0.9975063
64248,0.98520815
64252,0.9970715
64256,2.4797948e-05
64259,0.00024532105
64262,0.9997038
64264,0.00055665284
64265,0.0003866203
64267,0.18965723
64272,0.01572284
64273,0.0003433699
64274,5.9594186e-05
64285,6.407644e-05
64289,0.0008750853
64290,0.0002874043
64293,0.00044552918
64305,8.0771686e-05
64313,0.9888059
64319,0.00037340794
64321,0.0001256163
64327,2.7387752e-05
64331,0.00071806944
64333,1.2670466e-05
64335,9.239628e-05
64342,0.00020328254
64344,1.5322703e-05
64345,0.0043383413
64348,0.0011236217
64350,0.00017598284
64351,0.00028546812
64353,1.3127784e-05
64355,0.0007445786
64360,0.999793
64363,0.9991485
64364,0.00037908956
64370,0.000612184
64386,0.0008284793
64387,0.9993788
64388,0.00027517023
64389,7.89554e-05
64399,0.9987348
64402,9.790473e-06
64404,0.00046450386
64409,0.00022098613
64412,0.9998443
64418,0.059784085
64419,0.07207356
64424,0.00028590966
64431,0.0003291411
64437,0.0016873393
64438,0.00018057314
64439,0.0005768588
64440,0.00018567435
64449,0.9995925
64451,0.0010975155
64454,7.4967033e-06
64456,0.00268858
64461,0.999338
64466,0.9992428
64467,0.15491289
64471,0.9996861
64478,0.00017985694
64481,0.9999298
64483,0.011911082
64485,0.0005762799
64494,0.00021723124
64500,0.9999418
64502,0.00064201304
64505,1.1926956e-05
64507,0.00021659546
64510,0.00020565864
64511,0.00039271227
64513,6.3026323e-06
64518,0.99882513
64526,0.0003394516
64534,0.99946886
64541,0.99982893
64547,0.98815656
64551,0.03345776
64552,0.000670217
64557,0.00030346197
64558,0.00079090125
64564,4.3076525e-05
64566,0.000102263955
64572,0.00027084842
64574,2.4531008e-05
64577,0.00042675185
64586,9.647912e-06
64587,0.00036919152
64594,0.99567336
64595,0.0064909565
64597,0.00028186364
64601,0.0005111665
64602,0.001896336
64608,0.00047880455
64611,0.9990126
64615,1.0794794e-05
64640,0.00093957764
64643,0.0005972579
64647,0.00062349706
64650,0.00014726134
64654,0.00028577747
64655,0.0015697859
64656,0.00094863214
64657,0.99966156
64659,0.0003030725
64663,1.8342089e-05
64665,0.99978584
64675,3.7079128e-05
64685,0.9999231
64687,0.0071788123
64690,8.524653e-06
64693,0.99980825
64697,0.0001941454
64699,1.767263e-05
64708,0.049924318
64711,1.3194343e-05
64715,0.9956086
64721,0.0009604311
64722,0.00010913403
64729,0.00049534586
64734,0.00018256894
64737,0.99947566
64744,0.00015280987
64746,0.0021615115
64759,1.41635255e-05
64760,0.00050361874
64764,0.9994387
64765,0.0022072238
64771,0.98246807
64776,0.00024134482
64779,0.99975115
64781,0.0004095458
64791,0.00066473964
64793,0.00019836097
64796,0.0009849094
64800,0.00021177468
64803,0.00019595363
64804,0.00024337924
64805,0.00014100068
64809,0.9993318
64810,0.00025942872
64812,0.9992543
64815,0.0009195142
64823,0.0005767827
64824,0.00043775962
64836,0.00029658305
64839,0.0001390915
64853,0.00028173925
64854,0.0006541284
64859,0.00058302336
64861,0.000427672
64867,0.00040248656
64870,0.9993444
64871,4.7456297e-06
64876,0.079290316
64884,4.7562982e-05
64885,7.4749223e-06
64886,0.99760383
64890,6.56867e-05
64894,5.634178e-06
64896,0.00017984939
64897,0.00082065706
64898,0.9988545
64900,0.999926
64901,1.6004717e-05
64903,0.00094199606
64914,0.999027
64915,0.00011248782
64916,0.0004687939
64921,0.00013900081
64922,2.4805067e-05
64945,0.00018570852
64955,0.9993742
64960,0.0002928701
64965,0.0061597256
64968,1.2376356e-05
64979,0.0031323752
64981,2.3083978e-05
64983,0.0006904632
64988,0.0026880545
64990,0.001181655
64995,0.00012048971
64998,0.00078656676
64999,0.0002288754
65002,2.89332e-05
65005,2.41306e-05
65006,0.00015080765
65009,0.0002707506
65010,8.311061e-05
65015,0.0008503772
65020,0.00070984656
65026,0.00050182006
65027,0.99924123
65028,0.99977404
65036,0.0016952179
65042,0.00016030106
65054,1.0611711e-05
65059,0.00032983278
65060,0.0008655116
65061,0.9204364
65063,0.99470323
65067,0.00056903757
65072,9.6822565e-05
65073,1.0507715e-05
65080,0.00042137984
65082,0.14801548
65084,0.033486508
65095,0.9964725
65100,0.00059207197
65102,0.00031050242
65103,0.0011972944
65106,0.0001946917
65111,0.04285505
65115,2.3871276e-05
65124,0.0008115372
65130,0.0021707274
65131,0.00025688444
65137,5.5713423e-05
65144,0.016660579
65148,1.0101233e-05
65154,0.0007369013
65156,5.937812e-05
65161,1.833109e-05
65162,0.0006055838
65164,0.0003263997
65165,0.00017217857
65167,0.013140383
65169,0.00033233358
65172,0.9995946
65174,0.00011844356
65176,7.73976e-05
65180,0.0002907313
65185,0.00033930002
65199,0.00014546188
65201,0.999332
65206,0.0003490261
65207,0.0004037007
65208,0.0002681053
65210,0.00012890136
65215,1.1307319e-05
65220,0.00045705467
65222,0.00061818113
65231,0.00024384215
65247,0.99959546
65254,0.9996686
65255,0.9994954
65257,0.9990681
65259,0.9983181
65278,6.907611e-05
65280,0.0026964776
65285,0.99935216
65286,0.0004356173
65291,1.9052271e-05
65295,0.00089088856
65299,0.00010899394
65303,0.0006073056
65307,0.00058256375
65309,0.00014733663
65320,0.00013862542
65321,0.0013763923
65326,0.9986374
65332,0.9937588
65336,0.00026009715
65340,0.0008034679
65349,0.0005682817
65350,8.477849e-06
65351,0.08729061
65360,0.0004220743
65363,0.0003703972
65364,0.9937716
65365,0.00033756514
65366,0.00050222274
65367,0.0002716776
65371,0.00015284003
65372,0.0005671711
65375,8.153141e-06
65383,0.00017289323
65384,9.351108e-05
65388,0.00023945686
65389,9.8758555e-06
65391,0.0024713674
65403,0.0006929728
65404,0.00010950712
65405,3.4893349e-06
65407,0.00028494847
65412,8.136254e-06
65414,0.00038138207
65422,0.00017057228
65426,0.0005299867
65433,0.00015885054
65437,0.000491667
65439,0.99777895
65446,0.9990994
65449,0.99972147
65452,0.99980885
65453,1.3210018e-05
65454,0.0845017
65456,0.00017764042
65457,0.00048350147
65458,9.683475e-05
65461,0.9995276
65476,0.8862983
65478,0.00050511124
65486,0.99638283
65489,9.54562e-06
65494,0.99267524
65496,0.00021876811
65498,0.0011292401
65500,0.00034841703
65505,0.09769142
65511,0.0002032401
65513,0.00061293744
65515,0.00021410138
65518,0.00029222525
65524,0.00027928094
65530,0.99952614
65532,8.4558524e-05
65540,0.00057596277
65541,0.0072067
65556,0.0005024447
65559,0.9934001
65562,0.004192263
65570,0.99869424
65577,0.004416103
65588,0.9994055
65592,0.99934644
65598,0.001240217
65601,0.9997707
65603,0.00019956505
65606,0.00095717766
65611,0.06161789
65616,9.153753e-06
65618,0.00019533692
65622,0.0005324909
65625,0.08674896
65635,0.065431856
65636,0.0007806796
65638,7.2266653e-06
65639,7.483017e-05
65642,0.0006684169
65654,4.1103795e-05
65659,2.0287898e-05
65664,0.99847645
65666,0.00014927212
65675,0.0020252706
65679,0.00013555284
65682,0.9990627
65686,5.185349e-06
65691,0.0003214779
65692,0.00072872825
65694,0.00047162556
65697,0.00034594478
65699,0.99845314
65704,2.31185e-05
65707,9.421221e-06
65710,8.193353e-06
65712,0.0011140152
65714,0.999556
65715,0.9979855
65717,1.838638e-05
65719,9.166918e-06
65720,5.9472583e-05
65727,0.99712795
65729,0.00013015798
65732,1.8105042e-05
65736,0.00027297242
65747,9.552658e-06
65748,0.00031919812
65755,0.0004997651
65765,0.99944574
65769,0.00080457266
65780,0.9999386
65781,0.00059258624
65783,0.00027922742
65784,2.8410257e-05
65792,1.1107066e-05
65794,0.00087356573
65796,0.99943095
65798,0.00011992484
65802,0.9976331
65805,0.00025970314
65822,0.9996698
65825,3.202697e-06
65827,0.00016372708
65831,0.0003405777
65833,0.00083364727
65838,0.00081887917
65840,1.8191267e-05
65841,0.15963332
65845,0.07349107
65848,7.815225e-06
65849,0.9967693
65850,0.0006654562
65851,0.00089580857
65852,0.00046157723
65854,1.311497e-05
65858,6.783749e-05
65861,0.0010747182
65869,0.0005241238
65873,0.0012115338
65880,0.00042110233
65884,0.99971575
65885,0.00014765025
65888,6.6458224e-06
65889,0.99995136
65890,0.0022813103
65899,0.00018324528
65900,0.0034771764
65904,2.2844984e-05
65907,3.7298476e-05
65910,0.99917954
65915,0.00014286494
65924,0.0006548189
65931,0.99526453
65933,0.9996082
65936,0.0009880926
65937,0.00033865595
65943,0.9992482
65945,3.946293e-06
65952,4.4797976e-05
65960,8.947331e-05
65965,0.00030239884
65966,0.00027561028
65975,0.99941885
65980,0.00012222004
65983,0.0032585475
65985,0.9996917
65986,0.0081095025
65989,1.1784205e-05
65990,0.9942174
65996,0.9993507
66001,4.497056e-05
66003,0.0010766817
66004,0.99992144
66009,0.9997174
66010,0.12315924
66015,0.00056913844
66017,0.00018076504
66018,0.0003953473
66020,0.00039838738
66022,0.00015730767
66026,0.067833446
66030,0.00047325372
66040,0.8860469
66047,0.001399369
66053,4.438198e-05
66061,0.9970145
66068,0.00016522086
66083,0.001419293
66086,1.0357721e-05
66088,0.00012204593
66097,4.0816656e-05
66108,0.9996264
66115,7.3432752e-06
66119,0.00017994476
66120,0.013042612
66123,0.9981312
66126,0.0013481324
66129,0.9995679
66135,0.011283264
66137,0.00017536058
66140,0.00035140276
66148,1.1204357e-05
66159,0.00019274121
66160,0.0008469743
66167,0.06870261
66168,2.5490339e-05
66170,6.993893e-06
66172,0.00065499335
66179,0.9999
66187,0.99603504
66191,0.00048019653
66193,4.1563417e-06
66194,0.0010623372
66195,0.8470836
66198,0.0038069838
66202,0.9990921
66205,0.99975044
66206,7.729013e-05
66212,0.9994524
66214,0.00064754544
66215,0.9995876
66217,0.00019682756
66222,0.00012643708
66226,0.9992601
66233,0.0025069187
66236,0.0004163464
66238,0.000389556
66244,0.0002741696
66246,0.00032932093
66252,1.1329761e-05
66253,0.00030281313
66256,0.0010049988
66258,4.0825027e-05
66263,0.99616796
66264,0.0002076036
66271,0.99797314
66273,0.99722016
66276,0.00025572174
66281,9.359655e-05
66286,0.00042132297
66287,0.00014751768
66288,0.00036417632
66289,2.08586e-05
66302,5.5751693e-06
66303,9.77346e-05
66304,0.00024594777
66305,0.0007402576
66310,2.4859533e-05
66312,0.00057718554
66314,1.2190467e-05
66319,1.4552176e-05
66321,0.99762887
66330,0.0006778102
66334,0.0019681202
66337,0.0003859433
66340,0.00078265567
66344,0.99959904
66347,0.000701302
66350,1.8506124e-05
66351,0.00016445118
66352,0.9994814
66364,3.5051857e-05
66365,0.0007996835
66367,0.00021152645
66375,0.99549544
66376,2.0406867e-05
66388,0.001422258
66392,0.00023222493
66397,0.00033512802
66401,0.00024125811
66404,0.996702
66406,0.996829
66410,0.81136006
66411,0.00019943988
66416,0.99506015
66424,0.000319192
66426,0.0008321556
66427,0.00026115347
66430,0.0002615185
66434,0.79975885
66435,0.0001392226
66438,4.7448633e-05
66440,0.00011924636
66451,0.00025457353
66452,0.00020918583
66453,0.0005065372
66456,0.99920875
66461,0.00084897375
66462,1.1020925e-05
66464,0.00022154034
66465,0.00031355067
66466,0.9991013
66470,0.99682766
66474,4.830951e-05
66477,0.0015723656
66480,0.00064289774
66483,0.00081887096
66486,0.0002027618
66490,0.12538773
66492,0.0002825899
66499,0.6616682
66509,0.00035709827
66512,0.0013979039
66516,6.414167e-06
66530,0.00013904681
66539,0.0004591956
66544,0.00043543044
66545,1.7020171e-05
66547,0.00012087396
66548,0.0003148147
66551,0.00054645044
66560,0.99350476
66563,0.00027832537
66567,0.99933857
66570,0.00015932109
66574,0.06875505
66583,0.0007459547
66585,0.00019116956
66587,0.00036825438
66589,0.00027720965
66590,0.19760807
66595,0.00017630869
66603,0.074052975
66604,0.00085303513
66608,0.99870634
66609,0.00079546915
66613,0.99947184
66615,0.9998592
66617,8.8412875e-05
66618,0.016071929
66624,0.06747477
66630,0.008335262
66633,0.99919945
66649,0.99898034
66653,0.0038822354
66656,0.9942753
66662,0.00047719252
66667,0.000360545
66672,0.00021562885
66673,0.9996239
66676,0.9980387
66677,0.99941266
66683,0.15829472
66686,0.00024674094
66693,0.00020140514
66695,0.9983072
66705,0.00010575601
66709,0.0005864959
66710,0.00021142261
66713,0.00039106642
66715,3.057731e-05
66717,0.9988362
66719,0.00015935801
66720,0.0002938784
66721,0.9996755
66723,0.99865985
66726,0.031697273
66734,0.99906
66747,7.4854506e-05
66749,0.0005371939
66751,0.00011071343
66759,0.00061133277
66769,0.00029392773
66773,6.0967443e-05
66774,1.7913238e-05
66777,0.9995511
66780,0.00025111207
66782,0.003419607
66787,0.0017449262
66788,0.9992561
66790,0.00016408732
66793,0.9997855
66794,0.0008790788
66795,0.9994735
66803,0.0009166578
66806,0.00024147304
66810,0.8798969
66820,0.00021007068
66823,0.00017525509
66825,0.00013674083
66830,0.0013251922
66832,0.00019477005
66835,0.08230626
66839,0.0005545576
66842,0.99904996
66843,1.0925561e-05
66845,0.0002621181
66846,5.3368017e-06
66850,0.00029964576
66857,0.0007140777
66861,0.0005016761
66864,0.0015050977
66865,0.9989365
66876,1.043026e-05
66881,0.0005660758
66884,0.0008069933
66886,0.99950445
66887,0.00053972524
66894,0.00023608762
66896,0.99965584
66900,0.99935204
66901,0.9980254
66906,0.9984952
66923,6.328753e-05
66944,7.0517584e-05
66947,0.9984604
66948,0.00018729118
66949,0.0004660835
66956,0.99875486
66957,0.00012434411
66958,0.9999182
66961,7.1994596e-06
66967,0.0005420545
66968,0.99974424
66971,0.00040656593
66978,0.033819914
66982,0.0027830454
66987,0.00058962737
66989,0.0014978254
66992,5.007719e-06
66993,0.99930847
67000,0.99139965
67002,6.2184854e-06
67005,0.0037332666
67006,0.9990489
67007,0.003653549
67008,0.00024997574
67009,3.8620903e-05
67012,0.0005640384
67014,0.000184442
67023,0.00067146594
67031,0.00035260513
67032,3.059735e-05
67035,0.00056891906
67036,6.88834e-06
67037,0.0006151118
67040,0.9220737
67041,0.0008691797
67042,0.004143384
67044,1.253602e-05
67061,0.00033982558
67063,0.99928814
67068,0.00019384407
67069,0.0001821737
67075,0.0003643319
67077,0.00026912458
67083,9.3059905e-05
67085,0.0017816307
67087,0.0009682526
67096,0.00948798
67098,0.00029805393
67106,0.9999114
67107,0.0014261357
67110,2.0609896e-05
67113,0.99376523
67116,0.0010310728
67119,0.9983057
67129,0.99203545
67136,0.9985033
67140,0.9987986
67142,0.00015482683
67144,0.0010947943
67146,0.0006648292
67147,0.9243194
67150,0.003536869
67155,9.164785e-05
67157,0.85202473
67162,2.4541654e-05
67164,0.00048175346
67174,0.99992967
67175,0.00027604052
67180,0.0001337711
67183,0.99967027
67186,0.9859688
67197,0.00073971605
67198,0.00033483133
67199,0.0035434868
67206,0.99891806
67208,0.00057553145
67209,0.00020162629
67211,0.99976414
67212,0.99966395
67213,0.00021732175
67216,0.0002766512
67219,0.0002802703
67239,0.0007567147
67240,0.0005677652
67242,9.460087e-06
67247,0.99913317
67250,2.0514575e-05
67252,0.08454014
67266,0.02273084
67268,0.9815653
67278,0.00030005886
67288,0.0005884251
67291,0.99974316
67293,0.012756305
67307,0.00017155289
67309,0.9991708
67311,0.0013182536
67316,0.00046967532
67317,0.9999316
67322,0.00012917527
67329,0.9986846
67333,0.0012033553
67336,0.99903536
67338,0.00032266253
67339,0.9965013
67344,0.00012324077
67348,5.7717607e-06
67349,9.167251e-06
67351,0.8366683
67352,3.1428994e-05
67354,7.342402e-05
67361,0.0001844559
67366,6.1405894e-06
67370,7.3209835e-06
67371,1.751473e-05
67373,1.689476e-05
67376,0.00031799832
67379,0.0014676005
67380,0.00080300745
67383,0.00014803906
67385,0.00016410157
67394,4.9282535e-05
67395,0.9995709
67396,0.99120283
67401,0.0013614881
67411,0.00055414945
67413,0.0011564757
67414,0.00048173076
67422,0.00021785308
67429,0.00025172503
67449,0.00046419777
67455,0.0027288236
67456,0.0007853882
67457,0.99745446
67459,0.00021641959
67461,0.00078539836
67464,0.00026140807
67467,0.9981146
67468,0.00016111461
67469,0.00020185557
67478,0.9998248
67479,0.011387264
67482,0.00018050446
67483,5.4955285e-06
67488,9.768765e-05
67490,0.00055794657
67491,0.9923517
67492,8.652085e-05
67509,0.00092278223
67510,0.0107726455
67511,0.981375
67517,8.344183e-05
67521,9.250127e-05
67525,8.083811e-05
67527,0.0013963598
67529,0.0003050129
67535,5.5349352e-05
67541,0.00020445057
67544,4.7249378e-05
67547,1.8172228e-05
67552,0.0005016307
67554,0.00040187448
67558,6.597119e-05
67559,6.13164e-05
67562,0.00021074757
67565,0.99975294
67581,0.9919416
67582,2.0520503e-05
67587,0.9890947
67590,0.00022718174
67593,4.829772e-05
67595,0.00014784059
67599,1.0646581e-05
67602,0.99992275
67603,0.00033932217
67605,1.6558404e-05
67612,3.1676544e-05
67622,0.9999132
67627,2.8102022e-05
67635,0.99968696
67636,0.0014086162
67638,9.931778e-06
67643,0.0006460407
67645,0.0001656531
67648,6.6919914e-05
67651,0.00023437683
67655,0.0002700836
67657,0.00020354727
67660,0.00019487314
67663,0.00012853438
67666,1.2639365e-05
67672,0.0004401999
67681,0.9284898
67682,0.00025857356
67684,0.99663395
67685,0.00018123328
67686,0.99880695
67689,0.010854052
67690,0.0005071225
67691,1.7727101e-05
67695,0.9991048
67697,0.9998287
67698,0.9993604
67703,0.999936
67704,0.000334831
67710,0.9975695
67714,5.0555263e-06
67722,0.9999155
67730,0.0002831557
67732,1.854828e-05
67738,0.99961096
67742,0.0013924469
67747,0.99973136
67753,0.9980357
67762,3.9085826e-05
67763,0.99946624
67764,0.00035215396
67765,0.00041714235
67767,0.99393624
67769,0.9998406
67774,0.0004927884
67782,0.0005077515
67783,0.0006872978
67787,0.999158
67791,0.0014597517
67793,0.0012607714
67799,0.9983662
67803,0.00015183238
67811,0.00043407464
67824,1.9959603e-05
67828,0.00024822584
67829,0.9998055
67833,0.00010826398
67842,0.99946576
67846,0.9994727
67849,0.0017658544
67852,0.0028741593
67855,0.0002090082
67861,0.99379575
67867,7.1161834e-05
67870,8.87887e-06
67882,0.00037105454
67889,0.9995079
67894,0.00026458045
67907,0.99920064
67908,0.0005856435
67910,0.0009136108
67914,0.0174863
67925,1.3498039e-05
67927,0.0022376538
67928,4.1506395e-05
67929,0.9997992
67941,0.00074356043
67945,0.00035288642
67946,9.271251e-05
67947,0.0010870731
67948,6.2168015e-06
67950,0.9977946
67955,0.00050175266
67956,0.00028538785
67957,0.065710604
67964,0.0005009715
67965,0.0003623216
67967,0.00086876826
67968,0.0051940894
67969,0.00041156393
67971,0.0028190222
67973,0.003929761
67975,1.1427727e-05
67983,0.0011489963
67986,0.00019185139
67994,0.9997323
67996,0.98737514
67997,0.00043193196
67998,0.00020386347
68005,2.3816112e-05
68007,0.97947216
68010,1.0730532e-05
68012,0.00032055855
68015,5.9448294e-06
68019,0.00014083259
68023,0.0024577887
68024,0.0002903842
68026,9.168256e-06
68027,0.000463139
68029,8.313914e-06
68030,0.06538054
68039,1.5337337e-05
68041,0.99465644
68044,0.00054711854
68049,0.00017711916
68051,0.00022762969
68052,0.05713747
68056,0.00016496851
68057,0.0010666985
68059,0.00068994844
68062,0.00022140541
68064,0.0004620868
68069,0.0005682202
68070,0.0012456095
68072,0.0006820945
68078,3.383921e-05
68081,0.00018647968
68088,0.00020368841
68089,0.9870768
68092,0.99868435
68095,0.00017211538
68097,0.0013349048
68098,0.0009935772
68101,0.0004876797
68102,0.99981254
68109,0.00057224924
68113,0.00017964629
68114,0.00017768041
68123,0.0008209273
68124,0.9992317
68125,0.9999267
68126,0.9994128
68130,0.0031349298
68132,7.0886745e-06
68150,0.99859554
68152,0.0006367757
68156,0.00018499188
68166,0.0009328587
68171,0.9999161
68186,0.00059982506
68196,0.00014671165
68199,0.01231706
68209,0.00028935997
68211,0.9987103
68218,0.00059593335
68222,8.36735e-06
68230,0.00057278184
68233,0.00031813025
68235,4.8051614e-05
68238,9.459567e-05
68240,0.00023039049
68241,0.9889535
68252,0.9872974
68261,0.9999521
68262,0.002305815
68267,0.04593367
68272,9.745048e-05
68274,2.775157e-05
68279,0.00062367774
68280,0.0003527013
68289,0.92365724
68291,0.9984396
68294,0.9951265
68295,1.9165273e-05
68296,0.001080076
68301,0.0001057671
68304,8.5950065e-05
68314,0.8391104
68316,0.00039837253
68317,0.9985404
68323,0.00059444224
68325,0.00051138387
68330,8.141175e-06
68331,0.99279904
68352,0.98026246
68361,5.582629e-06
68372,8.013659e-05
68375,0.00018878792
68389,0.99949276
68391,0.00078575657
68400,0.9997259
68410,4.2778833e-05
68411,0.9972095
68412,0.0002635281
68418,0.00018180894
68419,0.9969325
68420,0.99788433
68429,5.9419212e-06
68433,0.00085322
68434,1.3596745e-05
68438,0.0020257796
68440,0.9998733
68442,0.006697696
68446,0.0091894595
68447,1.28651345e-05
68448,0.99846077
68452,0.0016589225
68456,0.011463344
68457,0.004857049
68459,0.051929317
68468,0.0004065456
68469,0.0003260013
68475,0.00030912014
68476,0.9946069
68487,0.9986205
68489,0.9997398
68490,1.4152466e-05
68499,0.99975103
68501,7.5967123e-06
68504,0.00048461577
68507,0.0007436295
68508,0.00031740437
68524,0.0007770083
68526,0.00020221042
68527,0.00033296976
68528,0.0005005436
68533,0.9942362
68541,0.00019869904
68543,0.00020769982
68544,0.99826354
68554,6.120401e-05
68555,3.2655895e-05
68559,0.98073786
68560,0.999363
68561,0.00022912539
68571,0.00021366599
68572,0.004670903
68576,0.99391466
68577,0.0004955291
68581,0.00015750548
68584,0.8431348
68588,0.00018629093
68591,9.829951e-05
68595,0.0009857345
68602,0.9983835
68605,0.9982014
68606,0.8217355
68609,0.0019168658
68612,0.0026975395
68617,0.0016077429
68622,0.035452303
68627,0.0002987213
68628,0.0008220338
68630,0.00058679754
68638,0.99859375
68649,0.9997596
68655,0.00033124263
68656,0.9985354
68661,0.021106746
68664,0.00031007171
68667,0.13087994
68674,2.6707065e-05
68681,0.99734086
68685,0.0001745633
68686,7.149636e-05
68690,0.00035767135
68696,3.5250538e-05
68699,4.7100195e-05
68702,4.756407e-05
68709,0.00026015073
68713,0.0008774222
68717,0.00017180172
68721,0.0002723672
68722,5.220729e-05
68724,0.99996495
68726,0.06648919
68732,0.000113623224
68738,2.0573645e-05
68739,0.00037101103
68740,8.279246e-05
68743,0.00029718567
68746,0.9969959
68747,0.0010061106
68749,0.99981064
68753,0.00025261677
68761,0.00020501764
68767,0.9995327
68770,0.99965644
68773,0.00037376248
68783,0.0007277323
68790,0.0006652137
68791,0.99992275
68795,0.0011670681
68797,1.6911557e-05
68799,0.058488626
68800,0.0009767895
68805,0.057961177
68806,0.00015157447
68808,0.0004315161
68816,0.00039687264
68818,0.0019723377
68820,0.00014952327
68833,0.9988919
68854,0.0034998497
68856,0.9992131
68859,6.8855948e-06
68862,0.0007849812
68873,0.000284544
68876,0.0008596948
68883,7.2482694e-06
68892,0.00067614665
68893,2.5316058e-05
68897,0.00014197802
68906,6.6583834e-06
68909,0.0005847544
68910,0.99489486
68912,0.999764
68913,0.00028909583
68915,0.0006787847
68917,0.00023455835
68933,0.0018657846
68935,0.0005754278
68946,0.9991844
68953,0.0009660725
68956,0.99977
68960,0.0007762878
68964,0.00026169556
68967,0.9962335
68970,0.009698593
68979,0.0005744491
68984,0.0014777333
68985,0.012915529
68988,0.00012390298
68989,0.000302659
68998,0.00050137663
69000,0.0003783516
69004,8.89549e-06
69006,0.00048301727
69012,0.0004603344
69016,0.00014425092
69019,3.0216936e-05
69022,0.0008069644
69023,0.999345
69032,0.99868304
69037,1.704569e-05
69040,0.0036486138
69041,0.0005634422
69045,0.00065814523
69050,0.00074078055
69055,0.000534661
69062,0.99513644
69064,0.9992661
69074,0.9993538
69078,0.10077975
69079,0.9856333
69080,0.00016408075
69092,7.2509306e-06
69093,0.0045230286
69096,0.9965239
69102,0.999003
69105,0.000457821
69117,0.00024412014
69118,0.10351489
69128,0.014674669
69130,0.00068367855
69134,0.119356506
69135,0.9948655
69141,0.00026207237
69143,9.056968e-06
69156,0.9990312
69158,0.9994686
69177,0.00042137338
69182,0.0005460732
69186,0.00015149008
69192,0.016280027
69194,0.00018080557
69198,0.001509198
69200,1.1010064e-05
69202,0.0004311333
69204,0.9996259
69205,0.0006236394
69207,0.0002933211
69210,0.00034305186
69214,0.00065533706
69218,2.7911643e-05
69219,0.83881074
69221,0.00044808615
69223,1.6640848e-05
69227,0.8753309
69229,0.9997646
69233,0.00022112123
69244,0.00022041817
69257,0.00020224048
69258,0.00088250416
69265,1.3711567e-05
69266,1.0831888e-05
69268,0.9945075
69271,3.8867234e-05
69272,0.00055404485
69284,0.00023223048
69287,8.909911e-05
69288,0.053217843
69289,0.00032278715
69295,0.00026130065
69296,0.9993567
69298,0.00013122735
69301,9.773784e-06
69308,0.00081327866
69311,0.0003771578
69320,0.0003851718
69325,0.99954045
69330,0.00043721226
69332,0.050762165
69336,0.99971193
69339,0.004492671
69343,0.0006473538
69347,0.0006446387
69352,0.00044193253
69358,0.00067245757
69359,0.0011882252
69365,0.99975663
69370,0.00011584089
69372,0.0006791762
69373,4.3255015e-05
69386,0.00092776143
69392,0.99934214
69394,0.9980768
69397,0.00039404354
69403,1.7910506e-05
69410,0.009468408
69414,0.8327714
69417,7.0139777e-06
69425,0.00019794833
69434,0.994729
69442,0.0008503473
69451,0.9961557
69454,0.00030620836
69456,0.00035992035
69457,0.9999317
69467,0.9060906
69468,0.00048894883
69470,0.00032037037
69471,0.00018770756
69477,0.90869707
69480,0.8693627
69481,0.99974734
69482,0.0009242698
69484,0.99993384
69494,0.0012333363
69503,0.9998568
69504,0.0002029684
69505,1.6911315e-05
69511,0.9988166
69513,0.07153347
69515,0.99727327
69516,0.0009012913
69519,0.010499707
69520,0.0004241768
69526,0.9988594
69528,0.9993462
69533,0.00045383332
69537,0.00070993963
69540,4.7291476e-05
69551,0.0007512083
69556,6.724058e-06
69559,0.0008776501
69566,0.00010130454
69568,4.2191372e-05
69569,0.10381979
69571,0.07540991
69576,0.00027610184
69587,0.00060370704
69592,0.00017047423
69595,0.00024918737
69598,0.9959919
69601,8.827983e-06
69605,3.5496455e-06
69606,0.0006829297
69610,0.00032886097
69612,0.10216164
69615,0.13067442
69620,5.605237e-06
69628,0.000577612
69633,0.07515118
69639,0.00032034286
69641,0.00024842567
69649,0.99409604
69650,0.9970696
69657,0.9998325
69658,0.0037025358
69662,0.0038267623
69664,0.00014625755
69667,0.00024925295
69673,0.997964
69679,0.0001423037
69683,0.00011334997
69687,0.00035324035
69690,0.99951184
69692,0.00045085335
69702,0.9993381
69704,0.0007032841
69712,0.00048153632
69715,0.0039183637
69723,0.00024208
69724,0.0002508204
69727,0.0001403908
69730,0.99976414
69733,0.0070969993
69735,0.0007422613
69739,0.83372664
69741,0.00016488534
69742,0.99105585
69743,0.000504436
69745,0.00047558427
69746,0.99936634
69749,0.9992489
69750,0.00071787374
69755,0.00084466167
69762,0.0033660592
69764,0.9089982
69765,0.9998784
69779,1.9911029e-05
69783,7.0909504e-05
69791,0.0004899818
69794,0.99970067
69795,0.0001406828
69799,0.00011949906
69805,0.00015124342
69807,0.0040339013
69809,7.6626275e-05
69811,0.03706883
69814,0.0017631447
69824,0.0040837172
69828,0.007879547
69829,0.00025864728
69830,0.0007589991
69833,0.00014521256
69836,0.00012491217
69841,0.00014707737
69846,0.999902
69851,0.0002620094
69854,0.00025394664
69856,0.0002531158
69857,0.99865377
69858,5.21837e-05
69861,0.0066127987
69870,0.0015934001
69875,0.000299217
69878,0.0002732995
69886,4.4175966e-05
69895,0.9965411
69898,0.0005398623
69906,0.0006041189
69911,0.00097401143
69912,0.00091131206
69914,8.149503e-06
69920,9.546366e-06
69924,0.99659
69929,0.00025194616
69930,0.00032564873
69932,0.9996569
69934,0.0012067932
69943,0.000117884236
69947,0.00010233674
69948,0.0033954391
69950,0.0006465572
69953,4.029747e-05
69954,0.010274148
69956,9.772155e-05
69963,0.00027245138
69965,0.00047140213
69966,7.2864914e-06
69974,0.00011924761
69976,0.9972241
69981,0.99907887
69986,0.00033791835
69995,0.00011124436
69996,0.00019823939
70007,0.9971921
70017,1.2611431e-05
70021,0.0015983933
70023,5.0255312e-05
70025,0.9984529
70026,0.99779934
70032,0.00022690356
70036,0.0011138136
70037,2.1288579e-05
70039,0.9929589
70040,0.0012935238
70041,0.00023829463
70043,0.0005415324
70044,3.67679e-06
70046,0.99916375
70054,0.0005118018
70056,0.00023316321
70058,0.9992575
70070,0.99715376
70078,0.00042271373
70080,0.00034932836
70085,0.99739033
70088,0.00077891134
70089,0.000491035
70095,5.6054564e-06
70097,0.99973387
70107,0.0005399156
70109,4.2187912e-05
70112,0.0018331019
70114,0.00016120712
70117,0.0011117989
70121,0.99630797
70131,0.9969273
70133,0.00011393601
70148,0.99950206
70150,0.00070509873
70152,0.00021976723
70160,0.99945146
70164,0.0005212044
70165,0.00018686343
70166,3.8083745e-05
70168,0.99948967
70170,0.1024642
70183,0.0017737275
70184,0.99974185
70187,1.7936143e-05
70188,0.00014464691
70194,0.9981996
70195,0.0005342094
70203,0.00027803413
70204,0.00012443626
70222,0.0006985838
70225,0.9983156
70227,4.6250334e-06
70230,0.16506149
70231,0.10298381
70232,5.412728e-06
70240,0.001168133
70251,0.9997621
70253,0.00045258433
70254,0.0021595007
70256,0.00032097567
70259,0.00045904852
70262,0.9982266
70263,0.0003431822
70264,7.0070746e-05
70267,0.00014324239
70268,0.00033960858
70269,0.0029610686
70270,0.000295989
70271,0.00028436037
70279,7.731295e-06
70284,0.9988669
70289,0.006526759
70291,0.0015661654
70295,9.668666e-05
70300,0.99988747
70301,0.0060474104
70308,8.996485e-06
70310,0.99991226
70311,0.00018629484
70334,0.00021666074
70337,0.00049268414
70338,0.00034656088
70341,0.0021103977
70346,8.245141e-06
70347,0.00016135583
70348,0.008729121
70353,0.9971168
70359,0.99816835
70363,0.99806494
70364,0.99727553
70366,0.0007503186
70367,8.01967e-06
70371,0.0002021865
70384,6.608976e-05
70396,0.00070721493
70399,0.00025781657
70412,0.99913305
70415,0.00025040918
70416,0.9970694
70418,0.9935453
70419,0.000298684
70423,0.00032303957
70426,0.0006833171
70427,0.9985037
70428,0.8370973
70431,0.000468177
70432,0.001984517
70437,0.00015888251
70440,4.2825072e-06
70441,1.4868441e-05
70445,0.99983454
70447,0.99675983
70449,0.9988613
70450,0.0060978397
70452,0.00035270565
70453,0.9995503
70454,0.0004839764
70457,0.99953413
70460,0.9997346
70468,0.0009103531
70469,0.00014606786
70474,0.999864
70480,0.00017397972
70484,0.00021131439
70488,0.99967575
70493,0.00021099306
70496,0.00062175246
70497,0.00023511387
70498,5.8901678e-05
70499,0.99956125
70502,0.0004680708
70511,0.9994449
70513,0.99855953
70521,0.9997179
70528,0.9974462
70535,0.00066000293
70537,0.00014176684
70546,0.99983263
70553,0.067013614
70554,0.00013871217
70560,0.00054500415
70564,0.00023220282
70568,0.00014362192
70571,0.00027888184
70575,5.1899647e-06
70576,0.00048654864
70580,0.00045872707
70581,1.7836835e-05
70582,1.8579953e-05
70583,0.9989774
70584,0.99697626
70589,0.00084180007
70590,0.00019729353
70593,0.99938095
70597,0.9991805
70617,0.8504689
70618,0.00076870015
70620,1.8773648e-05
70621,0.00023303517
70623,5.564127e-05
70628,0.122221
70629,0.9993855
70634,4.5031582e-05
70635,0.00025614974
70641,0.040571436
70644,0.0006124615
70645,0.0004333379
70653,0.0009419224
70655,4.509093e-06
70659,0.0002956218
70660,1.1615648e-05
70663,0.9995214
70665,0.0003759497
70667,0.000624971
70668,0.00034511252
70694,0.003677803
70695,0.9995499
70700,0.00039239417
70702,0.9992337
70703,0.0007383649
70704,0.0018371616
70706,0.0002064772
70708,0.06317084
70718,8.305198e-05
70719,0.00017222241
70723,0.0005375835
70724,0.99879515
70726,0.0012989913
70729,0.0002541947
70731,0.99984205
70733,0.0003814446
70737,0.0012601723
70740,0.000100998295
70742,0.9982217
70745,0.99964595
70748,0.0005857426
70750,0.00028064597
70754,0.0008564477
70760,0.00048425602
70761,0.9999205
70765,0.0017080047
70767,0.0004754263
70768,0.00012197833
70769,0.9972904
70771,0.0053405603
70774,0.8353242
70776,0.00032935076
70777,0.00036037734
70790,0.00018866519
70792,0.0007688203
70793,2.3288887e-05
70800,0.99855214
70805,0.00015456472
70807,1.4679574e-05
70811,0.0008536035
70820,0.76288646
70827,0.9940919
70833,0.008462543
70836,0.99892056
70840,0.14110538
70843,0.00063269143
70845,0.00059399824
70847,5.2635814e-06
70852,3.9220315e-05
70862,7.769515e-06
70865,0.99956745
70868,0.99922025
70870,8.5340886e-05
70878,6.9510706e-06
70881,0.0002803513
70882,0.9995327
70885,0.98578423
70887,2.8322125e-05
70889,0.8154218
70895,0.0011387168
70896,0.99840134
70897,0.0011593993
70899,0.12612796
70909,0.000128541
70919,0.00047215383
70920,0.00023490525
70926,0.0007817887
70927,0.0034293577
70929,0.994138
70933,0.99878055
70934,0.0017280501
70937,0.8890304
70943,0.99930036
70948,1.0744684e-05
70949,0.00014093737
70952,0.9997482
70967,8.031668e-05
70975,6.0390394e-06
70982,4.3395947e-05
70986,0.00048119447
70995,0.00012013052
71010,0.00011836555
71012,0.9995788
71015,0.0002740439
71021,0.0005802714
71023,4.136825e-05
71029,1.0072759e-05
71032,0.00039761755
71033,5.945427e-05
71040,2.0538122e-05
71043,0.0005431605
71044,0.99971956
71054,0.9999262
71056,0.9992073
71073,0.9925418
71083,0.00017839934
71091,0.0003579248
71093,0.9996258
71095,0.0012901218
71096,0.99902415
71101,0.00015587859
71103,8.447464e-06
71105,0.0011231567
71108,0.9995987
71109,0.99469274
71116,0.0002986356
71121,0.0006576496
71122,5.0051138e-05
71131,0.99694353
71132,6.29423e-05
71135,0.00094170973
71139,8.204292e-05
71145,0.99885213
71146,0.0005798007
71149,0.054960057
71151,0.0011965334
71152,0.00042440995
71153,0.00038224872
71154,0.0020908506
71157,7.5961245e-05
71165,1.792715e-05
71166,0.9983261
71167,0.9989994
71168,0.99989414
71177,0.00035760604
71178,0.00029177062
71179,0.00011711316
71184,0.99920756
71189,0.028259354
71192,0.999151
71202,0.004281049
71205,0.0010565469
71206,0.0011811593
71214,0.0006227882
71219,0.8224876
71220,0.00017793455
71222,0.0006372058
71226,0.00050810905
71227,0.9999125
71231,0.00084682147
71242,0.001504705
71244,2.396452e-05
71246,0.99915326
71250,3.3906814e-05
71254,0.99912506
71255,0.0007017105
71263,0.0004293394
71265,0.9988551
71268,0.9978035
71279,0.0105594825
71280,5.929349e-06
71283,0.9997372
71284,0.9998853
71285,0.00026376062
71293,0.0014505148
71296,0.9980812
71300,0.827415
71311,0.0007677331
71317,0.00016701946
71318,0.0003095829
71320,0.00025181985
71340,0.8959505
71343,0.0016046682
71345,0.8650206
71348,0.0001322581
71349,0.9996953
71350,0.00028525075
71352,0.0006172736
71360,0.05628788
71361,0.020955063
71366,0.99752945
71367,0.99939096
71369,1.147601e-05
71370,0.00051464525
71371,0.0010072436
71381,0.0011081446
71386,0.0013512605
71387,0.9996649
71390,0.84638804
71391,0.00038546033
71405,5.7366477e-05
71412,0.0036684964
71415,0.00062331255
71418,0.9995797
71422,0.99948597
71426,0.0004923168
71427,0.00019404842
71429,0.0021153109
71430,0.09777989
71435,0.0010345028
71442,0.9993876
71447,0.99489355
71455,0.14597303
71456,0.004643069
71457,8.878707e-05
71462,0.0009178384
71464,0.9985044
71468,7.422261e-05
71470,0.99921036
71475,0.00017532363
71477,0.9979632
71480,0.00022432994
71491,1.4069625e-05
71493,0.00023157246
71494,0.9997645
71499,0.99873716
71506,0.00013040284
71509,0.00053453696
71519,9.59442e-05
71521,0.0005246513
71525,0.00040281555
71530,0.10079734
71533,0.017137896
71542,0.9990013
71556,0.00014376962
71570,1.4648711e-05
71572,0.00034305267
71573,0.99868125
71576,0.00041265017
71579,0.00025412586
71585,0.9996923
71590,0.00026444957
71593,0.9993051
71596,1.9322531e-05
71599,0.00013990104
71603,0.00020966548
71605,0.9998191
71607,0.0012157874
71608,0.00089501514
71611,0.99890196
71633,1.6625223e-05
71634,0.99994516
71656,0.0012297245
71657,0.00018245826
71660,0.00044828572
71661,0.00026283407
71669,0.001392506
71676,0.00023823463
71683,0.00051998714
71688,0.00083639903
71690,0.0002981474
71691,0.0017103773
71697,0.06598652
71703,0.00050762907
71705,0.99924016
71706,0.004234681
71708,0.00076705555
71719,0.0001568504
71729,0.91792256
71734,0.085638255
71735,0.9989207
71736,0.0002479914
71740,0.0013595057
71741,0.00019623952
71743,0.018020626
71744,0.0002575967
71747,1.09965895e-05
71752,0.9992848
71756,0.99971837
71759,0.00047901066
71771,0.05748368
71772,0.117835574
71776,0.00073130574
71782,0.00014896285
71786,0.00020290357
71787,0.00062679336
71788,0.9989623
71791,0.00065451756
71796,0.002021499
71798,0.0010981194
71800,0.00035317335
71805,0.004682985
71807,0.0002478692
71816,8.589046e-06
71822,0.00013825238
71831,0.00025814446
71834,0.00073193986
71835,0.17977914
71840,2.4920702e-05
71846,0.00029711172
71849,3.069953e-05
71858,0.9978623
71870,0.07776326
71875,0.00037350017
71877,0.9991351
71883,0.99889284
71886,0.9991025
71888,0.00023999444
71889,8.617986e-05
71902,0.00044274083
71908,0.0002105403
71918,6.438993e-05
71930,1.4634607e-05
71931,0.0026960056
71948,4.5397654e-05
71950,0.99951124
71957,0.00023309272
71958,0.00016350632
71962,1.5027843e-05
71965,0.00015969753
71967,0.9978124
71971,1.0698019e-05
71975,0.99978
71977,0.9985781
71987,0.90798426
71988,0.0012529334
71989,0.0034454032
71990,2.1530646e-05
71992,0.059895985
71996,0.998108
72001,0.0003353629
72008,3.2020962e-05
72009,0.9993667
72011,0.00024101186
72032,0.0004855639
72034,0.00017659891
72047,0.8343856
72054,0.0001606812
72060,0.00016910993
72061,0.00014170264
72066,0.00033646135
72067,0.0017839608
72071,8.285072e-06
72079,0.0007528867
72080,2.7761258e-05
72082,5.475831e-06
72095,0.0008718744
72098,4.765594e-06
72106,0.12028016
72107,0.0005505392
72114,0.8312916
72115,0.00019092891
72122,0.00055412116
72123,0.99993503
72128,0.0011452466
72132,0.99892825
72135,0.9937255
72136,0.9997397
72137,0.99867475
72138,0.00011585835
72151,2.0366251e-05
72152,8.752387e-06
72161,0.9995296
72167,0.99957925
72170,0.0005079272
72172,0.99834275
72173,0.00028534976
72174,0.9874342
72175,0.000281335
72180,0.005769096
72184,1.6603264e-05
72185,0.9995178
72192,9.777504e-06
72197,0.10458447
72202,1.0383266e-05
72205,8.36386e-05
72214,0.010434771
72215,0.00020100552
72223,0.9990482
72226,0.11872721
72229,0.0012479168
72231,3.6135127e-06
72237,4.8273732e-06
72238,0.996885
72239,0.9997516
72241,0.0010249331
72242,0.00020577517
72255,0.0005536265
72261,0.00018917948
72262,0.0005865409
72264,0.0026204288
72286,0.9946602
72292,0.00032196683
72294,0.9985629
72295,0.00034105824
72300,0.00196808
72308,0.00084159995
72311,0.00041493212
72314,0.9979888
72315,0.0002339823
72316,0.9987992
72322,0.0003242429
72327,0.9991252
72328,0.0028222369
72331,7.585194e-05
72337,0.0004843989
72338,0.0008208217
72342,7.3930883e-06
72344,0.00026278067
72345,0.00018361275
72346,0.013026595
72350,0.0002767227
72357,0.00020753592
72358,0.00010123569
72359,0.9988116
72361,0.0008880275
72366,0.99932253
72368,0.05785838
72377,0.14658685
72382,0.00017353652
72385,0.0025576197
72386,0.00025612555
72389,0.00054203044
72393,7.8076475e-05
72396,0.00022122542
72399,0.0001841108
72407,5.1352516e-05
72408,2.3625076e-05
72409,0.99505484
72418,0.00048262082
72419,0.00028226542
72420,9.490576e-05
72421,0.999683
72425,0.00024862945
72434,0.001200949
72435,0.00075616624
72438,0.0003901813
72441,0.9040208
72449,0.00027010293
72453,0.99958724
72462,0.9996406
72484,8.951274e-05
72485,0.0001206776
72489,0.008588482
72492,0.89173377
72495,0.9996786
72497,0.9998217
72498,9.988735e-05
72500,0.0004360446
72503,0.00014829492
72504,0.0005058021
72505,4.791804e-05
72506,6.8748795e-06
72508,0.99891496
72517,4.899435e-05
72519,0.8429278
72521,0.99944395
72523,1.0202919e-05
72526,0.00039362174
72530,0.003305984
72531,0.00046705618
72535,0.0002563029
72536,0.00026052303
72537,0.99792886
72538,0.9939955
72539,2.7579315e-05
72541,0.0059751617
72549,0.13741063
72553,0.00021897617
72555,0.0004892486
72564,1.32766645e-05
72566,0.9991154
72578,0.9994634
72582,0.99859196
72592,1.3528259e-05
72593,0.0007337893
72597,0.053688977
72598,0.0001746662
72605,0.9998265
72606,0.99884015
72613,0.0003997699
72615,0.00020681057
72617,4.5632994e-05
72618,0.00047457078
72621,0.0009836709
72625,0.00071040186
72632,0.9996753
72637,5.272464e-06
72638,0.00041507077
72655,0.0009549405
72656,0.00083932397
72662,0.00013593299
72665,0.9990208
72670,0.9986337
72677,0.00046258196
72683,6.267869e-05
72684,0.99882895
72687,0.00011365985
72701,6.177648e-05
72706,0.00017071824
72709,0.0012319173
72711,9.027545e-06
72714,0.99950826
72716,0.0015173749
72727,9.638748e-05
72729,0.0006157664
72732,0.0003294277
72748,0.9977938
72749,0.0005618843
72751,0.019125316
72754,0.00049828767
72755,0.00030711995
72756,0.00032596805
72760,0.00021212205
72771,0.00015649872
72773,0.92513263
72775,0.0002036156
72776,0.11484108
72777,0.9973532
72781,0.0037965653
72786,0.00049406843
72790,0.9998273
72799,0.00036383522
72801,0.00047037716
72803,0.0025147325
72805,0.99991834
72806,8.8416244e-05
72809,1.9760962e-05
72816,2.322242e-05
72817,0.0005978195
72831,0.00012813459
72832,5.8795667e-06
72835,6.104726e-05
72840,0.00017634079
72846,0.86763
72848,0.00018622825
72851,0.00020436522
72863,0.0006293494
72888,0.99908507
72893,0.00053878897
72896,0.9995171
72898,0.0012573124
72901,0.9969303
72908,0.00082432025
72915,0.0009353346
72917,0.9987778
72920,0.0007975024
72921,0.00043156196
72927,0.0017985607
72938,7.0289907e-06
72943,5.0539686e-05
72948,0.9970969
72949,0.00063986494
72954,0.9995321
72961,0.00029479968
72970,0.00090718997
72976,0.00081544794
72978,4.9733617e-06
72990,2.1087993e-05
72991,0.00044635788
72992,1.7218645e-05
72995,0.00016529113
73001,0.00038973315
73009,7.1896616e-06
73010,0.99928206
73014,0.00021977875
73017,0.0020690844
73020,1.3822467e-05
73022,0.000284525
73028,0.99978226
73035,0.9747107
73037,0.00031168346
73040,0.00026759531
73044,0.044976525
73055,0.09573781
73057,0.0067941905
73061,0.0007475384
73073,0.9999182
73075,0.99549365
73083,0.00015307718
73086,1.6180018e-05
73089,0.0005349225
73101,4.468576e-05
73119,0.00021775735
73125,4.8510377e-05
73127,0.0003753849
73131,0.0006570676
73133,0.7879563
73134,5.2204403e-05
73138,5.810518e-05
73142,0.0009986949
73150,0.07225652
73151,0.00023945159
73154,0.00021095686
73157,0.0025172434
73166,0.99994874
73169,0.00015867918
73176,0.00026474043
73180,4.9182436e-06
73181,0.00056381105
73182,0.99967575
73186,0.9975877
73187,0.0007000073
73192,0.0017154751
73193,0.0006213268
73204,5.239862e-06
73206,0.0004540806
73207,0.0007819862
73209,0.00059495016
73210,0.00023838255
73211,0.9987198
73214,0.005577296
73216,1.2654937e-05
73222,0.00058648584
73228,0.9989335
73233,0.00026513016
73239,8.3025125e-06
73241,0.9997402
73248,0.0023701808
73249,1.0374141e-05
73251,0.0031363382
73252,0.9933682
73253,0.00032468836
73257,0.9995321
73261,0.0016819927
73264,0.00024027353
73267,0.00037209387
73269,0.0005352173
73279,0.00076877634
73284,0.9998683
73296,0.9981243
73297,0.00019510144
73305,2.9274357e-05
73308,0.08840034
73311,0.0016551503
73312,0.9990735
73316,0.99994636
73319,0.99630237
73322,0.99961096
73326,0.9989826
73332,0.9988789
73333,1.5542459e-05
73336,0.081061594
73339,0.9991104
73340,0.08825851
73343,5.379987e-06
73344,0.99751306
73346,0.7771119
73360,0.00068150746
73369,0.00041837012
73370,0.0007031829
73375,7.664103e-06
73381,0.9992811
73387,0.00024549654
73388,2.0116586e-05
73390,0.0019738737
73392,0.00038636735
73396,0.00026375082
73397,0.00040085864
73402,0.99929225
73403,0.9998349
73404,0.045013215
73406,0.00018245948
73413,0.00011440317
73425,0.001860829
73431,0.9997602
73437,0.09638215
73439,0.0006830413
73440,0.99977523
73446,0.9115479
73450,0.0010544428
73458,7.7585886e-05
73464,0.0007924534
73466,0.99987316
73468,5.5307828e-05
73477,0.9996853
73484,0.0008728527
73489,9.749267e-05
73490,0.0003628776
73492,0.00025081754
73493,0.001231152
73496,0.0007232246
73497,0.00019541405
73499,0.99928457
73501,0.00031528177
73502,0.00055525976
73505,0.0006625781
73509,0.049654372
73512,0.9941403
73513,0.06481766
73514,0.0009859574
73520,0.0006512235
73521,0.00064916624
73522,9.202471e-06
73529,1.5746466e-05
73533,0.9994423
73534,0.000303156
73540,0.9981724
73541,0.00018851091
73545,0.9980184
73556,0.00055331894
73560,1.057864e-05
73563,1.5786625e-05
73564,0.0005976839
73569,2.3731636e-05
73571,0.86044914
73578,0.0011077299
73579,0.0007710816
73580,0.99771416
73583,0.00025650533
73585,2.5862719e-05
73591,2.4654015e-05
73598,0.0007018098
73600,1.4881761e-05
73608,1.3011285e-05
73610,0.9998287
73612,0.0001945861
73620,9.832185e-06
73623,1.1789162e-05
73624,0.9990753
73628,0.99974114
73638,0.00036487568
73640,0.004621709
73641,0.0018082855
73649,0.07611971
73655,0.00062328525
73656,0.0001973274
73657,8.610911e-06
73659,0.99988055
73660,0.9986098
73661,0.003359379
73665,0.00015027223
73671,0.00042940487
73679,0.0001012691
73681,0.99988055
73682,0.18092164
73688,0.9986577
73695,0.00013560093
73696,0.9995598
73698,0.99823666
73700,0.9998227
73701,0.99934405
73702,1.565071e-05
73705,3.070691e-05
73711,0.0018035425
73713,2.2026616e-05
73717,0.9966875
73723,0.0011572648
73724,2.7104148e-05
73729,0.9997818
73735,0.00080095895
73736,0.00037957667
73743,0.0006104384
73750,0.0003713394
73758,0.0013414224
73760,9.623649e-05
73761,0.87454695
73762,0.0011807684
73766,0.000258815
73770,0.99973065
73781,0.0006670213
73782,0.99972373
73787,0.011832179
73789,0.00026942752
73791,0.998066
73792,0.0005200518
73793,0.09653677
73796,0.0004450576
73802,0.0036952188
73806,0.9914351
73809,9.419307e-06
73813,0.9070192
73818,0.00013840063
73832,0.00076275313
73834,0.00010624503
73837,8.184505e-06
73838,0.9956968
73840,0.0018634133
73846,0.0008366306
73849,2.269933e-05
73854,0.00013147698
73873,0.00073601597
73876,0.0008082126
73878,0.9993655
73880,0.99464613
73884,0.00069942046
73885,0.9869422
73887,0.0005218586
73891,0.00019867234
73892,0.11557138
73893,5.184423e-05
73895,2.5317846e-05
73897,0.0002868229
73903,0.000116382536
73907,0.054442752
73908,0.00092057895
73914,0.00025614974
73915,0.00038261968
73916,0.9996551
73920,5.238683e-05
73932,0.0051609376
73933,0.00021107034
73936,0.001054116
73937,0.00041377853
73939,7.155474e-06
73940,8.342107e-05
73942,0.98835504
73943,0.08017647
73948,0.9985049
73949,0.000813167
73951,0.0010026199
73955,0.00016257263
73956,0.99943393
73971,0.0024055464
73972,0.0010239932
73975,1.7964356e-05
73976,0.021751393
73984,0.0010476146
73985,0.00028099725
73986,0.00028170945
73989,0.00020206046
73991,0.000541374
73992,9.3185015e-05
73993,0.9989436
73998,0.9986389
74000,0.9990306
74001,0.9999342
74003,0.0001980278
74008,0.00043201513
74009,6.8745458e-06
74010,0.0007231358
74011,7.6257435e-05
74016,0.9996245
74018,0.99977857
74019,0.019193137
74030,0.17735562
74033,0.0059921904
74042,0.0003937426
74045,0.99778134
74050,0.99939346
74061,0.00029675756
74064,0.0003507262
74066,2.407516e-05
74071,0.0003152478
74074,1.2233872e-05
74075,0.0003739792
74083,0.00088561873
74086,0.00029978063
74090,0.00029040079
74093,0.0017474863
74101,0.00018451431
74104,0.00011131842
74105,0.00044979344
74106,2.262257e-05
74113,0.00050451816
74114,0.00040304963
74115,0.00031852993
74123,0.99713
74130,0.00012820926
74133,0.00015074885
74135,0.9992576
74137,0.0004171889
74138,7.134938e-05
74145,0.00010945607
74154,0.0005939368
74158,0.0005480019
74160,1.088279e-05
74162,0.0010134252
74164,0.001878717
74166,0.00025986464
74167,0.00017229945
74170,0.021704556
74173,0.00072444737
74176,0.00026467355
74177,0.99876773
74181,5.275742e-05
74182,0.00070708856
74186,0.00031047786
74189,0.00051666563
74197,0.0034922878
74201,0.00079666206
74202,0.99962187
74209,0.00015645396
74210,0.99937207
74211,0.999458
74215,0.0007331787
74216,3.7666465e-05
74217,0.0033132017
74221,0.00091919675
74226,0.00037840914
74231,0.00023637166
74233,0.99832445
74234,0.99934334
74235,7.584659e-06
74237,0.060817104
74240,0.9936931
74247,0.00042879663
74248,0.0390581
74249,0.0005406597
74251,0.99923456
74252,0.9976587
74261,8.509667e-06
74263,0.0005337394
74265,0.99831957
74268,0.0004903133
74271,0.99869055
74273,1.3146602e-05
74279,0.99994016
74281,0.00015311177
74284,0.00082686095
74287,0.06549343
74292,0.9971048
74296,9.0757465e-05
74297,0.00036162708
74298,0.030729793
74303,0.00028772154
74304,2.4695735e-05
74310,0.0005136441
74311,0.00029909832
74323,6.26764e-06
74326,4.8967568e-06
74328,0.00030430738
74330,0.999777
74331,0.00086395396
74332,2.6997943e-05
74339,0.0014074441
74351,1.3555833e-05
74352,0.999874
74362,5.9576007e-05
74363,0.9926065
74371,0.0013618104
74374,0.0012870878
74375,0.999529
74377,0.9995285
74378,0.9997917
74388,0.00012887863
74390,0.9905715
74395,0.00023531345
74398,0.0003529115
74400,0.99909484
74402,0.9995672
74403,0.0002843086
74407,0.0018373225
74411,0.00020658333
74413,0.00034448697
74414,0.9998203
74420,3.6726437e-05
74421,0.00016319762
74424,0.00016313134
74426,0.00022143834
74427,0.99896204
74428,0.0010936633
74434,1.8485875e-05
74435,0.9995963
74438,0.010397049
74440,0.00054565124
74443,0.00018811463
74446,1.6145137e-05
74454,0.06885606
74456,0.06958227
74471,0.9987464
74478,0.00014844771
74480,0.98892665
74481,0.9997409
74482,0.00022478234
74490,0.99675936
74492,2.7180224e-05
74500,0.0012674954
74502,0.9978434
74503,0.0006452725
74507,0.00025885526
74511,0.0007781016
74519,0.99994504
74520,0.9941012
74523,9.052548e-05
74525,0.00042853798
74527,0.0010291012
74534,0.99689984
74537,0.0003522547
74544,3.276895e-05
74549,0.0005066625
74559,0.00071460666
74562,0.00031682118
74567,0.0033189035
74570,0.00035327268
74587,0.0005088421
74588,3.1589734e-06
74593,0.0003619898
74607,0.8694906
74608,0.00093950384
74609,0.0003888814
74613,0.9991021
74616,0.857675
74629,0.009853406
74630,0.79697514
74632,0.9984384
74634,0.0006867579
74635,0.99928516
74637,0.99895394
74639,0.0003527808
74643,0.0010353072
74645,0.00024746094
74650,0.09443406
74678,6.3601656e-05
74680,0.999824
74685,0.99983454
74688,0.0005626142
74693,0.0004966737
74702,0.091785274
74706,9.932705e-05
74709,2.4290324e-05
74716,0.7231709
74721,0.0008095781
74722,0.1097871
74727,0.0001668913
74728,0.9991327
74729,0.9991628
74732,0.9990214
74739,0.0011543075
74744,0.998546
74745,0.0002603455
74767,0.00031778798
74769,0.99994636
74771,0.00022060299
74795,0.00044179775
74804,0.00030876402
74805,0.00026962667
74809,0.0009717451
74810,0.00018015025
74813,0.00049580174
74815,0.9991296
74823,3.2161035e-05
74826,0.00015519354
74829,0.0015918784
74836,0.0051352265
74837,0.99930274
74838,0.00030169563
74839,0.0006520306
74840,0.00015323753
74855,1.3855937e-05
74859,0.0010727339
74862,0.06593649
74864,0.00068800786
74872,7.0544825e-06
74875,0.00038158282
74877,0.00043442112
74879,0.0004365834
74880,0.0019254485
74883,0.0020391033
74889,0.9993261
74895,0.00016943645
74907,0.0017933318
74914,2.2584954e-05
74915,0.00081163505
74919,0.00053448166
74920,0.061832752
74921,1.50008955e-05
74931,0.00017658123
74937,0.0006215806
74938,0.0039282176
74939,0.0005593632
74940,0.9943944
74942,0.9997638
74943,0.00021761288
74947,0.0032708861
74954,0.9947777
74956,0.84322023
74958,0.00031454262
74960,0.9991351
74961,1.3020954e-05
74969,0.00015201795
74970,3.6631085e-05
74973,0.00035611287
74974,1.992271e-05
74976,1.3343024e-05
74979,0.99824023
74980,0.99979144
74981,0.00019551934
74983,0.9985078
74984,0.0005018868
74988,0.14539981
74993,9.9616926e-05
74995,0.0004714417
74997,0.00023724476
75001,0.9941877
75006,0.0013886278
75007,0.0012088992
75015,0.0020016255
75017,0.9920425
75024,2.113565e-05
75026,0.0012259433
75029,0.00063666556
75037,0.0037835715
75038,4.2363645e-05
75040,0.0026505361
75045,0.00035591095
75046,0.0001662934
75056,0.0001540139
75057,0.00010387491
75062,0.074662365
75063,0.00017062596
75065,1.2928636e-05
75070,0.9991142
75074,1.0085255e-05
75076,0.0001456977
75077,0.00031994426
75083,0.9997482
75085,0.0002298639
75090,0.00088144024
75093,0.00065494253
75094,0.00028251446
75097,0.00014681058
75098,0.9995078
75107,0.9993166
75109,3.4068278e-06
75111,0.99994147
75112,0.00025174374
75118,0.011269283
75124,0.9994061
75125,0.99959856
75136,0.000412768
75166,0.000214398
75171,0.00025977695
75181,0.9998124
75186,0.00022360774
75190,0.862827
75199,0.0015612898
75202,0.00092500495
75204,1.0275187e-05
75206,0.9997365
75207,0.09275916
75211,0.0006111376
75218,0.99798226
75227,0.000633352
75228,8.185467e-05
75232,0.99947363
75234,9.551487e-05
75235,0.00032850343
75238,0.9966793
75241,0.9978689
75251,0.0005494182
75252,0.0010087576
75253,1.462805e-05
75256,0.08870603
75258,0.0009539216
75270,9.963659e-05
75272,0.00034170493
75275,0.99971825
75276,0.81689155
75282,0.00057808374
75285,0.0015445844
75289,0.9999274
75290,0.99962807
75294,0.0005653285
75299,0.00021444685
75307,1.6884098e-05
75316,0.9992899
75317,0.9999087
75332,0.018884007
75333,0.001458027
75334,0.9973132
75338,5.8023684e-06
75339,2.172361e-05
75345,0.99772996
75348,0.0012691608
75356,2.6364858e-05
75357,0.00022054557
75370,0.0014092696
75377,0.0005654147
75379,8.465065e-05
75380,0.99907935
75382,0.0003941046
75388,0.0024962018
75389,0.0005841528
75390,0.9999217
75395,1.1592231e-05
75397,9.618593e-05
75400,8.647433e-05
75401,0.000632418
75402,3.9872204e-05
75403,0.040155157
75407,1.45452395e-05
75409,0.00019328117
75413,2.5285657e-05
75416,0.99619246
75424,4.0709834e-05
75432,0.05242995
75440,0.00012291496
75441,0.80307436
75442,0.050639223
75446,0.0001044286
75451,0.00013205734
75456,0.99294394
75459,0.8526667
75460,0.00027930705
75461,0.00070021744
75462,0.00025266205
75465,0.8604255
75470,0.0002188501
75474,0.0009313502
75475,0.0010440174
75477,9.310706e-06
75478,0.10791003
75480,1.526806e-05
75483,0.99790835
75486,7.938301e-05
75487,0.00054811576
75489,0.00010355448
75491,0.00025126417
75499,0.0737061
75504,5.8106234e-05
75506,0.05810081
75508,0.98407507
75511,0.00019045599
75515,1.4551358e-05
75516,7.681606e-05
75526,0.00025547075
75531,0.00048972847
75533,0.026483355
75534,0.0003274597
75535,0.83025086
75536,0.09107775
75543,0.00018621315
75551,0.9982723
75552,0.0005856828
75554,0.99915445
75555,0.9995413
75558,0.00021898284
75562,0.00071665674
75569,0.00022283918
75572,0.00017066777
75577,3.517696e-05
75589,5.4957043e-05
75595,0.00041264683
75596,0.0008208288
75600,3.234151e-05
75602,2.5854953e-05
75610,0.005771665
75617,0.99975556
75624,0.9985671
75626,0.99986506
75628,0.8175522
75630,0.0005119421
75633,1.503623e-05
75637,3.7258396e-06
75639,0.0023925423
75645,0.00016054552
75647,0.0007748873
75649,0.99867034
75652,8.035708e-06
75653,0.00045201567
75658,0.99764913
75659,0.0005002281
75662,0.00012913783
75663,0.9998735
75668,0.99965405
75669,0.00096942123
75678,0.00036202895
75679,0.0005068528
75683,0.051881727
75685,0.077087365
75689,0.0007217715
75692,0.98819983
75693,0.000508582
75701,0.0015306694
75709,0.00042246497
75717,4.236005e-05
75719,0.99956673
75720,0.99905604
75729,0.0007847991
75736,0.0002695614
75738,0.00017180319
75748,0.9964688
75774,0.00034321638
75778,7.956831e-05
75781,0.00026277892
75786,8.4924024e-05
75793,0.99923086
75799,9.111257e-05
75802,0.00093191024
75808,0.00015015937
75809,0.0008468771
75814,0.9991935
75822,0.00038363616
75824,0.0021888295
75828,0.079414055
75829,0.00010299423
75830,0.81158584
75837,0.0002328795
75840,0.1289643
75842,9.470631e-06
75845,0.99913836
75849,0.0006953209
75850,0.8678539
75855,0.000307746
75858,0.0123804435
75860,0.99764866
75873,0.0014214998
75876,0.9981477
75883,0.9992422
75884,8.861875e-06
75885,0.0010691655
75888,0.00030928373
75891,0.0012974166
75893,0.00021344384
75894,0.00066847197
75896,0.0029795363
75899,0.0073524355
75902,0.99949
75904,0.00018750328
75906,0.99988234
75910,4.4803914e-05
75918,0.00018606371
75920,0.0018157259
75924,0.070115186
75925,0.99979585
75926,0.0004963074
75929,0.0002935421
75933,0.9979608
75936,1.8609602e-05
75939,0.00062677334
75943,0.81710714
75947,0.999926
75950,0.0001867562
75952,0.00019345725
75965,0.0015424305
75967,0.0006410763
75977,0.00024383518
75984,0.9991837
75986,9.999407e-06
75997,0.001490808
76001,0.00025418983
76008,0.00062382605
76011,1.017806e-05
76013,0.00014971773
76019,0.99708897
76020,1.6992406e-05
76022,3.2576703e-05
76023,0.0001433219
76040,0.9981688
76044,0.00026106683
76046,6.710331e-05
76052,1.6592596e-05
76054,0.99970466
76055,0.04041977
76056,0.000788678
76062,0.00023444275
76065,0.0005150236
76073,0.09919634
76079,1.5104569e-05
76080,0.9991375
76083,0.0002412061
76084,0.9986166
76085,0.0001364077
76087,1.1069642e-05
76088,0.00031302232
76090,0.000591978
76091,7.792407e-05
76092,0.0009168255
76097,0.00024925818
76103,0.00019345725
76104,3.9631672e-05
76110,0.0044916053
76112,0.00021376523
76113,0.00011807762
76120,0.0012355474
76123,4.798722e-06
76124,0.00034636585
76127,0.0006187426
76129,0.0014323886
76135,0.9363584
76138,0.09286828
76141,0.9497183
76142,0.00024424164
76145,0.0005512977
76151,0.00049988256
76153,0.9993062
76160,5.0074388e-05
76163,0.0004613615
76166,0.0006168058
76171,5.583469e-05
76172,0.0001045368
76190,2.9086797e-05
76191,0.0002398979
76196,0.0014931571
76200,3.626024e-05
76205,0.99825174
76210,0.9997347
76211,0.10013505
76215,0.00029201078
76220,0.00090550823
76222,0.9996284
76223,1.0879614e-05
76224,0.001011767
76225,0.0003401552
76227,0.00085746136
76230,0.0012866025
76234,6.911472e-05
76240,0.0009077356
76254,0.9988857
76256,0.0014553159
76259,0.00084299286
76260,4.8392783e-05
76261,0.15589307
76264,0.0003527556
76283,0.0006621182
76284,0.0004549918
76287,0.0004170205
76288,0.000381339
76296,0.0001855425
76299,0.00078781496
76301,0.9998745
76302,0.0004897028
76303,0.00012624577
76304,0.00059944874
76305,0.9996524
76310,0.99604106
76317,0.11140998
76319,4.1292373e-05
76322,0.0002631909
76324,0.99864894
76325,0.00045430855
76328,0.08997591
76329,0.9992731
76333,8.747205e-05
76334,3.441682e-05
76340,0.836988
76342,0.9990915
76348,0.00020483183
76350,3.5107776e-06
76356,0.11927153
76364,0.00016127124
76368,0.00063752354
76372,0.00028653728
76373,0.00015124399
76378,0.9987858
76384,0.999358
76386,0.0007199925
76391,0.9927475
76393,0.9973346
76394,0.0008039477
76403,0.99994326
76413,0.0045605493
76417,0.00043971548
76420,0.0011526797
76424,2.686339e-05
76429,1.3682438e-05
76430,0.0010355257
76433,0.9358417
76447,0.0017941138
76455,0.000809061
76472,0.0001705526
76474,0.09239874
76476,3.9949315e-05
76483,0.000774754
76484,0.000214499
76488,0.9993637
76502,0.0005483266
76503,0.0055197496
76507,1.9217507e-05
76511,0.00016506073
76513,0.00018061619
76517,2.1075548e-05
76519,0.002313434
76522,0.9914908
76527,0.09445101
76533,0.0020078984
76534,0.00034376013
76544,0.0001720901
76545,0.9987469
76548,0.046528045
76549,0.9992849
76553,0.0032088708
76555,0.00053227216
76557,0.00031522344
76558,0.00049606594
76560,0.9973168
76572,4.856152e-05
76573,0.9997154
76575,5.7177313e-06
76580,9.140522e-05
76581,0.99561536
76591,0.99871755
76592,0.00070029456
76597,0.00028539493
76598,0.9993005
76609,0.0062192325
76612,0.9995141
76615,3.9303322e-05
76616,0.050484117
76618,0.9968346
76620,0.0007819404
76625,7.693695e-05
76630,0.00014207646
76634,0.99985695
76635,0.8450809
76638,0.9989002
76639,0.0010658406
76640,0.07784986
76641,9.870708e-05
76642,0.99774003
76660,0.0004919476
76663,0.010440139
76670,0.9998098
76672,0.00034813432
76675,0.00023460666
76682,0.07610275
76684,0.9953505
76687,0.0005816269
76688,0.00026770402
76689,0.0010731248
76691,0.9979825
76692,0.00013654213
76699,0.00043238432
76706,0.99971944
76708,0.9989937
76709,7.429342e-05
76713,0.00037383073
76714,5.9123686e-05
76716,0.0096604945
76730,0.997821
76732,0.999905
76736,0.9951916
76737,0.00024370177
76738,0.9995566
76752,0.9945182
76754,0.00026682057
76758,0.9992092
76766,0.99869686
76768,0.00021808542
76769,0.99291754
76771,9.1433205e-05
76775,0.994034
76778,0.00069923484
76783,0.06189949
76790,0.99937147
76791,8.156835e-06
76796,0.0782066
76800,0.9997943
76802,1.7213686e-05
76804,0.99983025
76812,0.9935266
76815,0.0007677612
76816,0.9989611
76818,0.008120391
76824,0.0001759186
76825,0.99922395
76826,0.0006302885
76828,0.0008075444
76829,0.895323
76832,0.0012306812
76836,0.00035448503
76838,0.014084528
76847,0.995529
76857,5.102249e-05
76862,0.0006363292
76865,0.00039515438
76871,5.8261558e-06
76872,0.04718525
76873,4.611864e-05
76874,0.0002814042
76876,0.9998084
76882,0.9964535
76887,0.00046536385
76888,0.00014526297
76889,0.00044194201
76893,0.000358817
76894,0.0046732225
76901,0.99922085
76913,0.08202812
76922,0.0004769076
76923,0.99927264
76927,0.00011299676
76934,0.0020762922
76938,0.996797
76942,0.99977
76943,0.00025681857
76945,0.0016729268
76949,0.0005021395
76955,0.00026983215
76956,2.8585058e-05
76972,0.9999534
76976,0.009205163
76978,3.819635e-05
76984,2.4528223e-05
76986,0.0002636872
76992,0.8542193
76998,0.99841404
76999,0.0007076356
77009,0.9997423
77010,0.0003081297
77012,0.00063270953
77018,0.00017924215
77022,0.0024988996
77023,0.00046724116
77025,0.06477092
77030,0.9996778
77038,0.00026860906
77041,0.9986578
77045,1.529753e-05
77053,0.00027709207
77059,1.4190267e-05
77061,1.1714634e-05
77065,0.0007779637
77066,0.0006923553
77069,0.9981267
77077,0.00013329578
77082,0.0011945178
77087,0.0003862823
77092,0.9949239
77095,0.00024714167
77101,0.98864377
77108,1.7864175e-05
77119,0.0008210079
77123,1.0057834e-05
77124,1.2533103e-05
77129,0.01662564
77130,0.002008187
77131,0.00036237962
77135,2.3804212e-05
77139,0.00040132971
77141,0.00013230603
77147,0.8852332
77149,0.99913424
77151,0.010009038
77152,0.9995086
77165,0.0005213654
77166,0.9964232
77169,0.99951017
77171,0.9985209
77172,0.00021549917
77175,0.9996296
77177,0.00023535406
77179,0.99005544
77185,3.4615798e-06
77187,1.3330014e-05
77190,0.0041788234
77197,0.00029166663
77199,0.00092404656
77200,0.99294657
77205,0.00043492267
77206,0.0004502102
77207,0.99664164
77209,0.9994593
77214,1.6688096e-05
77217,0.00014422685
77219,0.99911267
77220,0.00057019474
77221,0.08607785
77222,0.0005505896
77226,0.0001902041
77229,0.000543658
77230,0.9995474
77234,7.1577397e-06
77242,0.99934584
77244,2.2756334e-05
77249,0.00014666255
77254,0.99942124
77256,0.10993832
77271,0.00019611682
77272,0.0010652595
77276,0.0006921491
77281,7.935442e-06
77282,1.589676e-05
77285,0.000368626
77290,3.8908136e-05
77302,0.001130136
77304,0.9996006
77306,0.9988605
77310,0.9888792
77315,5.0665636e-05
77326,0.00026449797
77328,0.0004190912
77338,6.964274e-05
77339,0.00035373826
77367,1.7694081e-05
77375,0.00016058102
77376,0.011195068
77377,0.00015750894
77379,5.336827e-06
77383,1.1791096e-05
77388,0.9996902
77390,0.9983725
77393,0.99518716
77394,0.066020355
77399,0.99957293
77404,0.000106589134
77406,0.0003889539
77407,3.6783815e-05
77410,0.0002758666
77415,0.9990221
77423,0.0009556664
77426,6.557748e-05
77431,0.00014709966
77433,9.4729985e-05
77445,0.9997855
77453,0.0003431575
77455,0.99983025
77459,1.1728539e-05
77469,0.00013694282
77475,0.0005070333
77476,0.00026795632
77477,0.9532604
77479,0.9959708
77483,0.00063253194
77494,0.00016585381
77495,0.0029567652
77497,0.99923694
77511,0.00093989284
77515,0.0002672218
77516,0.00010303785
77518,0.00041916393
77523,0.9987136
77529,6.0403843e-05
77533,0.0004979088
77534,0.0005776687
77541,0.00060232455
77549,1.2970154e-05
77553,0.000428851
77559,0.0048504593
77563,0.0007601793
77564,0.9989391
77571,0.83104616
77581,0.99976164
77586,0.9989737
77587,0.0003441085
77589,0.00015187438
77595,0.9995345
77600,0.99928564
77601,5.1393377e-05
77603,0.00023132001
77609,4.649813e-06
77610,7.1780423e-06
77619,0.00022506093
77623,1.0661537e-05
77625,0.0004012861
77626,0.00064576865
77632,0.99367946
77635,9.5227944e-05
77657,0.00045085698
77668,0.00021665123
77672,3.0318628e-05
77674,0.0002781919
77682,0.00037584058
77697,0.99901485
77699,9.230654e-05
77700,0.00016925446
77707,0.998857
77711,0.99940515
77714,0.17140104
77716,0.00032680103
77717,0.00065188116
77721,0.00022541829
77737,7.9021534e-05
77739,0.0011025066
77741,0.00030540163
77742,0.06802907
77746,0.0013353017
77747,1.0298221e-05
77749,0.0002562736
77759,0.107005805
77764,0.9992118
77771,0.9992907
77776,0.00027376917
77780,0.99936634
77785,0.00050509843
77786,6.725398e-06
77789,0.0008422903
77793,0.0011688604
77794,0.9996332
77801,0.0014262274
77807,0.99904996
77817,0.08718796
77823,0.0004964761
77827,0.9966106
77834,0.00048713892
77835,3.431339e-05
77836,0.0021156822
77838,0.00032324134
77849,0.00019206335
77854,0.99717724
77855,0.0004599559
77862,0.00087790895
77865,0.00052790897
77870,0.999962
77871,2.0245012e-05
77877,0.9975074
77888,2.6741316e-05
77892,0.00024255269
77895,0.00051813555
77899,0.009223508
77910,0.8062014
77924,9.760203e-06
77926,0.0015140078
77931,0.07370964
77933,0.005153144
77946,0.9972262
77948,0.00065060164
77949,0.0006641048
77959,0.9926178
77962,1.9992942e-05
77965,0.99782085
77976,0.00071012875
77979,0.0001345856
77982,0.9998111
77987,0.00018722065
77996,0.99811506
77998,0.99941444
78001,0.00016489634
78009,0.0007493443
78011,0.9852976
78015,0.98337734
78017,0.999863
78027,4.3046097e-05
78031,0.9984577
78034,0.99910706
78036,0.99639755
78039,7.584645e-06
78040,0.0004109694
78041,0.99935824
78044,0.00032633464
78045,0.00024970894
78046,0.00021952073
78049,1.2244447e-05
78055,0.00021950503
78057,0.00016381046
78061,0.99922955
78073,0.000102180034
78079,0.999782
78080,2.587165e-05
78083,0.00047672735
78088,0.9989373
78092,0.0017961996
78094,0.9998623
78100,0.8908112
78103,0.011986275
78105,0.00017230125
78116,0.00011856696
78117,1.1672858e-05
78121,6.9514017e-06
78128,0.0021545219
78130,0.0002584215
78131,0.0015943728
78133,0.00054965884
78138,0.123946734
78140,0.99965715
78142,0.053128615
78145,0.011041069
78147,0.9994216
78150,0.9991843
78151,0.00040212454
78152,2.9877149e-06
78154,0.00044277505
78161,0.9999155
78163,0.00016119944
78167,0.0002515957
78169,0.00042806027
78172,0.0001565496
78174,0.00020198649
78176,0.0003293583
78178,0.000507071
78180,0.99940264
78182,0.00023916842
78184,0.00016739988
78196,0.00017603587
78197,0.0002384851
78199,3.4065335e-05
78205,0.00030272856
78220,0.0001985909
78223,0.00034968235
78226,7.2398475e-06
78238,0.00029789598
78240,0.99433774
78244,0.00036281778
78245,0.9911389
78246,0.00047123368
78249,0.99488246
78252,0.0032874781
78256,0.0001318569
78258,0.015803633
78259,5.3145664e-06
78266,0.96707267
78270,0.99966836
78274,0.10536982
78279,0.00030555978
78289,6.4975466e-06
78291,0.00026071587
78302,0.99918836
78305,0.00044856055
78306,0.99955505
78307,0.8923892
78326,0.00011593205
78328,0.00047014898
78329,0.99970526
78331,0.8300835
78332,0.9992649
78333,0.052298903
78337,0.00043904973
78338,1.3941085e-05
78339,0.00035782243
78347,0.00020585366
78348,0.98484516
78355,1.961029e-05
78359,0.00041218053
78365,0.05999163
78366,0.0005982464
78368,0.9992379
78379,1.8680548e-05
78385,0.073716715
78388,0.00026877943
78399,0.00078352203
78400,2.9198325e-05
78401,0.003482385
78403,0.0001960353
78405,0.00056518597
78409,0.0011454833
78412,0.05480346
78419,0.9184608
78423,1.0620559e-05
78425,0.999268
78427,0.99850154
78429,4.3868076e-05
78432,0.07989967
78435,4.04915e-05
78437,1.166171e-05
78439,0.011366252
78444,0.9998683
78450,0.99726886
78457,0.0006096936
78459,0.0004545557
78462,0.9994481
78464,0.99977857
78465,7.236971e-05
78469,0.8800063
78477,1.0412589e-05
78480,0.00063181674
78484,0.99967575
78487,1.11406625e-05
78492,0.9994043
78494,0.00061544316
78500,0.0844164
78501,0.9991578
78504,0.00021710637
78505,0.00026052975
78516,0.0012923952
78517,0.0002376858
78521,0.00062044064
78535,0.00022499527
78545,0.00023194922
78547,4.539237e-05
78550,0.9992656
78551,0.00031831046
78554,4.343917e-05
78566,0.001224129
78568,0.9956713
78570,7.7979894e-05
78575,0.00062773644
78577,0.00021780778
78584,0.9984054
78585,1.9285417e-05
78590,0.0030978748
78591,0.00026771883
78602,1.8644154e-05
78604,0.9991744
78605,0.9999021
78607,1.40283855e-05
78613,0.0014058227
78617,0.0001349853
78619,0.99275345
78626,0.0002407939
78629,0.00067535194
78636,0.0034279372
78637,0.00022078207
78638,0.109131895
78648,0.00031829285
78657,0.0021437765
78660,0.0002843734
78661,0.9956453
78669,0.00023267842
78671,0.00017825022
78679,0.0001861134
78681,0.096856415
78682,0.9992836
78686,0.0003145651
78687,1.8521272e-05
78694,0.00089861936
78705,0.9995989
78706,2.6877331e-05
78707,0.00022321258
78711,0.000150337
78719,0.99948454
78723,4.761201e-06
78729,0.00035245676
78735,0.9997223
78743,0.99899346
78745,0.99821186
78746,0.00045100247
78747,0.99872655
78755,0.0007045369
78756,0.9996433
78762,0.9983242
78764,0.00021018709
78775,0.00021700414
78776,2.9181734e-05
78777,0.00027957774
78778,0.00042528717
78790,0.00020725472
78792,3.076961e-05
78794,0.00036300166
78795,0.0004988539
78798,1.0615152e-05
78801,0.00070014875
78804,0.00034844378
78808,0.99936503
78809,0.9992592
78812,6.3726147e-06
78813,0.9934865
78814,0.00046401884
78816,9.660635e-06
78831,0.00047814616
78832,0.00063673017
78840,0.9968657
78841,0.000640367
78855,0.99841404
78862,2.9445494e-06
78865,4.1413008e-05
78867,0.99804723
78871,0.00038252797
78885,0.0002829069
78890,2.78537e-05
78891,0.9994511
78893,0.9896443
78898,0.0005462356
78902,0.0005155595
78909,0.00031145773
78915,0.0026711216
78916,0.9232293
78922,0.00023047553
78923,0.00025232093
78929,0.9988716
78936,2.5479183e-05
78937,0.0069321357
78940,0.0026353863
78942,0.00023174232
78945,0.9998111
78946,0.00023513357
78948,0.00017539602
78952,0.00019977313
78954,2.0273508e-05
78957,1.1405691e-05
78962,0.7775348
78964,0.0002565156
78970,0.99814546
78971,0.0005352599
78974,0.0017803158
78975,0.9999213
78979,0.00012695306
78982,0.11488577
78988,0.9998809
78995,0.0009969325
78998,4.3403477e-05
79007,2.5708514e-05
79010,0.9998872
79012,0.9988669
79015,0.99992764
79016,0.0011168821
79018,0.9998084
79019,0.00042657368
79025,0.00044828546
79027,0.9991911
79031,0.0004160564
79047,0.00012037947
79048,0.00047428996
79051,0.998899
79057,0.00035911248
79058,0.9996834
79065,0.072761655
79069,0.00067649013
79071,0.00017281098
79076,0.9974577
79083,0.0006361269
79086,0.9996214
79091,0.9997857
79092,0.98691374
79093,0.00037198942
79104,0.00017025931
79107,0.001368776
79113,5.919795e-06
79116,0.00017617525
79120,0.00021152988
79125,0.99911374
79135,0.0020620113
79136,0.0021267962
79138,0.00046543375
79147,6.878248e-05
79154,7.217498e-06
79164,0.99830604
79169,0.00066995167
79175,0.00055549684
79179,0.9995616
79180,0.0004554991
79182,5.9900035e-06
79183,0.9995571
79184,0.000114494076
79186,0.00069334503
79187,0.99572045
79190,0.000670671
79194,0.016856678
79195,0.99660814
79196,0.00049319956
79202,0.001254143
79203,0.001060758
79204,0.9979913
79206,9.0497415e-06
79212,0.00055868493
79221,3.0928888e-05
79222,0.0015931331
79236,0.00080572197
79239,0.0005606448
79240,0.9957486
79244,0.0001962298
79245,1.6154208e-05
79247,2.3838062e-05
79249,1.3163187e-05
79252,0.9992593
79254,0.836851
79263,0.00029960548
79265,0.0004908754
79266,0.991033
79270,0.0001504602
79271,0.00034943793
79274,0.0008482529
79276,1.3693979e-05
79280,0.0012800735
79283,1.7981427e-05
79292,9.275805e-05
79294,0.9987016
79299,0.00044606696
79300,0.00020901956
79301,1.9257703e-05
79302,0.00011933826
79306,0.0023805788
79307,4.992403e-06
79309,0.86062527
79311,0.0005918818
79314,0.9999037
79316,0.0013793954
79317,0.00017187347
79318,0.9989767
79320,0.00023232593
79321,8.88841e-06
79324,0.00033613722
79325,0.9967147
79330,2.6018719e-05
79334,0.00023091082
79335,0.0003898474
79338,0.009591774
79339,0.9967415
79342,0.00016711137
79345,0.9993401
79349,0.9802248
79350,0.001350012
79364,0.99991643
79375,0.0002467207
79378,0.1292643
79379,0.00039246114
79390,8.532469e-06
79401,4.7028523e-05
79403,0.0005530701
79405,1.2041323e-05
79409,0.004013073
79417,0.9991235
79419,0.9997569
79430,0.0012933329
79431,0.00089363125
79436,7.0868496e-06
79441,0.0002877388
79442,0.015325814
79443,0.88792986
79449,4.5884517e-05
79450,0.0015842649
79451,0.9999144
79458,0.00032292842
79465,0.00019893335
79467,0.0002281477
79477,4.3356067e-05
79478,0.999244
79481,2.7409384e-05
79486,0.9997571
79489,0.0005694792
79495,9.805667e-05
79508,0.0004963623
79514,0.0002736408
79515,0.0004197721
79521,0.0002924574
79522,0.9984231
79523,0.09827124
79527,0.00018770236
79535,0.00046906905
79536,0.99943787
79538,0.00033403296
79540,0.00044271682
79543,4.062897e-05
79550,0.00028396185
79551,0.9997968
79553,0.00056565326
79556,0.0004372827
79557,1.6616332e-05
79564,0.0014595315
79569,0.0002525007
79574,0.9992887
79575,0.0003513922
79576,0.9995814
79583,0.9989839
79584,0.00021326217
79587,0.99977034
79589,0.0007183621
79594,0.81950754
79595,5.1783963e-06
79596,0.99843365
79599,0.9951338
79601,0.0018790872
79604,0.00042007957
79607,0.0003854074
79609,0.9997508
79611,0.9996177
79616,0.99964166
79619,0.9985757
79620,8.71751e-05
79622,0.002154366
79624,0.9990601
79626,0.00016102353
79637,0.00050069107
79639,0.00015867646
79640,0.0012503226
79642,0.9993616
79655,4.056501e-05
79663,1.8624782e-05
79667,0.0003872699
79671,0.00076343416
79680,0.99967253
79687,0.0003647204
79692,0.00019954753
79695,0.99764615
79697,0.00078415987
79702,0.002826833
79705,0.8869911
79707,5.496655e-06
79711,0.9994173
79712,0.0002168211
79713,0.99714977
79715,0.009008182
79716,2.0639949e-05
79717,0.9996629
79722,0.0007655563
79725,0.0003970806
79731,5.9885124e-06
79733,0.8131157
79735,8.979674e-05
79751,8.427227e-06
79755,0.0004844779
79756,0.00014030583
79757,0.00035329373
79764,0.9994266
79769,0.00043872755
79770,0.00012437494
79773,0.9997484
79779,1.0819087e-05
79780,0.0027128637
79793,0.9987889
79794,0.00036069832
79795,7.4691147e-06
79799,0.04579324
79800,0.0018341657
79805,9.5474534e-05
79808,0.000225869
79810,0.9989322
79815,2.083709e-05
79819,7.6788376e-05
79823,0.00012000469
79825,3.3466134e-05
79828,6.554961e-06
79835,0.9994393
79840,0.0007801831
79843,0.0030099356
79847,0.00029106825
79850,0.012361328
79855,5.478615e-05
79863,0.00023580577
79867,0.99985194
79871,1.1063353e-05
79876,0.00032909933
79880,0.00018424356
79884,0.00028559606
79889,1.4843335e-05
79897,0.000656249
79898,7.943579e-05
79901,0.00029779147
79907,0.0006124417
79909,0.99950206
79918,0.015837926
79919,0.00019932142
79925,0.9989423
79931,0.00065916276
79934,0.9991524
79936,0.00021652113
79947,0.00028637287
79952,0.99334997
79954,0.00017948466
79959,0.0010280464
79965,0.9989297
79970,0.9995728
79974,0.79571825
79978,0.8929501
79979,0.000925436
79980,0.8974454
79987,0.00021080385
79996,0.97964066
80000,0.99963987
80002,8.535301e-06
80007,1.4925267e-05
80013,0.99763775
80014,7.063233e-05
80028,0.0016042542
80031,0.00040352176
80036,0.0011739201
80041,4.576286e-05
80044,1.0002469e-05
80048,0.00082455756
80067,0.9997588
80075,0.0048780395
80076,0.0003049402
80078,0.0001942965
80079,4.58723e-06
80081,0.98780966
80083,0.0008602172
80086,0.00026217033
80088,5.7456426e-05
80091,0.00028966804
80095,3.240026e-06
80097,0.040753447
80106,0.9996458
80113,0.0006020981
80117,0.0017332069
80119,0.0074289707
80120,2.1925076e-05
80125,0.08332405
80126,0.00015937594
80127,0.89414203
80134,0.99921453
80137,8.5629945e-05
80139,0.0011110208
80143,0.00015122062
80146,0.0015044708
80151,3.4611603e-05
80154,0.99986386
80160,0.0005882106
80162,0.00022546857
80164,0.00014316195
80165,0.00017427908
80170,0.0002820354
80171,0.9997507
80172,1.6315085e-05
80173,0.99940836
80175,0.0006986603
80176,0.9982868
80177,0.0007051958
80179,0.00023671627
80180,0.0063817864
80186,0.00038001497
80188,9.733829e-05
80191,2.7476854e-05
80193,0.0006796223
80199,0.0002264903
80200,0.00026852227
80204,0.9969111
80207,0.0017254961
80209,0.00026790446
80213,0.00035341535
80214,0.000983477
80215,0.00014198356
80217,9.575662e-06
80218,0.00024546072
80219,0.00027933528
80224,0.00033432894
80225,0.9995782
80227,0.99977225
80229,4.386657e-05
80230,0.99945956
80232,0.00022339122
80233,0.0011094486
80245,0.00052705046
80254,2.1162152e-05
80260,1.4071973e-05
80265,0.999519
80268,0.9977742
80271,4.075711e-05
80276,0.00028171722
80283,9.640029e-06
80286,2.2891172e-05
80287,0.9994442
80290,0.0008883105
80292,0.00019011507
80297,0.00015552137
80298,0.99989486
80302,0.0028496317
80305,0.000107994034
80309,4.2835043e-05
80318,0.99793136
80324,0.00038303976
80326,0.9999471
80332,0.9994097
80333,0.00011969978
80336,0.00058788835
80337,0.00043859522
80346,0.0028063862
80350,0.9990344
80362,0.0017112796
80369,0.00068389886
80370,5.9674476e-06
80376,2.075621e-05
80378,0.00041506364
80379,0.99974674
80381,0.000119924734
80382,0.00021567677
80384,0.00053237693
80386,0.99897873
80388,0.00011334608
80390,0.00079190463
80398,0.0007559738
80402,0.0005799187
80403,0.99980754
80407,0.00045245665
80414,0.00046453418
80423,0.9999336
80425,0.9998493
80426,0.9999567
80430,0.0002340113
80433,0.00019104911
80439,0.00052823283
80440,4.6784226e-06
80443,0.00021251093
80446,0.0006854202
80454,0.0005551237
80455,0.7942863
80465,0.001420357
80467,0.000218785
80468,0.0008915667
80480,7.3360447e-06
80482,9.241505e-05
80487,0.06323781
80493,3.7919253e-05
80499,0.0002607052
80505,0.99651957
80507,0.0011398976
80508,6.6531575e-05
80511,0.0005801973
80513,0.99951065
80518,0.0005752139
80523,1.856727e-05
80525,1.4054685e-05
80531,0.00014056466
80535,0.06961919
80540,0.022901228
80545,7.5311524e-05
80559,2.743975e-05
80565,0.0003050626
80566,0.00037215344
80567,0.00022318833
80572,0.83363223
80574,0.0010221598
80578,1.2268642e-05
80579,0.000535451
80580,0.00016530533
80581,0.0014119893
80584,0.0004494238
80587,4.2110705e-06
80588,0.0019005592
80589,0.0009769157
80594,4.026729e-06
80596,0.99972516
80597,9.2926355e-05
80599,0.00037882043
80601,0.987566
80609,0.00013474084
80614,0.84488416
80625,0.00067080103
80631,0.9998561
80633,0.00028827865
80634,0.00017937757
80640,0.9992391
80641,0.0003360299
80648,0.00096853595
80652,1.0619273e-05
80654,0.9972324
80663,0.0010941082
80665,6.019983e-06
80667,7.748083e-05
80669,3.8897266e-05
80670,0.0003729682
80671,0.98172873
80672,0.0008452333
80674,0.9986223
80677,0.9949102
80683,4.670111e-05
80692,0.0001315802
80694,0.9999442
80695,0.99983585
80703,0.099628165
80704,0.00034495562
80710,0.99819106
80713,0.00067608093
80716,0.00022451588
80724,0.03468746
80725,0.00064811716
80727,0.9998342
80731,0.00018678985
80735,0.99937135
80742,0.00057409826
80743,0.00021019911
80746,0.00076073664
80748,0.0005843725
80750,0.0010318442
80755,0.00026592967
80760,1.5558207e-05
80764,0.995805
80766,0.0011829603
80772,1.1102427e-05
80773,0.0002566695
80784,0.00010365654
80788,0.99855787
80793,0.004063295
80794,0.0005075052
80796,0.0011446974
80798,0.0004248196
80805,0.011252065
80812,0.00042425503
80821,5.3381515e-05
80825,2.7125143e-05
80826,0.0039615063
80827,0.000121244746
80829,8.315524e-06
80834,0.0001520207
80840,0.9957645
80841,6.51694e-05
80842,0.00017598218
80844,0.0050061285
80847,0.00027841772
80848,0.00013830722
80850,0.0003535259
80852,0.9981585
80854,0.00015333678
80858,0.00033786282
80860,0.0001376234
80861,0.0004427417
80862,0.00021364256
80863,0.00059218623
80865,0.0006118209
80875,0.0018855176
80878,0.99861753
80879,0.0034114106
80885,0.0014768259
80889,0.0002236054
80892,0.09369233
80901,0.0010300615
80917,0.0006264443
80918,0.00042413556
80922,0.00022184598
80925,8.044216e-05
80926,0.00015755235
80930,4.792659e-05
80931,0.0014079879
80936,0.0001557272
80940,8.667885e-06
80942,0.00053585996
80944,0.9936469
80948,8.282499e-05
80953,0.99891186
80969,0.9993051
80970,0.00067830394
80971,0.00065935316
80972,0.0018388736
80975,0.99938774
80976,0.99848723
80984,0.891806
80989,0.00018011779
80999,0.00034189117
81002,0.12182535
81006,0.008941203
81014,6.7686415e-05
81016,0.0018203789
81020,0.00019415075
81022,0.012303324
81023,0.00047183037
81027,7.876175e-06
81032,0.99993145
81033,3.5100624e-05
81036,0.00033572153
81039,0.00027288005
81041,0.9979074
81044,0.9994832
81046,0.061022595
81052,0.0003020888
81059,2.1535532e-05
81060,0.99987495
81061,0.00034834613
81063,0.00041010644
81070,0.00037032252
81071,0.00013550735
81077,0.004171294
81083,0.9876523
81085,0.9997023
81091,0.0005010969
81095,0.0001608032
81096,6.935874e-05
81100,5.9021382e-05
81101,0.05904442
81102,0.00030239281
81103,2.4927715e-05
81107,0.00022206968
81108,0.0010337564
81115,0.00038566615
81125,0.00028955756
81126,1.3622366e-05
81132,0.9995722
81134,0.99985313
81140,0.00018592752
81141,0.9959198
81144,0.00022391666
81149,0.0019460217
81155,0.0039040444
81162,0.0002161857
81168,0.99957484
81169,0.13020425
81173,0.00021024603
81174,0.9998011
81175,0.99972457
81186,2.2825798e-05
81187,0.00049039064
81189,0.00024651803
81198,0.0001774036
81204,0.0003026042
81212,0.00054675626
81213,0.0002208629
81217,1.6779728e-05
81221,5.4560646e-06
81225,0.9936341
81227,0.0003579572
81229,0.01002905
81230,9.5796364e-05
81232,0.99341786
81233,0.9994498
81236,8.143999e-05
81244,0.00066688185
81248,0.89695805
81254,0.00025239456
81257,0.00026564635
81261,0.00010725369
81262,0.00032191342
81266,0.99976987
81267,2.7465563e-05
81268,0.00017934952
81269,0.00029158822
81275,5.276562e-05
81281,0.0037822814
81286,0.0007078177
81289,0.00032407572
81292,4.459232e-05
81296,0.0003521684
81305,9.464789e-06
81309,0.9998406
81314,0.00023306296
81317,0.0020815677
81319,2.849592e-05
81320,0.0001336473
81324,0.99181926
81325,0.0003318163
81326,1.5797801e-05
81330,0.0002884282
81336,0.0001375629
81347,0.00031419584
81348,0.0004894119
81350,3.8016144e-05
81352,0.00013122048
81353,0.00043561996
81357,0.00014117127
81358,3.2880576e-05
81361,4.2185537e-05
81365,0.0017367549
81383,1.5057841e-05
81385,8.4251056e-05
81393,0.0009188898
81394,0.00010829661
81402,0.0001337762
81408,0.00049351656
81409,0.0003361901
81410,0.000449616
81411,0.0002752605
81416,0.00057884876
81423,6.779859e-06
81430,0.00020420567
81432,0.9994147
81433,5.6393383e-06
81435,0.9828226
81441,2.9375788e-05
81445,0.00035901202
81451,0.00012958892
81452,0.00023721761
81461,0.99952877
81465,0.99940157
81467,0.8523823
81473,0.00077571877
81474,2.0325875e-05
81479,0.044557713
81481,0.9974414
81496,0.9998909
81501,0.99969923
81508,0.00049302966
81523,0.9996942
81526,0.08300564
81547,0.14073795
81554,0.0005918584
81555,0.12006275
81564,0.00026706746
81567,0.9990614
81571,0.015487195
81575,8.370475e-05
81576,0.00020471566
81579,0.9990121
81581,6.58449e-06
81588,7.175154e-06
81591,0.0012186018
81602,0.0003827366
81612,0.9878492
81617,2.0920079e-05
81622,0.9987809
81624,0.0019469832
81625,3.0160913e-05
81626,0.001171956
81628,0.0004686619
81637,7.877934e-05
81638,0.0005995136
81640,1.8586245e-05
81649,0.00034671603
81650,0.81543386
81656,0.0001663927
81658,0.001946658
81666,0.9992723
81667,3.5321136e-05
81671,0.99954283
81672,0.0004450739
81676,0.00022136045
81684,0.00049266254
81690,0.0009946498
81692,0.0020486542
81693,0.00033511937
81694,0.010102415
81698,9.879824e-05
81699,0.00094714115
81701,0.0004380053
81713,0.999188
81714,0.0038538715
81721,0.0018110117
81725,4.279495e-05
81726,0.00023319387
81727,0.022356097
81729,0.08348122
81731,0.0005908878
81732,0.0001420464
81746,0.00027347752
81755,0.0005541053
81760,0.0005725256
81762,2.0463733e-05
81765,0.00020761034
81769,0.00062719017
81770,0.009768887
81788,0.00059101736
81789,0.9947674
81792,0.99680626
81797,7.0729134e-06
81799,0.013786317
81807,1.0646185e-05
81809,0.00040745057
81812,0.0006092559
81817,0.0005612687
81819,9.839255e-05
81820,0.9777129
81822,0.00038050124
81823,0.9995047
81831,0.04062604
81835,4.706598e-06
81838,8.688343e-06
81840,0.00017837094
81846,6.322118e-05
81852,0.0005026368
81853,0.98718274
81856,0.00024220881
81861,0.08908078
81864,0.00015052062
81866,0.9885505
81871,8.510115e-05
81875,0.00013752186
81877,4.8659982e-05
81881,0.000758382
81883,0.00029864185
81884,0.0031855814
81889,4.4479817e-05
81890,0.00018200563
81893,0.99952507
81895,0.0034017651
81897,0.0024249465
81898,1.1381569e-05
81900,0.0036560264
81902,0.00057266967
81903,0.00027370313
81904,0.0009827693
81908,5.9298214e-05
81910,0.9997304
81918,0.99864227
81919,0.00060562015
81929,0.9988783
81934,0.10187
81936,0.03604672
81946,0.00022173011
81947,0.9988117
81949,0.0017503508
81950,0.00016469332
81952,0.00085330824
81957,0.00020480274
81962,0.049103018
81967,0.0033343025
81969,0.9989073
81971,0.00050283904
81976,1.0680832e-05
81977,0.00037897177
81981,0.0005528714
81984,0.00021717222
81989,0.9993919
81994,0.00052141934
81997,9.23407e-05
81998,0.98680764
81999,0.00041908742
82001,0.00013813496
82002,0.9130304
82004,0.00064388436
82005,1.6291997e-05
82010,3.975242e-05
82018,7.90826e-06
82019,0.999701
82021,0.9949037
82026,2.0882704e-05
82027,0.000313065
82031,0.00023338025
82033,0.0012591255
82040,0.99359304
82041,0.054389853
82045,0.0023255842
82050,0.99672526
82065,0.00064442924
82067,7.571968e-05
82070,0.0002504851
82078,0.99986184
82079,0.99701214
82082,0.00019739893
82088,0.00084859366
82096,0.00020726223
82105,0.9998149
82107,0.0010776694
82109,0.9975731
82115,0.9997968
82120,0.9992211
82126,0.9947036
82133,0.0005170706
82134,0.9982621
82140,0.00015003899
82147,0.99766964
82148,0.0011364341
82151,0.0002507568
82154,0.00011173445
82156,0.005585606
82160,0.00080580445
82162,0.9993042
82167,0.00044383528
82168,0.0008138543
82171,0.00020401593
82173,0.99991643
82175,0.002479388
82183,0.00043338706
82189,0.0026931367
82191,0.00097083824
82192,1.7766994e-05
82193,0.0005727051
82198,0.99966824
82202,0.00119714
82207,0.9988943
82212,0.00074438995
82216,0.08299094
82217,0.0002380875
82227,4.095242e-06
82229,0.99958915
82230,0.00030575998
82231,0.00028950625
82239,0.00063045404
82241,3.787556e-05
82243,0.0003066565
82245,1.1588164e-05
82252,0.06636597
82254,0.99927384
82257,0.00031905482
82258,2.4619712e-05
82262,0.999871
82268,0.0005262882
82271,0.000101337486
82275,0.00014710444
82276,0.9994017
82302,0.91686594
82308,0.059960246
82309,0.00019691278
82310,0.00042008937
82311,0.00018212646
82322,0.9985323
82324,0.9975649
82329,0.9992687
82330,0.00011590896
82331,2.1765436e-05
82336,0.99948525
82339,0.00040655566
82344,0.096685946
82347,0.00030611202
82348,0.9997967
82351,1.9512316e-05
82353,0.00015317924
82356,0.00013165864
82357,0.0012738191
82371,0.99770844
82372,0.000473573
82374,0.00040562503
82376,0.9999114
82377,0.0018304294
82378,0.001073544
82380,0.00023403896
82383,0.00013988889
82384,0.000644816
82385,0.0035557107
82392,0.003924143
82398,0.9987778
82400,0.00028489387
82405,0.0003143025
82419,0.00028509495
82420,2.217808e-05
82425,9.5675105e-06
82430,0.9974777
82432,0.9992693
82434,0.993946
82436,0.00033476815
82439,0.9985623
82441,0.004012974
82442,0.0038723587
82443,0.07177697
82449,0.98997986
82455,3.329827e-05
82456,0.0003993762
82457,1.9118394e-05
82461,0.00032158184
82462,4.4652323e-05
82466,0.9997472
82467,6.937422e-05
82468,0.00042125452
82478,9.4111e-06
82484,1.6012182e-05
82493,0.00029933683
82495,3.8524635e-05
82496,0.061396565
82502,0.0003726178
82505,0.00039698998
82510,0.99123293
82513,0.00032294134
82517,0.00050300657
82522,0.0003355313
82527,0.00025000196
82532,0.00020754957
82537,0.00013149504
82539,0.0007255687
82540,3.4379944e-05
82543,0.0012740259
82546,0.00055605784
82549,0.0002832648
82550,0.09157411
82553,0.003955783
82555,0.00043217847
82557,0.0034093133
82562,0.000757586
82567,0.00017693145
82581,1.7186703e-05
82587,0.0004996384
82591,0.00026758027
82594,0.00022052013
82597,0.00021762677
82599,0.00012186392
82600,0.0005661619
82604,0.00038882374
82609,0.0005152642
82610,1.6598626e-05
82613,0.000579285
82616,0.99961275
82622,0.00019953707
82624,0.00053015567
82627,0.00032282653
82634,0.00040757857
82636,0.0006503893
82641,0.99851257
82643,0.00061845727
82652,0.00086465717
82655,0.004614736
82663,0.00043841382
82665,0.00080718624
82667,0.9986513
82675,0.0005849849
82704,0.0011985365
82706,0.9793163
82708,0.000331441
82709,0.0004938909
82710,1.1467706e-05
82717,0.00019759458
82718,4.6901638e-05
82726,0.9986558
82733,7.831751e-06
82734,5.9786984e-05
82745,0.00046284223
82747,9.439702e-06
82750,2.0679985e-05
82753,0.999141
82757,0.9945945
82767,0.9892201
82770,0.9991345
82772,0.00027519988
82775,0.00063224055
82781,7.62767e-05
82786,0.00021703972
82791,0.00016128538
82794,0.00023278335
82795,0.10986184
82796,7.755645e-05
82799,0.00020123832
82800,0.071295634
82801,0.00029742744
82802,0.9994849
82804,0.9990276
82805,0.9974011
82810,0.9993011
82814,0.054059204
82816,0.7334541
82823,0.00037897774
82824,0.9950734
82828,0.9989135
82829,0.0021123176
82832,0.0015611642
82835,0.00036313248
82836,0.00046076335
82838,3.0069441e-05
82841,0.9989448
82843,1.841667e-05
82846,0.99977547
82848,0.0021556807
82852,0.0003811689
82855,0.00059991
82861,6.8228887e-06
82866,0.9998061
82867,0.00020509528
82871,0.0051756604
82875,0.00014647582
82876,0.99982566
82878,0.00019108609
82888,3.318624e-05
82891,0.99902976
82892,0.00023289393
82895,0.99822384
82900,0.99958116
82905,7.241099e-05
82907,0.9995247
82909,0.00029551133
82910,0.99825865
82913,0.8605292
82917,0.9994449
82921,0.00014019468
82924,0.00015876742
82927,5.274853e-06
82934,1.4176499e-05
82945,0.0003093445
82948,0.00039168165
82949,0.99893063
82956,0.0003100117
82967,0.05818378
82972,0.00046940567
82977,0.008480422
82978,0.0004463194
82980,0.99984145
82981,1.2351301e-05
82983,0.00016019167
82988,0.0008660425
82989,6.216351e-06
82990,9.339479e-05
82993,0.9341404
82995,0.00051471003
82996,0.00039204292
82998,0.99413764
83009,0.0018126406
83010,0.00026747314
83013,0.9995709
83015,0.9977623
83016,0.0002709422
83020,0.00021500599
83021,6.602853e-05
83029,0.99893254
83043,0.00068374444
83048,0.9995442
83050,0.99737996
83052,1.5901991e-05
83055,0.99887043
83056,0.00011159869
83057,0.07255313
83060,0.00024804816
83061,0.071134925
83066,5.804243e-05
83077,0.00041370478
83081,0.00043006445
83083,0.05756068
83094,0.0014292744
83097,0.99510986
83098,4.68308e-05
83103,0.0011146803
83104,0.0001377279
83114,1.6557646e-05
83117,0.00080280355
83122,0.00049583125
83127,0.0008505628
83135,0.0003690302
83138,0.06573787
83142,0.00044308917
83144,0.00020007201
83149,0.00017386381
83165,0.99239254
83167,0.009134766
83171,0.9992254
83174,0.9989755
83178,6.793046e-05
83184,7.3160213e-06
83191,0.0003773421
83198,0.99982494
83203,0.09169952
83204,0.9998449
83205,0.99896455
83213,0.00039268253
83218,0.00016868266
83223,0.99505854
83230,5.105625e-06
83239,0.012305346
83240,0.0030790037
83243,0.0006930177
83244,0.99921393
83249,8.047814e-05
83252,0.0005910157
83265,0.9997776
83266,0.0099401865
83270,4.3311153e-05
83272,0.0006389274
83276,8.6599775e-06
83279,0.07678451
83286,0.013263131
83289,1.5212918e-05
83291,0.005041722
83294,0.9997516
83301,0.9997346
83303,0.00023063424
83304,0.00010778293
83306,1.316094e-05
83309,5.2204854e-05
83311,0.99904925
83317,0.0007556058
83333,7.4918503e-06
83337,0.0005634546
83352,0.044156507
83356,0.00052157365
83358,0.9992767
83366,0.9992269
83370,1.088633e-05
83373,6.231326e-06
83375,0.00056944066
83376,1.1406647e-05
83379,0.9997003
83385,0.0004925487
83399,0.00070919545
83400,0.0005119592
83403,0.00036281705
83411,0.0005219317
83423,0.01587041
83425,0.005859869
83430,0.00018143193
83432,0.046314094
83445,0.00037362656
83452,0.00017846246
83453,0.0015098124
83462,0.0009637425
83465,0.99570966
83467,1.1452056e-05
83469,0.00030768765
83471,0.99969304
83474,0.997352
83475,0.00020059236
83479,0.00017112077
83484,0.064590625
83499,0.00850354
83500,4.5415578e-05
83507,0.00036873142
83518,0.00017357261
83523,0.0044073947
83525,0.117796004
83531,0.00020385455
83536,0.00019781115
83538,0.00015209292
83551,0.88721675
83562,0.00074447505
83563,0.00021525334
83564,0.00012199357
83565,0.9996201
83570,0.0070197517
83579,0.0021807628
83580,0.99993527
83581,0.00017927155
83586,0.9991779
83589,0.000813945
83592,6.113815e-05
83596,3.1042e-05
83597,0.9995053
83602,0.9985096
83608,0.9908834
83609,0.00010282642
83610,0.00010958066
83612,0.0121438345
83615,0.058396813
83617,0.00021016884
83620,1.39657295e-05
83624,0.00029877856
83629,0.99981004
83631,0.00013329463
83633,0.00033532488
83634,0.0003401278
83636,0.00081433216
83648,0.00013836077
83650,6.9933526e-06
83651,0.057872206
83655,2.0607811e-05
83657,0.9938983
83666,1.0986641e-05
83667,8.549925e-06
83669,0.99885905
83673,6.531748e-06
83675,4.8598226e-06
83694,0.00037050774
83701,0.00054130633
83704,0.00065433857
83708,5.0839917e-05
83715,5.703011e-06
83719,0.00017545072
83723,0.0008391008
83724,0.05650577
83728,0.00015858948
83735,0.0002292093
83737,0.99926037
83740,0.9997662
83746,0.00039720951
83751,0.00037080207
83761,0.00012763315
83762,0.999889
83768,0.00036327844
83771,0.00026716042
83777,0.00023816289
83783,0.00035842383
83794,0.0006084594
83796,0.9988802
83799,0.99925965
83805,1.4607252e-05
83808,0.0004049568
83814,0.00081978017
83820,4.864982e-05
83827,0.0018414512
83828,2.376511e-05
83831,0.00024383634
83833,0.99919516
83834,0.0002969452
83837,0.0008273823
83838,0.00027823198
83839,0.0036361474
83840,0.00093819696
83848,0.038372185
83849,0.9994387
83850,0.00027247422
83855,9.278557e-06
83857,0.9110935
83858,0.99948895
83871,7.155174e-05
83883,0.00024894348
83885,0.06405034
83890,0.000525035
83899,0.0013309252
83906,0.0021233188
83908,0.0002215021
83909,6.792732e-06
83910,8.7342596e-05
83911,0.0001856432
83915,0.00021458634
83918,0.0006497298
83927,0.0016366917
83929,0.0004185193
83936,0.99905306
83946,0.99956053
83954,0.00016874445
83955,0.9999397
83958,0.0007245968
83961,0.0002494567
83963,0.00024007111
83965,9.698298e-06
83967,0.999084
83972,0.0037844218
83973,0.0006113925
83975,0.000120030556
83982,0.00022766355
83983,0.0007402424
83984,0.0003329685
83992,4.269011e-05
83995,0.0001820433
83998,5.3073152e-05
84002,0.9982516
84012,3.8828555e-05
84014,0.0008725683
84017,8.854559e-06
84023,0.99851924
84026,0.9929789
84027,0.00029933624
84028,0.9984378
84029,0.0002324644
84037,0.00036120968
84041,0.113145106
84046,2.6260595e-05
84049,0.9997626
84052,0.00020450613
84058,0.99995005
84060,0.94274455
84068,0.00020754976
84071,0.99950266
84079,0.00025927194
84081,0.00028890074
84083,1.1285117e-05
84084,0.0001627932
84090,0.0005547408
84095,0.00024141617
84100,0.00067396695
84105,0.00020879587
84108,0.99895835
84114,0.0006291344
84115,0.0005029766
84118,0.0090096975
84120,0.00031897938
84130,6.6304514e-05
84131,0.0002651547
84135,0.9995365
84146,0.9987931
84148,0.00012499807
84153,2.1255857e-05
84154,0.01201957
84155,0.001323248
84162,0.00038458288
84165,0.0036218988
84168,0.00018168382
84169,0.158918
84172,0.00018886659
84178,0.0007867917
84182,0.99689305
84184,0.00044385856
84186,0.9980622
84191,0.00017336667
84200,0.00031428033
84201,4.017242e-05
84202,0.017844751
84212,0.0006370968
84215,6.102282e-06
84216,6.443756e-06
84223,4.3353135e-05
84225,0.9987577
84232,0.99826413
84233,0.9999473
84234,0.00015703146
84249,0.00070964266
84251,0.004037397
84253,0.00019253035
84265,6.0906135e-05
84268,4.7022826e-05
84275,0.0007337847
84280,0.00030575533
84290,0.999089
84291,0.000533343
84293,0.00047768647
84303,7.886585e-05
84308,0.0009485892
84309,0.0004716597
84315,0.00065147714
84316,0.9942773
84330,0.0045105675
84331,0.0006037606
84334,1.2371955e-05
84343,0.00031788982
84347,0.00082621665
84349,0.0019414463
84350,0.000106173735
84354,0.00033066174
84355,0.00060680514
84360,0.0006821371
84370,0.00038415272
84374,0.98986477
84378,0.10628164
84380,0.9995029
84384,0.89925236
84386,0.0009895967
84392,1.20758805e-05
84397,0.0009712319
84402,0.99993193
84416,0.0015148636
84423,1.2100505e-05
84424,0.001081894
84425,0.00025155372
84429,0.00010696649
84430,0.99945265
84432,0.9993019
84434,1.3701386e-05
84435,2.3751334e-05
84438,0.003732536
84442,0.00030123003
84452,0.029868905
84453,0.0007352287
84463,0.0012350607
84467,0.0014068378
84468,0.00029370532
84470,1.3517337e-05
84477,2.2369677e-05
84478,0.9996057
84484,0.0009181638
84486,0.9992441
84487,0.0003629885
84495,0.0007455318
84496,0.07633168
84499,0.99897194
84509,0.00062077097
84510,0.0007641777
84521,0.05417467
84525,0.0010493386
84528,9.044127e-05
84535,0.00018776681
84537,0.050845843
84542,0.00055793166
84544,0.0002608138
84552,0.9985851
84554,2.5337047e-05
84555,0.998922
84556,0.00018541253
84559,0.0002956816
84562,0.011816438
84570,0.9954254
84571,0.0005675788
84572,7.4057966e-06
84581,0.00011452978
84582,0.9909574
84583,0.000225549
84605,0.9996239
84608,0.0002804756
84620,1.5903826e-05
84621,0.00056116306
84624,0.00044996888
84628,6.0248287e-05
84629,0.9991297
84632,0.000115533774
84635,0.00021656738
84638,7.2974e-05
84639,5.750202e-06
84644,0.0004293748
84647,0.0012918802
84650,0.00039653588
84652,7.626383e-05
84654,0.00020187712
84665,0.99134576
84667,0.9245751
84668,0.99459475
84670,3.4165834e-05
84672,2.799591e-05
84674,3.0351575e-05
84681,0.00010781552
84682,0.00031547179
84685,0.00025535215
84688,0.9995597
84693,0.0076932367
84710,3.4226716e-05
84711,0.998596
84713,3.2524367e-05
84714,0.00024343353
84717,6.938335e-06
84718,0.99643826
84730,0.000628241
84731,0.000101679274
84734,5.2008625e-05
84736,0.00054640276
84739,1.3516435e-05
84742,0.9994273
84743,0.00068861956
84744,0.080063224
84749,0.93422717
84751,0.00023634393
84755,0.06388217
84767,0.00012885295
84772,0.07202094
84774,0.00024757395
84778,0.86918205
84781,0.00059095625
84782,0.9981659
84785,0.9995925
84792,0.0011628075
84793,0.00023431382
84803,3.73238e-06
84809,3.6316684e-05
84810,2.647428e-05
84812,0.999193
84813,0.9989617
84815,0.99966395
84825,4.0528575e-06
84828,5.459292e-05
84830,0.00049099076
84833,0.000101261845
84834,0.002147175
84835,0.00017187053
84839,0.00014473866
84840,0.0001340198
84843,0.06373983
84845,0.00020721363
84846,0.9997217
84850,0.00033797056
84851,8.133886e-05
84854,3.4558074e-05
84857,0.9937571
84858,0.99713683
84859,0.0013737516
84861,3.739018e-05
84862,0.00022775953
84864,3.8847887e-05
84876,0.0010274965
84877,0.9997819
84880,0.0013349323
84882,0.00017513732
84883,0.99926454
84885,0.0002723249
84898,2.6899463e-05
84903,0.0009212032
84911,0.009217305
84912,0.00015519385
84913,0.0009171077
84916,0.99975365
84918,0.0037047614
84933,0.9999678
84937,3.5135723e-05
84941,0.98642075
84945,0.0002605665
84946,0.00041489908
84947,0.0002675267
84948,0.0006011125
84951,0.9982028
84953,0.00034832803
84955,1.5211468e-05
84957,7.471929e-05
84958,0.0004003784
84987,0.0013201595
84991,0.00075095095
84996,0.9997987
85006,0.00012329931
85013,6.428263e-05
85019,2.0107265e-05
85020,0.999474
85022,1.624931e-05
85024,0.002953858
85025,0.99959344
85028,1.8936576e-05
85030,0.0003581369
85033,0.0056540905
85034,2.2343218e-05
85038,0.00030871958
85039,0.00016926705
85040,0.00053339865
85042,0.8340786
85043,0.00038025863
85044,9.007576e-06
85047,1.1855829e-05
85048,0.99946624
85051,0.99351406
85052,0.00042479226
85053,9.2718255e-05
85055,0.0003614672
85056,0.14433023
85070,0.9996712
85072,9.0095826e-05
85074,0.0001525305
85077,0.00015104223
85081,0.00030814382
85084,0.0007978567
85096,0.8048774
85099,0.9996051
85104,0.99212074
85120,2.3209246e-05
85124,1.1084876e-05
85129,0.0017245708
85133,3.7430706e-05
85142,0.07081632
85143,0.1389002
85144,0.99735355
85145,0.0018926096
85148,5.847509e-06
85149,0.9999007
85150,0.00022757826
85156,0.0004316784
85159,0.0032606637
85168,0.0001631595
85176,0.0004020799
85177,9.402049e-06
85183,1.5564841e-05
85193,0.9988551
85197,0.002097681
85211,0.0016872165
85214,0.0002459173
85215,0.00051484664
85216,0.998928
85219,0.99681395
85220,0.0007171681
85224,0.00011730384
85225,0.00013785757
85227,0.011546057
85228,0.0015775341
85229,0.98609483
85232,0.9976908
85236,0.00025566446
85241,0.00048275353
85242,0.0044844747
85243,0.0005491915
85248,0.13260415
85250,0.015608287
85254,0.000555963
85256,0.0038656325
85266,9.514661e-05
85273,0.9993475
85274,0.99903214
85280,0.9994709
85283,0.0023131897
85290,0.0002590987
85291,0.0005557953
85299,0.0006656157
85300,0.0004265552
85314,0.99964833
85316,0.00012423389
85318,0.00017269436
85320,3.6477668e-05
85324,0.10994296
85332,1.6702203e-05
85336,8.402013e-06
85341,0.006459764
85343,0.00031335972
85344,0.0004584772
85347,0.99992263
85351,0.00024494034
85356,2.9566312e-05
85358,0.000688504
85362,0.0007783578
85375,0.0006806257
85381,0.0008284572
85383,0.9995858
85388,0.9998399
85389,0.00030306872
85390,0.00014966448
85391,0.00030219683
85392,0.999905
85397,0.0007661296
85402,0.8674017
85403,0.00010195384
85404,6.715785e-06
85405,0.00020573515
85410,0.9948148
85412,0.0007230661
85415,0.00030611493
85417,0.00068903115
85421,0.001620103
85434,0.884535
85435,0.0005698642
85439,0.99818844
85440,1.3269778e-05
85444,5.9876507e-05
85447,0.00018945188
85450,0.00016979888
85456,8.7194305e-05
85462,5.058145e-06
85465,0.003100746
85467,0.9994289
85472,0.010803721
85473,0.9995889
85479,0.0007328322
85481,0.00015825669
85482,0.00049245055
85484,0.0002995815
85488,0.00062556786
85497,0.013754379
85507,0.00021919717
85510,0.0028787109
85514,0.99823135
85517,0.00024581954
85523,0.0006896132
85525,0.0050832746
85533,1.1159696e-05
85541,0.00054373674
85542,0.99777395
85544,0.004312695
85549,0.0003790433
85551,0.090482295
85553,0.00047311978
85556,0.00051638717
85560,0.99922
85561,0.99717295
85564,0.00018513094
85565,0.00022158788
85566,0.00027846603
85571,0.9973247
85575,0.0012471142
85586,2.521657e-05
85609,0.99968565
85616,0.87856233
85617,0.00036276746
85618,0.00028310844
85619,0.99851817
85622,0.011310779
85630,8.663108e-06
85635,0.00081643777
85639,0.9982048
85643,0.0012716104
85646,0.00010230893
85648,0.065094166
85649,0.00016911057
85650,0.00024403077
85657,0.99968064
85658,0.01308898
85659,0.0010322896
85664,0.9997248
85671,0.064934194
85672,9.1449256e-05
85673,0.0001240885
85680,0.9976538
85682,0.99962366
85705,2.4928999e-05
85706,0.0002946665
85707,0.9985991
85716,0.999286
85717,0.00064474845
85723,0.00024881464
85726,0.0012437215
85727,0.00015008207
85728,0.00019316842
85736,0.0004341886
85738,0.992515
85744,0.99921334
85747,1.2557294e-05
85748,0.0023192922
85751,2.091242e-05
85752,0.00040472025
85757,0.999582
85761,0.00021816717
85762,0.00068209646
85768,0.99930036
85770,3.3872268e-05
85771,0.99983954
85775,0.003852109
85780,0.81869423
85783,0.000115788534
85789,0.00018075488
85792,0.00025547537
85793,0.9997063
85800,7.5346693e-06
85801,0.999302
85806,0.9994785
85819,5.1290557e-05
85820,0.00035525448
85821,0.0002164394
85823,0.0028577105
85834,0.001586006
85839,0.0006192603
85840,0.0007111463
85843,0.00026391257
85846,0.00054658245
85848,0.9998832
85853,0.00052924716
85856,0.9981541
85857,6.8111603e-06
85868,0.015495477
85878,0.00018149267
85879,0.00038089775
85901,0.00016514825
85902,0.00021290542
85904,0.00023523226
85905,0.9985575
85911,0.00015177809
85919,0.00011359939
85923,3.7631205e-05
85929,0.00091216207
85930,0.0035876094
85933,0.999276
85943,0.99787843
85946,9.728274e-06
85949,2.4522797e-05
85950,0.0009654321
85951,0.0002894069
85953,0.9999027
85954,1.5333066e-05
85960,0.00017219532
85961,0.0004946296
85963,0.00020398248
85964,2.5511981e-05
85969,0.99963844
85971,0.99930537
85972,0.00060603267
85973,6.755506e-05
85975,2.0589603e-05
85976,4.688044e-05
85977,0.8609662
85982,0.000114419534
85983,0.9991406
85984,1.47735445e-05
85986,0.0006267551
85987,0.07580129
85988,0.00026417262
85989,0.00029008533
85996,0.99931145
85999,0.00060571305
86002,0.0003625541
86013,2.5341422e-05
86018,0.9996146
86019,5.1345956e-05
86021,0.00043167284
86022,3.2143067e-05
86032,0.0028892732
86035,0.00016684564
86036,1.9787118e-05
86040,0.00026592106
86041,0.00060579355
86046,0.99980086
86054,0.00047577292
86056,0.00036262049
86064,4.525622e-05
86065,0.0001650409
86067,0.000120327255
86074,8.2227845e-05
86075,0.0008319788
86076,0.00037015785
86079,0.00020176302
86081,0.0023289875
86093,4.864738e-06
86120,1.068454e-05
86121,0.9996259
86148,0.00079768524
86151,0.0014815899
86152,0.00040850724
86163,0.99958473
86164,0.062174577
86166,2.1260785e-05
86169,0.99958545
86170,0.00023655022
86178,0.99983156
86183,7.5649026e-05
86184,0.00025880514
86195,0.00073538395
86196,0.0009971319
86203,0.00025288764
86207,0.00048098218
86213,0.99951077
86215,0.0003986748
86217,0.09149098
86224,0.00023962426
86236,0.9975116
86237,9.760673e-05
86238,7.2248e-05
86240,0.9993851
86243,0.0005255976
86245,0.00067301956
86246,0.99869555
86249,0.9989962
86253,0.99977225
86254,0.0002289387
86257,0.0006697688
86260,0.99992824
86262,0.99989915
86263,0.0001953807
86266,0.0007058847
86271,0.00011837344
86277,0.99892837
86278,4.0812297e-06
86281,0.00096202095
86285,0.00027805005
86289,0.00029911345
86293,0.0002154478
86297,0.0019737647
86307,0.0010324159
86309,0.00019319789
86311,0.0012606208
86319,0.00010936363
86323,0.9977998
86325,0.99881727
86326,0.00040282856
86327,0.00021889558
86330,0.00063243613
86335,0.000178098
86336,0.00023175315
86340,8.470616e-06
86344,0.00076644577
86349,3.9805946e-05
86359,0.00026864544
86370,0.9999398
86374,0.0002891289
86376,0.05827151
86385,0.0041663055
86397,0.00018834615
86403,0.8162085
86408,0.0035305342
86410,1.6214419e-05
86413,0.00055918784
86421,0.00063590845
86426,0.0001539082
86427,0.00013233972
86428,0.001532226
86429,2.5577121e-05
86441,2.120328e-05
86443,0.0016246655
86444,0.0037603192
86446,0.00025643417
86448,6.496371e-05
86462,0.051412616
86464,0.00017916544
86467,0.00032522986
86468,0.000120603865
86470,0.00037210007
86471,0.99956185
86481,0.00047570578
86484,0.0004740931
86485,0.0023394055
86490,1.0209616e-05
86498,0.014094676
86499,0.9996797
86503,0.9899805
86504,0.99901545
86506,0.00054243824
86509,0.0028207868
86511,0.00027558635
86519,0.00977796
86520,0.00027587105
86523,0.0008269031
86530,0.00023200939
86535,0.00038692006
86541,0.9993649
86545,0.0024030395
86551,0.00015814719
86552,0.0005579649
86554,2.0206628e-05
86555,0.00057357724
86557,0.9921171
86559,0.99814
86561,0.0024837635
86566,0.00198809
86567,0.0009779149
86570,0.99979347
86571,0.00040470308
86576,0.00033190488
86578,0.00029733984
86587,0.000109959896
86588,0.97607803
86590,0.00054251245
86591,0.00014457935
86593,0.999099
86596,0.00020793246
86599,0.99977154
86604,0.9995577
86605,0.0003701457
86615,0.99969053
86617,0.06436951
86622,0.984769
86623,0.00080239325
86626,0.006033468
86627,3.6252255e-05
86630,0.9956268
86631,0.7839927
86632,0.00068774365
86636,0.23081882
86637,0.0011717906
86640,1.04940345e-05
86641,0.9968635
86642,0.00023476598
86647,0.998858
86651,0.9996333
86652,0.00083321246
86660,0.00046991915
86663,0.09162898
86665,7.687021e-05
86667,0.9999447
86668,0.9993507
86671,0.0001412623
86672,0.00016480219
86689,0.9991322
86690,0.9996284
86696,0.8471668
86698,0.99860567
86699,0.08844009
86702,0.00074965606
86705,0.9931819
86710,7.467142e-06
86713,0.00080702244
86721,0.9502806
86722,0.000502353
86723,1.2769742e-05
86726,0.0037770995
86727,0.08478982
86729,0.0010987761
86733,0.00030527587
86738,0.00017493105
86743,0.00011848118
86746,0.9993837
86747,0.00038662157
86751,4.181493e-05
86758,0.00018968596
86759,1.709986e-05
86763,0.00019094294
86766,0.000224554
86770,9.2833005e-05
86772,0.00032704478
86778,0.0022331658
86785,0.9989869
86787,4.5068053e-05
86788,0.8529845
86789,0.00012032094
86796,0.90128577
86799,0.00014340391
86800,0.00038299066
86805,0.00047661332
86826,0.0007520871
86828,0.16057567
86832,0.8399745
86834,0.9987208
86838,0.00020716304
86845,0.0001997318
86850,0.00022896465
86857,0.99854326
86861,0.00015468444
86862,0.00018440983
86864,0.99975914
86873,0.00012549502
86875,0.00040083553
86876,0.9956304
86879,0.00031899672
86880,0.9996468
86882,1.5971767e-05
86884,0.00017819228
86890,0.9966456
86896,4.553863e-06
86897,0.00042017567
86901,0.9965586
86902,0.00049072545
86903,3.2677577e-05
86904,0.00077642576
86907,0.79679096
86910,0.9989022
86911,0.00013187161
86922,0.00046389943
86929,8.35749e-05
86932,0.00042525213
86938,0.77560693
86939,8.907341e-06
86940,0.00016412143
86941,0.00018867779
86946,0.00021084242
86954,0.0007061656
86955,0.00060439017
86959,0.0010274863
86966,0.9996008
86971,0.00026279673
86973,0.0003421442
86993,0.16225477
86996,0.00021569815
87000,0.123906724
87006,0.0005073144
87007,0.00050128775
87009,0.0003734651
87010,0.99944824
87017,1.7733459e-05
87020,0.00019070368
87031,0.99390393
87033,0.91117084
87041,0.00062925735
87042,1.0030113e-05
87045,3.0448291e-05
87047,0.99932563
