TripID,HighCarbon
2,0.9997553
4,0.0061573675
5,0.93916285
14,0.000306371
15,0.00012147909
17,0.00031700003
22,0.99790025
23,0.9959692
25,3.7427813e-05
30,0.0042728106
35,0.99672
39,0.00077883486
45,0.9996724
50,0.002470211
51,0.00045617152
55,0.998103
64,0.99934
65,0.00074939575
68,0.0011838062
72,8.42644e-05
73,0.0012925823
78,0.99769336
80,4.998496e-06
86,4.6355904e-05
87,0.00038609948
96,0.00023461405
97,0.0005764252
101,2.9539142e-05
102,0.00037649
106,0.9985331
107,8.976404e-05
118,0.0022859592
122,0.00018317137
130,0.00015498992
140,0.9987562
141,1.0901072e-05
144,0.9992803
147,0.000121526595
157,0.99881554
160,0.0006598284
161,0.0011137835
167,0.99994195
168,0.9992205
172,0.9999585
176,0.0016837143
181,0.9998976
183,2.7119919e-05
186,0.00029085245
189,0.0036854062
191,0.00024393213
193,0.9999027
194,0.00013266936
197,0.0004275764
204,0.0001902538
207,0.0007609545
212,0.00026530388
214,0.00035807258
216,0.0002684621
217,0.9990081
218,0.86825407
219,4.1398474e-05
232,4.8001326e-05
236,1.1303643e-05
239,0.0018634932
248,0.9981864
251,0.10488777
252,0.0002452813
253,0.00013467918
255,0.00053974224
256,7.324692e-06
261,0.00015351511
269,0.08113574
276,0.0006116055
277,0.07818536
279,0.0009624225
281,0.9747848
282,0.002020419
286,0.9982535
288,0.09176539
293,0.0001597283
301,0.00030997684
304,0.00081007316
312,0.0010297504
316,0.00086521765
317,0.99968517
318,0.99947864
320,0.00011674421
324,0.0017306694
326,1.1474041e-05
329,0.0022139319
332,0.9976382
338,0.00010948175
339,8.981775e-06
341,0.00081327674
343,1.7590208e-05
354,0.99287957
362,0.00044343987
368,0.00026095883
369,6.74648e-05
377,0.00011790222
381,0.8645173
386,9.478438e-05
389,4.6632863e-06
397,0.00045158414
398,0.00074996945
402,0.00020865258
403,0.9999553
404,0.00046310853
420,0.00041113692
421,1.091397e-05
423,0.9951546
430,9.396884e-05
431,0.00013897324
433,0.00018475461
441,0.0034644685
443,0.0022289082
445,0.00044015225
452,0.0002525645
457,0.0008981152
460,2.2064794e-05
467,0.000114083865
468,0.99641293
473,0.00011884678
474,0.00059758197
475,0.0012727136
478,8.568263e-05
480,0.0007710529
482,4.7550616e-06
485,0.00038014285
495,0.00040486146
499,0.0004014598
502,0.0005836714
503,0.0005509746
514,0.9991548
519,1.176469e-05
521,0.00032940885
523,3.088447e-05
526,7.556813e-05
533,9.441669e-05
539,1.2442261e-05
541,0.9992823
545,0.99807286
555,0.00038875334
561,0.0001581514
574,0.0005258805
575,0.0006013027
578,0.007514727
585,0.00083244307
596,0.00038495485
619,0.0005928953
625,0.0007092708
627,0.0004503759
629,0.9970144
631,0.016339354
632,0.0044872407
634,0.0005853471
635,0.0011070389
638,0.00038303665
639,0.00045765215
652,3.0342924e-05
656,0.00022766291
659,0.99947804
661,0.00038342355
666,0.10073098
671,7.6587196e-05
679,0.00031831622
680,0.99913424
681,8.555731e-05
682,0.00013050248
684,1.1360835e-05
687,0.9955159
692,5.462854e-05
700,0.0008097737
704,0.0017184042
721,1.9884237e-05
723,0.0012337427
725,0.00032133237
726,0.15578072
728,0.99993765
730,0.9991327
731,0.00062412873
735,0.00035895896
737,0.99929523
740,0.0011486772
743,3.6524277e-06
744,0.00029080198
754,0.99590945
757,0.99901485
760,3.622105e-05
765,0.9989691
768,6.7433425e-06
770,0.99856734
771,0.9987851
773,0.000106929154
775,0.00036930785
776,0.99990344
777,0.99906105
781,4.115392e-05
783,0.00030029236
784,1.21119e-05
792,0.99802065
805,0.014345455
806,0.0003226296
810,0.0012920524
822,7.965323e-06
826,0.99990666
828,2.5277388e-05
829,0.999065
831,0.00016993332
833,0.0027480663
840,6.512168e-06
843,0.9938426
844,0.00035577695
852,0.0002295669
854,2.8070735e-05
856,0.9991398
857,0.99976975
864,0.0006092054
865,1.6172336e-05
870,0.9965739
871,0.00031319394
874,0.84387654
875,0.9998946
877,0.0007530213
878,0.00028975005
879,0.0007719848
881,0.7802551
882,0.00012109928
883,3.0488705e-05
884,0.00033869888
886,0.99952185
894,0.00044935977
897,0.0013571428
903,0.0002533377
910,1.2197363e-05
912,0.0008833526
913,0.0001694875
914,0.99976534
916,0.0004572292
924,0.00035366847
927,0.0001305331
936,0.0026888803
939,0.9997526
944,0.00013434148
950,0.00019349635
952,4.578467e-06
961,2.2862921e-05
962,0.0069606104
963,0.00043667038
967,1.9658768e-05
968,0.04966361
977,9.6776575e-06
980,6.612658e-05
990,0.9995036
1000,0.00020053919
1005,0.00022414928
1010,0.9996476
1013,0.043382913
1015,0.00035462377
1017,0.0023067335
1021,0.9989386
1029,0.0002463223
1032,0.9986993
1036,0.00021761558
1039,0.0041129654
1040,0.0009925701
1041,0.00033461783
1043,0.00051336654
1044,0.000504459
1056,0.00016262845
1057,5.9463568e-05
1058,9.534788e-05
1059,0.9944582
1062,0.00034866558
1063,0.9994918
1068,6.002555e-05
1070,1.5876898e-05
1072,0.99133897
1078,0.0062259436
1079,0.00018167273
1083,0.00017571507
1088,0.00073238433
1102,0.999423
1107,0.00044893677
1108,0.00042260473
1114,8.6544285e-05
1125,0.00013216783
1126,0.0002918975
1130,0.9996773
1132,5.984425e-05
1133,0.99910164
1136,0.0002401439
1139,0.99949574
1141,0.0001553173
1142,0.00045580184
1143,0.0006885539
1148,5.9313203e-05
1149,0.0014080763
1150,0.9986588
1154,0.00010877559
1155,0.00042718204
1161,3.576243e-05
1162,0.00057433575
1167,0.016850308
1174,0.00049411715
1179,0.0018991343
1184,0.996723
1185,0.0001079439
1191,2.93397e-05
1192,0.9992981
1196,0.0004499916
1198,3.633529e-05
1207,0.00057367154
1208,1.09728935e-05
1209,0.00039578494
1217,0.00010823899
1219,1.00995185e-05
1220,0.99468464
1224,0.99995375
1228,0.000104029445
1230,0.0005470223
1237,2.5162688e-05
1239,0.00021694062
1244,0.0006032087
1256,0.00027150463
1259,0.000564555
1260,0.001803701
1267,4.0843912e-05
1269,2.2936712e-05
1283,0.08195623
1296,0.9994326
1305,0.99967194
1310,0.99948704
1314,0.0012030505
1319,0.9960758
1324,0.0009379347
1327,0.00019615816
1329,0.9980532
1332,8.037691e-05
1340,0.9996984
1341,0.009333947
1342,0.00035476542
1343,0.0014216339
1344,1.1189931e-05
1346,0.99600923
1349,9.475699e-06
1353,0.07026614
1356,0.99605274
1365,0.9989856
1367,5.3953863e-06
1369,0.9993874
1378,7.366134e-05
1379,0.00018759877
1383,0.00020454591
1386,0.9987608
1391,1.20474115e-05
1393,0.00011708336
1397,0.9988526
1398,0.000605346
1401,0.00018818173
1404,0.9964896
1407,0.09897273
1410,0.9984888
1412,0.9977794
1414,0.00023380076
1419,6.466983e-06
1422,0.001382993
1423,0.008343354
1431,0.99822813
1434,0.0030448777
1436,0.00026942906
1448,0.0003488629
1450,8.789483e-06
1453,2.1615902e-05
1455,0.0002588476
1456,0.0004960322
1457,8.275086e-05
1461,2.6855478e-05
1466,0.0011587391
1470,3.2965945e-05
1473,0.9946525
1485,6.501701e-05
1487,0.00028606944
1492,0.00041556646
1497,0.99586135
1498,1.2135404e-05
1503,0.00019207159
1506,0.00023060742
1508,9.103267e-05
1511,1.0687924e-05
1512,0.00029895492
1516,0.8471126
1517,0.0003316803
1518,0.9986047
1519,0.0003258686
1529,0.00021811017
1534,0.0014481368
1535,4.4341596e-06
1540,0.00026244292
1542,0.00023839096
1547,0.9999647
1550,0.00038081096
1551,0.009691991
1557,0.00050895585
1559,0.99795026
1560,0.0001447885
1561,0.00307525
1564,0.9969453
1566,0.99678016
1570,0.008302376
1578,6.678049e-05
1581,0.99976534
1587,0.90208536
1588,0.0016433867
1590,9.26927e-06
1592,0.00015225848
1593,0.0007319741
1599,0.0006681714
1604,0.99746096
1607,3.6742872e-06
1610,0.0113049885
1612,0.0003515552
1613,1.4471714e-05
1615,0.00012219847
1633,0.00013241469
1638,0.00027514505
1644,0.00016436748
1645,0.9037374
1648,4.395828e-06
1651,0.99867994
1654,0.0011293284
1661,0.00069757487
1662,0.9989944
1665,0.9992913
1668,0.0002207347
1674,0.0009483827
1678,0.99924123
1679,0.9995173
1682,0.0004452271
1685,3.7482358e-05
1689,0.0002605809
1697,5.1785923e-05
1702,0.00031793225
1715,0.0004770781
1716,0.99621165
1721,0.996671
1722,0.0005662399
1725,7.5173615e-05
1730,0.0003931987
1731,0.00036903526
1732,0.123638965
1738,0.9918034
1739,2.6792344e-05
1740,0.00018207695
1743,0.0017839881
1752,0.00017597128
1764,0.9998356
1766,0.9943218
1770,0.9990194
1777,0.0005076801
1778,0.0004925404
1780,0.99957603
1792,2.0399415e-05
1794,0.9984475
1801,6.823026e-05
1802,1.0936204e-05
1803,0.00033768764
1805,0.00013348032
1807,0.0016250784
1810,0.00043439955
1818,0.0026376469
1819,4.5761226e-06
1821,1.0075815e-05
1823,0.00034203494
1830,0.088854514
1831,5.1610656e-05
1834,0.004540998
1836,0.00013685784
1843,2.0899659e-05
1857,6.052115e-06
1859,0.0023565197
1860,0.9995097
1866,0.0005292181
1868,1.9293917e-05
1876,0.0017410548
1883,0.00042078795
1887,0.00019690754
1889,0.0015000241
1891,0.9998288
1896,0.0003548231
1901,0.00044444305
1902,0.00075368566
1912,1.4515419e-05
1917,0.0011522268
1919,0.00019963528
1921,0.99937564
1934,0.9964223
1935,4.1792606e-05
1939,0.10063262
1941,9.789466e-05
1942,6.177778e-05
1949,0.9991999
1956,3.340259e-05
1962,1.2652644e-05
1970,0.00035903888
1973,0.9979468
1985,0.00010538012
1990,0.00035955818
1996,0.00032730645
2003,0.00024743026
2007,0.99961203
2008,0.9991373
2010,0.0004622752
2011,0.00014479486
2016,1.5028918e-05
2018,0.0013240334
2022,0.13289224
2024,8.3495164e-05
2028,0.9990736
2030,0.806151
2032,6.923253e-05
2033,2.3652372e-06
2035,0.00041605442
2038,0.00047723955
2039,1.6058792e-05
2042,0.06937088
2047,0.00026422853
2052,0.000747935
2053,0.99962604
2054,0.004541968
2066,2.5039528e-05
2067,1.4053198e-05
2068,0.9981116
2077,0.99948525
2080,0.9994155
2089,0.00012100646
2094,0.00025411617
2097,0.0014861496
2099,0.00014983983
2101,1.2240548e-05
2103,2.2475933e-05
2110,0.00019001088
2113,0.000102027465
2120,0.00029130033
2121,0.9969676
2126,0.048810624
2129,0.97488666
2130,0.99932337
2133,0.7499452
2134,0.002847496
2137,0.9081553
2138,0.9987361
2144,0.002936
2145,0.08260699
2147,9.664875e-06
2153,0.00069458573
2155,8.617565e-06
2157,0.07915694
2158,0.00016955231
2161,4.4119975e-06
2169,8.481674e-06
2170,0.0010743606
2175,0.99844116
2179,3.6322643e-05
2182,0.9825562
2186,0.0005958243
2187,2.4192674e-05
2194,0.00012838874
2195,0.9990761
2197,0.0005038523
2209,0.00046294372
2211,0.06958126
2216,3.1739924e-05
2220,0.0671943
2222,0.00016310536
2228,0.8765357
2229,0.012612822
2240,0.0003253933
2246,0.000119697834
2247,0.00069418835
2257,0.0010302837
2259,0.99855524
2277,1.7821058e-05
2279,0.00011352954
2281,5.539729e-06
2282,0.00017160541
2283,0.9999528
2284,0.99428844
2285,0.10038227
2292,0.00013660347
2294,0.9990362
2296,0.00010570066
2302,0.0004447802
2307,0.00026918616
2313,0.00012643672
2315,0.00033913637
2318,0.00032413288
2321,0.0005286189
2322,0.07540411
2326,1.194051e-05
2329,0.00054778386
2332,0.0005524318
2334,0.9925948
2335,0.8761058
2342,0.004870548
2351,0.0040810346
2353,0.0004068728
2360,0.042259708
2364,0.85086197
2366,0.9993993
2367,0.9975152
2372,0.13849026
2382,0.0005957326
2387,2.0705975e-05
2392,0.00038056183
2399,0.9996935
2400,0.9984969
2401,0.00024681436
2402,0.00060965406
2403,0.99883133
2406,0.00044304755
2410,0.0001225191
2413,5.137461e-06
2416,0.99710494
2420,0.9989593
2421,0.00023701663
2424,0.0003497712
2426,0.85466856
2427,0.00039139594
2439,0.99674004
2440,0.99952686
2443,6.8815375e-06
2446,0.000517803
2449,0.0005746169
2450,0.00038086378
2457,0.00034190208
2462,1.403224e-05
2470,0.00010228015
2477,2.8272014e-05
2485,1.1327178e-05
2488,4.7697613e-05
2490,6.87314e-05
2497,0.8830715
2499,0.9991653
2500,0.0015020188
2501,0.00043419382
2502,0.0010691269
2511,0.99996686
2512,0.001178346
2513,0.003130516
2517,0.0003265329
2518,0.0005071031
2519,0.99958175
2522,0.0014910358
2523,1.7066233e-05
2524,4.150192e-05
2525,0.00061513553
2531,0.00049652864
2535,0.028050577
2536,0.9944212
2538,0.002798029
2540,0.00258046
2544,0.00066762144
2545,0.0005518213
2553,0.00031866663
2555,0.00027339408
2557,0.00033610084
2574,0.9912766
2576,0.0010198992
2578,2.833285e-05
2579,0.053819105
2588,0.00028186606
2592,0.008331833
2593,0.07917296
2606,0.07914269
2607,0.0006849105
2609,1.3234657e-05
2611,8.182928e-06
2619,0.000708396
2625,0.07739116
2626,0.0016816204
2627,0.00015196564
2629,0.01111167
2640,0.00021098039
2641,0.0003466232
2644,0.00015584187
2645,1.8863182e-05
2656,0.995666
2659,2.0959977e-05
2660,1.1058437e-05
2663,6.711322e-06
2668,0.00021725835
2671,8.388659e-06
2673,0.0005280838
2677,0.04898933
2680,0.0010974978
2683,0.0009156116
2687,0.9978124
2689,2.5890753e-05
2691,0.00023629866
2695,9.506564e-06
2697,0.0002229563
2698,0.9991835
2707,7.906035e-05
2709,0.0007806264
2714,0.00022662443
2715,0.003041536
2716,2.3347415e-05
2726,0.0002357808
2730,0.80540043
2733,0.00017808322
2735,0.0006898495
2745,1.0232844e-05
2750,0.99930656
2754,1.1415266e-05
2756,0.00018623694
2757,0.9992286
2758,3.3486056e-05
2759,0.99986935
2763,0.00019612616
2773,0.000618286
2774,0.00083196687
2777,0.0004830751
2779,0.9995945
2782,0.998195
2786,0.99926525
2787,3.403238e-05
2790,1.4769204e-05
2791,0.00087522913
2793,0.00035854478
2794,0.00012389247
2796,0.9989262
2797,1.6271826e-05
2798,0.00012330095
2802,0.99991405
2808,0.000116555115
2809,0.00012385739
2817,0.0008481761
2819,0.00011818859
2823,0.9984427
2824,2.8935077e-05
2840,0.0010739344
2851,0.00014289177
2852,0.0011223819
2860,0.060764667
2865,0.11453911
2867,0.00046665056
2883,0.0002853057
2887,0.00011958181
2891,0.0014136847
2895,0.00043178562
2902,0.9976947
2905,0.00071887154
2909,0.99910814
2911,0.0027326532
2918,0.083150476
2919,0.9946662
2922,0.0002177237
2925,0.00046685874
2929,1.2757984e-05
2930,0.99958676
2935,0.66706616
2936,0.99700266
2939,0.9986939
2948,0.013598559
2950,1.5642176e-05
2958,4.607802e-05
2959,0.99994063
2964,1.7719698e-05
2966,8.1364466e-05
2969,0.99464613
2980,0.9996735
2981,0.00011247849
2982,0.1022762
2986,0.98834956
2992,0.00012781487
2994,0.9983681
2995,0.9981699
2996,1.1533006e-05
3001,0.016581222
3002,0.999944
3005,1.0602091e-05
3006,0.00010768483
3012,0.9991812
3020,0.9985795
3023,0.00014344495
3025,0.99817944
3026,1.0406156e-05
3032,0.9971311
3040,0.00011371958
3041,0.00029336277
3044,0.009400855
3063,0.090908006
3066,0.9993605
3070,0.096213676
3074,8.099938e-05
3078,0.0004340889
3081,0.999257
3083,0.0010142173
3088,0.9988067
3093,0.9991762
3098,9.152365e-06
3099,0.9989982
3102,0.00014645545
3106,0.9887456
3111,8.197864e-05
3117,0.0001235223
3128,0.00057324034
3129,0.9979291
3134,0.00031870825
3135,0.00064452505
3138,6.9457164e-06
3148,0.05837844
3150,0.00020218207
3153,0.0005038881
3154,0.00020148793
3155,0.0041679875
3157,0.9986852
3159,0.99376196
3166,0.00025864455
3167,0.00022551695
3172,0.99984574
3173,0.00042957417
3175,0.0011214719
3181,0.9996581
3191,5.387718e-05
3195,0.000229582
3196,0.99995697
3197,0.9995449
3199,0.0083169425
3212,0.9988682
3213,1.4110003e-05
3214,1.0643332e-05
3217,2.4937177e-05
3224,3.1815656e-05
3226,0.9991704
3227,0.00032106135
3232,0.00036663428
3235,0.00030860276
3237,0.0022856167
3240,9.6866515e-06
3258,0.0003319745
3272,0.0005825426
3278,0.0003037575
3279,2.3929237e-05
3280,0.00020211171
3281,0.0004509707
3287,0.99914527
3291,0.00039215037
3295,0.010201815
3298,1.530706e-05
3306,0.9991027
3308,5.186079e-05
3311,0.0003127777
3314,0.0024461823
3320,7.53603e-05
3321,0.0006809877
3322,0.9996344
3352,0.99644154
3353,0.00024402008
3357,2.1053995e-05
3359,0.0004292289
3366,0.0004897913
3367,0.99997437
3371,0.0013895174
3374,3.235916e-06
3375,0.9991511
3384,0.9993206
3385,0.9956786
3393,0.00039194725
3395,0.0007932728
3410,0.0001906726
3412,0.00038592634
3413,0.98772717
3415,0.99976104
3421,0.00023780663
3427,2.0650286e-05
3436,2.0243679e-05
3438,0.99953043
3439,6.924546e-06
3444,0.00031604254
3446,8.1645085e-06
3449,0.00023203439
3452,0.99910164
3455,0.9986174
3457,0.9929166
3458,0.00081600493
3459,0.99711347
3460,0.9985404
3461,0.12448367
3469,0.00022284067
3473,0.00018603941
3474,0.00035462898
3487,0.0007766541
3491,0.00015063275
3498,0.8632871
3499,0.00054631993
3502,2.065322e-05
3504,0.00015537966
3505,0.00028436066
3508,0.995917
3510,0.9997855
3512,0.9934762
3517,0.00033713228
3519,0.9993498
3520,0.00023352943
3522,0.9988563
3524,4.721136e-06
3538,0.0034532296
3546,1.0449735e-05
3547,0.00027022476
3552,7.454364e-05
3556,0.00028709703
3557,0.8815075
3560,0.0022404832
3565,1.20659e-05
3568,0.99799407
3572,0.00030762574
3581,0.00039588453
3582,0.00041253
3595,0.99996424
3601,0.00019322238
3605,0.99675214
3607,0.0005540615
3611,2.2837621e-05
3613,0.00018286356
3614,0.0005731491
3618,0.99691606
3627,0.99943894
3634,1.3944142e-05
3639,0.0005983311
3640,0.99923503
3646,0.00038782868
3647,2.0937761e-05
3649,0.0015685083
3653,0.0115552675
3654,0.0034146463
3657,0.9999398
3664,0.999956
3673,0.0007696526
3674,0.00020594947
3683,0.00096020143
3685,4.008647e-05
3698,0.00054914306
3702,0.0024444528
3703,0.9964205
3706,0.00029153816
3710,0.0015546513
3712,0.00032157908
3715,0.00042528697
3717,0.00040114074
3718,1.4174051e-05
3724,0.00021036994
3732,0.00020268526
3733,0.00035659238
3734,0.00035282
3743,0.00021391487
3750,0.0003168943
3751,0.0015581725
3760,0.00025076277
3761,0.00012100635
3762,0.00042834049
3763,0.9937644
3764,0.0004119211
3771,0.99873346
3778,1.2954553e-05
3786,0.0006320896
3787,0.00068168127
3788,0.00012749255
3790,0.0005728201
3791,0.99777645
3793,9.494288e-06
3795,0.120062895
3797,0.0001960011
3800,0.00019982723
3807,0.0022257704
3808,0.00065119687
3812,0.99927527
3813,2.5295449e-05
3825,0.99906737
3826,0.9947154
3830,0.00023569111
3833,2.6547774e-05
3835,0.00013111604
3844,0.9969681
3845,0.9954396
3848,0.0008398651
3851,0.00023961694
3855,0.99915993
3859,0.99942786
3860,0.00043264363
3861,3.8352596e-06
3864,0.99973565
3865,0.0004280962
3866,1.3516227e-05
3868,1.3043264e-05
3869,0.99880636
3872,0.0063912217
3879,0.9990972
3890,0.9999492
3891,0.00034248197
3893,0.0007901611
3896,0.0010816648
3902,0.00013765476
3903,8.195674e-06
3916,0.999009
3918,0.9998822
3919,0.0004093409
3920,0.00011666253
3923,0.00041293152
3926,0.00056592695
3929,0.85695535
3930,0.0006123652
3932,0.9991736
3945,0.00062855065
3946,0.9993923
3948,0.99869484
3950,0.99880195
3955,0.0004722202
3961,0.9991289
3963,0.9991271
3964,1.1939952e-05
3965,0.00017807932
3968,0.00021536811
3975,2.7940165e-05
3977,0.00058612705
3982,0.9996363
3984,0.00016923591
3985,0.00044788033
3989,0.00025833945
3991,1.4481945e-05
4000,0.000491108
4006,9.256664e-06
4017,2.2393391e-05
4018,0.0003330326
4025,0.0003065884
4028,0.00016492905
4050,1.1072736e-05
4051,0.00062247284
4057,0.00094404235
4067,0.11417511
4068,0.00018127459
4076,0.00056087004
4079,0.004310685
4086,0.0003073405
4087,0.0016043932
4093,9.282663e-05
4106,0.019889291
4108,0.9995432
4109,1.527913e-05
4110,0.0023262259
4114,1.1740916e-05
4115,0.07477689
4119,1.6455138e-05
4120,7.1854854e-05
4139,0.9994271
4140,5.9499926e-05
4143,9.744481e-05
4149,0.0078018275
4152,0.9988456
4154,0.00037782194
4159,0.9980915
4165,0.99929345
4167,6.632665e-05
4169,0.9992487
4172,0.00039150155
4173,0.00027613578
4176,0.9984168
4179,0.00042761266
4183,0.00016764522
4191,0.99929345
4195,0.0008779809
4196,0.00071492983
4198,0.0010881325
4199,0.99778795
4200,0.00016021336
4204,0.00024509965
4205,0.9993315
4210,4.6729798e-05
4211,0.00039256053
4212,0.999918
4217,1.7961529e-05
4223,0.99942183
4225,0.0002179208
4229,0.00038611607
4233,0.9975745
4235,1.4488091e-05
4236,0.000582549
4240,0.00035906164
4245,0.99969196
4260,0.0027326907
4262,0.9996996
4263,0.00021550019
4265,0.0004272537
4269,0.9994386
4271,1.2651485e-05
4275,0.9985973
4282,2.3966142e-05
4291,0.9991498
4300,0.00016119052
4302,0.0003478666
4309,0.97776675
4310,7.749897e-06
4311,0.00023894483
4314,1.0178535e-05
4320,0.00032038745
4324,0.00019285464
4325,0.00063387316
4329,0.00031497623
4331,1.0074403e-05
4337,0.84985083
4344,0.00079921423
4349,0.84531546
4352,1.3631021e-05
4355,0.0009502197
4357,0.00027875052
4361,0.07745054
4366,0.00093497237
4367,0.99710184
4378,0.0007568464
4379,0.99944514
4382,0.00042460847
4389,0.004318221
4394,0.99884474
4401,0.0006010171
4407,1.7210124e-05
4409,0.12900464
4410,0.898903
4411,0.0004723616
4414,0.99981385
4421,8.108678e-06
4425,1.3156309e-05
4427,0.020654522
4431,0.9987311
4434,0.001450365
4442,0.00012923885
4443,0.99892575
4447,0.0016102339
4448,0.00023020408
4454,0.0010335669
4456,4.0459694e-05
4460,0.00024566654
4462,0.00026846875
4466,0.99840325
4471,0.00017484384
4472,0.0003474354
4473,2.5881916e-05
4475,2.9405497e-05
4476,0.00018637834
4479,3.514323e-05
4481,0.9998016
4491,0.9995704
4493,0.9995974
4498,0.9994247
4500,0.00020592002
4501,0.00040488038
4504,0.9990754
4506,8.483126e-05
4511,0.00020946127
4514,0.00011769723
4517,0.0004155395
4518,4.6384383e-05
4521,0.99978024
4526,0.0005053065
4530,0.09917292
4531,1.7460097e-05
4535,1.2706405e-05
4536,0.92669153
4537,1.859424e-05
4542,0.00017945404
4548,0.009097645
4551,0.99722075
4561,0.99936444
4564,0.99805033
4567,0.08196391
4569,0.00037786947
4573,0.0015520584
4575,0.0039736945
4583,0.00060053467
4587,0.9990632
4591,0.00039815862
4595,0.999153
4601,1.023999e-05
4603,0.005732896
4606,0.0005116433
4607,0.09170101
4612,0.000105205516
4616,1.4516374e-05
4628,3.8652033e-06
4634,0.00011773236
4640,0.9962606
4645,0.0003921928
4646,0.00014567729
4647,0.0012149314
4655,0.0001328509
4677,1.0812486e-05
4687,9.727476e-06
4696,1.1472508e-05
4706,0.00017021873
4707,5.1890176e-05
4709,0.0013835562
4719,0.99465346
4720,0.9981469
4733,0.0002960556
4734,0.00047683442
4743,0.0003160091
4754,0.0028380665
4763,0.9902322
4764,0.0009850233
4765,0.00090151845
4766,0.00057030265
4770,0.000613407
4771,0.9974873
4774,0.99657565
4778,0.00041713775
4783,2.9067856e-05
4788,0.9983084
4792,1.088772e-05
4793,0.0001476739
4805,0.00054157473
4809,0.99391454
4811,2.310211e-06
4812,2.4351764e-05
4823,0.99959904
4824,0.00056040863
4826,0.00040764696
4827,0.9999516
4835,0.0005182143
4856,0.066623904
4857,0.9975745
4864,5.3857934e-06
4865,1.07348615e-05
4868,0.0002816584
4870,0.0006168034
4872,0.0017509575
4873,0.0005999635
4877,0.00018080401
4878,0.99959975
4883,2.136715e-05
4885,0.00077987986
4887,0.9981729
4888,0.0003285755
4892,0.11438271
4894,0.00048392126
4898,2.4109255e-05
4904,0.00042137437
4913,0.0002518729
4919,0.00030682408
4924,0.000715617
4925,1.47413575e-05
4931,0.0009588444
4933,0.000117331125
4943,0.0006251182
4947,0.00027230542
4951,0.9961591
4954,0.9991738
4955,6.0439736e-05
4964,0.99837095
4971,0.00092265604
4975,1.6212609e-05
4976,0.0008350421
4980,0.00014671318
4984,4.5088946e-05
4985,0.9946682
4987,8.401551e-05
4992,5.7578687e-05
4993,0.0010228022
4996,0.000113319176
4998,0.016498215
5007,0.000100488855
5015,0.00013631214
5016,0.9995134
5021,0.00019802139
5023,0.2185724
5024,0.99708456
5025,0.00042718792
5026,0.001029463
5031,0.002654434
5033,0.99989605
5034,2.5569878e-05
5039,0.99447566
5044,2.0964755e-05
5045,0.9938387
5047,2.0984899e-05
5049,0.00037626215
5050,7.1947443e-06
5058,0.9342968
5060,0.00016416494
5061,6.373274e-05
5062,0.9998629
5068,0.00015136445
5076,3.3033164e-05
5077,0.00023049882
5080,0.00027174287
5083,0.9998066
5090,9.998959e-06
5091,0.9996519
5095,0.99950814
5098,0.99901795
5103,0.00046490607
5105,0.99975985
5110,0.00018904712
5111,0.99994564
5114,0.20396625
5116,0.9986191
5117,0.9988071
5120,0.11820668
5122,0.00010081989
5123,0.99928445
5126,0.0002499705
5130,1.5674834e-05
5131,0.00061353215
5138,0.0003485215
5139,0.0005777403
5142,0.9985044
5147,0.00019085029
5150,0.9273452
5151,0.9983463
5154,0.0033588985
5157,0.99828607
5162,1.5735583e-05
5165,9.9368945e-06
5170,0.9944852
5171,0.0015302701
5177,0.00048923393
5182,0.00019543548
5187,0.99988496
5188,0.79325724
5191,0.9971343
5198,0.9993704
5201,0.0001463841
5204,0.005917343
5208,9.4916075e-05
5215,0.0014789377
5218,0.0018042781
5225,0.00036305477
5231,0.00010657694
5235,0.9961743
5240,0.99940944
5248,0.83354014
5249,0.00037502812
5250,0.00014337494
5252,6.6887155e-06
5256,0.00035559197
5261,9.988752e-06
5272,3.8949158e-05
5273,0.0011499571
5276,0.003908146
5284,0.0014686874
5290,2.5192146e-05
5297,0.00029851007
5305,1.655261e-05
5311,0.0004666514
5317,0.9975043
5319,1.9003422e-05
5327,0.00062376034
5328,1.0180428e-05
5329,0.00021737875
5331,0.000816723
5335,0.99995375
5336,0.9987406
5343,0.9046188
5345,0.09409361
5346,1.15290695e-05
5349,0.00027746402
5351,0.0009939645
5353,0.0009173235
5357,5.7146403e-06
5364,0.00018551986
5366,0.9992767
5369,6.5516906e-05
5370,0.00093394803
5377,9.856257e-06
5379,0.002621199
5383,5.851867e-05
5386,0.99879044
5387,8.929021e-06
5391,0.0024162577
5392,3.271669e-06
5396,0.00079407106
5400,0.00044031866
5402,0.00227735
5404,0.0017385689
5407,0.00025034495
5410,0.0003942568
5416,0.9985147
5423,1.7348213e-05
5433,7.3624683e-06
5439,0.00015690006
5440,5.6806955e-05
5446,0.9997949
5460,0.00047703445
5477,0.002226178
5478,0.0005682844
5484,0.17274329
5485,0.9994568
5491,0.9992482
5492,0.99865663
5498,9.040546e-06
5501,0.00028252334
5514,0.047568437
5515,0.9972752
5517,0.00020055218
5526,0.99790263
5528,0.9990019
5532,7.0597926e-05
5535,0.0010584627
5543,0.99381703
5557,0.007928248
5559,1.16742285e-05
5560,0.99922335
5561,0.00010816285
5562,0.00014589331
5563,9.007057e-05
5564,0.0038327002
5565,0.03573398
5568,0.00077528425
5569,1.1713651e-05
5571,0.994852
5574,0.002031507
5578,0.99641955
5580,4.941115e-05
5582,1.6792135e-05
5590,0.9994537
5593,0.07264862
5599,0.9996049
5612,0.00037693046
5614,0.101130225
5618,0.99615735
5620,0.09083176
5630,0.00033256496
5632,0.00032389627
5658,0.996394
5659,0.09213109
5662,0.9999229
5665,4.0548653e-05
5677,0.99504673
5681,0.00016427973
5682,2.5586953e-05
5684,0.0003323916
5686,0.99833053
5690,1.0497889e-05
5693,0.00019452842
5695,0.9997527
5700,0.001351133
5702,0.007168077
5705,0.9990858
5711,3.908381e-05
5715,0.0024052637
5717,0.052505467
5719,0.061249185
5724,0.000101770755
5727,0.00036561268
5733,8.078083e-06
5735,0.00037247362
5742,0.99865544
5751,0.99968565
5759,0.00018087661
5763,0.99661833
5764,0.0007011042
5765,0.00036757308
5766,0.00026884914
5767,0.0014576981
5768,0.00077605044
5778,0.006796566
5786,2.2646052e-05
5790,0.081511885
5794,0.00030672783
5798,0.00031793042
5803,0.00036824247
5804,2.3951977e-06
5812,0.0011885818
5835,2.4892912e-05
5836,0.00021828327
5837,0.00033688213
5838,0.00125711
5849,0.00012492003
5852,1.967668e-05
5860,5.6706285e-06
5861,0.9989452
5862,3.3096123e-06
5864,0.0013859061
5865,0.00031589885
5867,0.99994516
5872,6.322076e-05
5881,0.00023880956
5883,0.00014376975
5885,0.000898297
5899,0.0012248118
5905,0.0019347499
5916,9.969826e-05
5918,1.3039756e-05
5921,1.1292459e-05
5922,0.9992223
5925,0.99741983
5929,7.6169636e-05
5930,0.99838686
5931,0.00021196234
5935,0.99988675
5936,0.00057567575
5940,0.9985038
5943,0.00015349462
5956,0.9992435
5974,0.00088463124
5977,1.3718643e-05
5985,0.9983552
5989,9.859711e-05
6001,0.00030453198
6003,0.0021759847
6006,0.00020981366
6007,0.9974286
6009,2.4396231e-05
6013,0.9972644
6014,0.0015751552
6015,0.0009992312
6020,2.9241323e-06
6021,0.00026430815
6022,0.99995875
6023,0.00040750048
6024,0.00028863864
6026,0.0004906188
6030,1.2350983e-05
6033,0.9916027
6036,0.99597317
6044,8.651525e-06
6050,0.0004920381
6051,0.999899
6055,9.486097e-06
6075,0.001124051
6077,0.0027323554
6078,0.0009957042
6081,0.0009369762
6082,0.999403
6089,0.00020131604
6092,0.12725843
6102,0.0009925152
6103,0.0011557196
6107,0.0005049406
6110,0.0002657738
6113,0.9938757
6123,7.959115e-05
6124,0.00013094762
6127,0.9095465
6133,0.9979594
6134,0.0006539081
6136,0.9996536
6137,0.138787
6140,2.991867e-05
6143,3.0184533e-06
6144,0.0033370417
6146,0.0005580154
6149,0.000361152
6160,0.99983597
6163,0.00036097542
6168,0.053596146
6169,0.0001796492
6170,0.00057862396
6175,0.00013622027
6185,0.00012894599
6191,0.00014453675
6192,0.08392686
6196,0.0003563608
6203,0.1082095
6208,0.00043497657
6211,0.0013582011
6212,0.0003744533
6219,8.210303e-05
6230,7.999153e-05
6233,8.471066e-05
6238,0.00015742696
6240,0.0007365057
6242,0.00021004505
6243,0.00025448957
6246,0.99811316
6248,0.0003293206
6253,0.9968424
6254,0.9975452
6255,0.00024739557
6256,2.827123e-05
6259,0.99930906
6260,0.00041843514
6262,0.00019620173
6271,0.0013515545
6273,0.000109486034
6274,0.00031951262
6280,1.0848749e-05
6282,0.89577943
6285,0.00041246493
6291,0.9994217
6294,0.0005755841
6295,0.0011837059
6296,0.9963862
6300,0.9978933
6302,0.00015381315
6306,0.0047246073
6317,9.768631e-06
6318,2.472227e-05
6321,0.9773226
6323,0.00013706104
6331,0.99537694
6337,1.0151219e-05
6341,1.3755363e-05
6343,0.0005265767
6347,0.99743855
6349,5.890567e-06
6350,0.00032423952
6351,0.9965239
6353,1.7231128e-05
6369,0.00013209198
6370,3.153477e-06
6371,1.5124272e-05
6377,0.9986576
6382,4.660921e-06
6383,6.201175e-05
6387,2.0983478e-05
6388,0.0003321318
6390,0.0017149763
6392,0.07994092
6398,0.00067072787
6402,0.0024689776
6407,0.0005755918
6410,0.9993228
6411,0.00034606204
6412,1.000164e-05
6414,0.0002826993
6416,0.00021085049
6422,1.4557647e-05
6423,0.00012719019
6424,2.6569833e-05
6431,0.000110743094
6434,0.99908876
6436,0.00014801437
6442,7.4853364e-05
6444,0.0004223921
6447,0.00019470356
6459,0.00015399129
6464,0.002575064
6470,0.00031541975
6473,0.09476847
6477,0.9999622
6479,0.00090468937
6481,0.006872071
6483,0.0007212922
6486,0.9998374
6487,0.00022719085
6496,0.9992963
6500,0.0015109738
6508,4.223734e-05
6509,0.00015385583
6515,0.11096085
6516,0.00037274428
6519,9.4467905e-06
6523,0.99822634
6524,0.0006020035
6527,0.999268
6529,0.0010296263
6534,9.76855e-05
6536,0.99996054
6537,8.201171e-05
6538,0.9945938
6544,0.99838555
6553,0.00023095793
6554,0.0042562317
6557,0.999466
6558,0.9989598
6560,0.0034256442
6562,0.0007456992
6568,0.00020015254
6570,6.332399e-05
6571,0.0023654825
6579,0.00022809005
6581,0.9997491
6582,0.0037072175
6583,0.99781454
6590,0.99896526
6592,0.00027759606
6597,0.99895763
6599,9.393776e-05
6604,0.00032945976
6607,0.10212499
6608,8.738733e-06
6609,0.0003233289
6610,1.6631964e-05
6611,0.00050660886
6612,0.00024033815
6616,9.388071e-05
6618,0.00058905804
6625,1.06994685e-05
6627,0.0005201034
6632,1.15312905e-05
6635,0.0060532284
6636,1.5742486e-05
6640,0.00070036796
6642,0.9777609
6647,0.00017322853
6651,0.9987727
6653,0.00015402991
6661,0.0006123287
6666,0.00043821993
6669,0.7604404
6676,0.9988381
6679,8.871177e-06
6684,0.9986299
6687,0.0002399402
6689,0.99995375
6696,0.0001575752
6698,0.01362452
6700,6.744287e-05
6701,0.0008197766
6706,0.00056007755
6724,0.9986891
6729,0.00028719506
6734,5.376965e-05
6738,0.0001154896
6743,0.99773574
6745,0.99894685
6746,0.99940526
6755,0.00014549197
6761,0.9986712
6762,0.00057025184
6763,0.044842288
6765,9.624074e-06
6769,0.99929047
6777,0.99293995
6782,0.15103582
6783,0.00011599177
6784,0.99316365
6788,0.0003580333
6789,0.00019215622
6794,0.00021933056
6796,0.99892277
6798,3.7590067e-05
6802,0.9995435
6804,2.0668254e-05
6806,0.0028412328
6813,0.00040326448
6814,9.559768e-06
6816,0.0003838348
6824,0.00023270879
6828,0.98851424
6830,0.9933832
6843,0.00011037853
6847,0.9983273
6851,1.1417684e-05
6852,0.000578688
6853,0.0011042278
6857,0.0004646593
6860,0.0002629574
6862,0.9978079
6864,0.99848926
6865,0.0003637714
6876,0.99900717
6878,0.00013414268
6882,0.008648682
6884,0.00015881329
6890,0.99868757
6902,0.00022946711
6908,0.0012251345
6909,0.998638
6916,0.00011671083
6919,0.00044895092
6933,0.99842346
6938,5.608734e-06
6945,0.99926597
6952,0.00015020333
6955,0.9100314
6960,0.9994986
6963,1.1643129e-05
6966,0.00036951652
6969,0.002913656
6971,0.052357856
6972,0.0014125697
6976,0.00016935277
6977,0.8894966
6987,0.9997092
6988,0.00029767197
6990,0.0023707817
6993,0.00020207973
6994,0.00066118024
6997,0.91564876
6999,0.0012165462
7000,0.0010321346
7009,0.9984597
7018,0.0821786
7020,0.8922035
7022,1.20986815e-05
7027,0.00062882865
7029,0.0007992237
7030,0.0002629842
7032,0.00017264529
7037,0.99136823
7040,0.00033633324
7042,4.323262e-05
7052,0.00043160535
7053,0.00024033012
7054,1.6047128e-05
7055,0.00028421212
7061,0.00041738877
7070,0.00028748927
7078,0.99753153
7081,0.9954639
7082,0.08278692
7090,0.00082848367
7091,0.99994695
7094,0.00046104912
7095,0.9991743
7097,0.9997223
7098,0.08495329
7100,0.0027400975
7106,0.00034076543
7107,0.0015153707
7109,0.9982496
7111,0.0002577291
7120,0.00025526257
7124,0.0019225002
7126,0.00013584371
7133,0.013915407
7136,0.0009367485
7139,0.99700373
7144,0.000302415
7147,0.99971944
7150,0.9964271
7154,0.00035311378
7162,0.60221225
7163,0.998563
7166,0.00077668484
7170,0.00013968082
7174,0.999721
7179,0.97886103
7180,1.6498554e-05
7194,1.4132276e-05
7196,0.00051078515
7198,0.9981395
7203,0.00044410254
7210,0.9984888
7220,0.99962354
7223,0.004516796
7224,0.9998418
7230,0.0003015622
7238,0.0006664313
7252,0.032514106
7253,0.000404629
7254,2.1902048e-05
7259,0.00041995905
7264,0.00063032424
7269,0.0003587298
7279,0.00022618622
7280,0.9969132
7282,0.9966478
7283,0.0003834866
7284,0.9996768
7285,0.0013394386
7287,0.0007067429
7291,0.0005503406
7295,0.9997309
7300,0.00034271498
7303,0.00047313623
7306,0.0002609394
7310,0.0025540201
7323,0.99901485
7325,4.5646964e-05
7331,0.000666204
7332,6.6894177e-06
7343,0.0006532335
7344,0.00013686724
7348,4.879311e-05
7349,0.00042941637
7353,0.9991831
7358,0.00046009404
7361,0.00042737692
7363,1.858302e-05
7364,0.0006820003
7366,0.00079780497
7377,0.105306774
7382,0.00072924857
7389,0.000117238196
7395,1.2061436e-05
7396,0.0011753814
7402,0.99759585
7408,0.00041624205
7409,0.0002668702
7415,1.8076902e-05
7421,0.9966487
7424,0.00016669743
7426,0.9737761
7429,0.00013435006
7430,1.4377567e-05
7431,7.6356395e-05
7442,0.89087695
7444,0.00045947035
7448,0.00012066829
7451,0.00023808976
7452,0.9992237
7462,0.000378778
7466,0.00012170901
7468,0.0006156461
7471,0.0005331496
7472,0.0009941232
7478,4.4820185e-06
7481,0.00021315341
7483,0.00065945025
7485,0.005378243
7487,2.8103148e-05
7488,0.0006941066
7492,8.58887e-05
7493,0.060390543
7494,0.00046312905
7496,0.00040352155
7498,0.9960108
7499,0.01651938
7503,0.0001875206
7505,0.0011466247
7506,0.00062453514
7509,4.814716e-05
7510,0.999212
7511,0.00079497957
7512,0.00013347523
7513,0.00031320204
7514,0.99788046
7516,0.0005195019
7523,0.00076401746
7524,1.2998907e-05
7527,0.0017933967
7529,0.00031987196
7532,0.0007128637
7535,9.022795e-06
7539,0.9126216
7545,3.7410937e-05
7546,0.9949798
7547,0.9991364
7552,0.9986877
7557,0.99705267
7558,0.028466903
7565,0.00016614427
7566,2.2069844e-05
7567,0.00021521086
7569,0.9992686
7575,8.920614e-05
7576,0.005582789
7583,0.00016364091
7587,0.99927443
7588,0.0017749438
7590,0.091058984
7594,1.6817488e-05
7597,0.00011979124
7602,0.00037952585
7603,0.00029693442
7609,0.0005928227
7612,0.0027496312
7615,0.9997893
7618,0.99892235
7627,0.9992847
7633,0.0006321104
7635,0.9968726
7636,0.00024581133
7637,0.9998227
7638,0.0006314477
7640,0.0053726854
7645,1.024209e-05
7646,0.00017804299
7649,0.55913186
7654,1.9186395e-05
7658,0.0010683556
7670,0.0007817638
7673,0.00016720923
7680,1.3632254e-05
7689,0.00030351695
7692,0.009095251
7695,0.00010626539
7696,1.0921977e-05
7700,0.99501544
7702,0.0006055924
7704,0.000302771
7705,0.0007658639
7707,0.09615067
7713,0.07876109
7728,0.00043170393
7729,0.99773383
7730,0.00090763014
7731,0.00042204675
7733,5.7737147e-06
7736,0.00040815672
7742,0.00022492105
7743,6.019281e-05
7749,0.00018087488
7750,0.9961159
7752,0.0009925796
7753,7.5752187e-06
7754,7.856647e-06
7756,0.99200916
7757,0.00081496243
7760,0.0002446024
7762,0.0007921926
7765,6.530539e-05
7770,1.816521e-05
7772,0.99900466
7775,0.0010880537
7779,0.11649453
7780,0.00045113236
7786,3.2320764e-05
7788,0.00021750086
7795,0.00013869404
7799,0.0014307159
7803,0.0005121368
7811,1.3156434e-05
7813,0.000113501505
7816,0.00025406943
7822,0.00043483233
7823,1.0346891e-05
7830,0.99913955
7831,0.9963496
7833,0.9981274
7835,0.99928135
7849,0.00027873748
7861,6.2680425e-05
7869,0.9983077
7871,0.9989963
7876,0.9996991
7877,0.00029342374
7884,0.00027411053
7885,0.99859387
7889,0.0008106356
7890,0.00026733443
7892,0.00031281618
7897,8.795344e-06
7902,0.9969964
7908,1.2903864e-05
7909,0.00059796334
7910,0.0007736333
7916,0.9956039
7926,0.99966204
7927,1.03031625e-05
7931,0.9980533
7933,0.00019548989
7935,0.0002038557
7940,0.9999155
7944,0.0037623686
7945,0.0006430476
7950,0.9999287
7955,0.00035583493
7957,0.0005243931
7958,0.00018911509
7959,6.136954e-06
7966,1.6016718e-05
7968,0.0019847325
7973,0.99721813
7979,0.9986797
7987,0.00022226732
7989,0.00020316201
7993,0.00044758007
7994,0.99937123
8003,8.2389844e-05
8009,0.0016362502
8015,0.99360776
8016,0.99994445
8017,0.0008820876
8022,0.00075787125
8025,0.999701
8028,1.0943559e-05
8035,0.00034113272
8036,0.0007173113
8038,0.9999497
8039,0.99455357
8041,0.00022331649
8048,0.9990815
8051,0.9987399
8056,0.00016127845
8057,0.9302756
8059,1.92492e-05
8063,0.0007557974
8068,9.108633e-05
8070,0.00039085752
8076,0.00053565926
8077,0.9990067
8081,0.00072460924
8083,0.99836236
8084,0.0004010748
8087,0.0021550334
8088,0.99948823
8090,0.9995627
8093,9.7453456e-05
8096,9.875444e-05
8100,1.9041136e-05
8103,0.0001553496
8108,0.17113411
8118,0.9139015
8126,0.00041656476
8132,0.00095075124
8134,8.790465e-06
8138,1.3909968e-05
8141,2.484356e-05
8144,0.99971217
8146,0.00026326717
8147,0.0001227325
8151,0.00052182854
8152,0.99913895
8160,0.00018661736
8164,9.125853e-06
8169,0.88047624
8170,0.00063767814
8179,0.99887747
8183,0.00019163585
8184,0.9998615
8196,0.99661785
8201,1.1838882e-05
8202,0.9991405
8203,0.000115303425
8209,0.9211302
8210,7.903465e-06
8212,0.99960107
8217,0.0004885263
8224,0.89426565
8225,3.4467234e-06
8233,0.0836368
8234,0.99919766
8236,1.1823435e-05
8239,0.99897003
8240,0.025264556
8241,0.0008732445
8245,0.00042408702
8247,0.99605894
8248,0.00017638755
8249,0.0011893417
8252,1.065619e-05
8259,0.00019850666
8262,0.9950482
8263,0.00011079612
8264,0.00013812627
8279,6.5172935e-06
8283,0.99979144
8287,1.9181325e-05
8288,0.00323694
8290,0.0004018379
8301,0.00034098965
8310,0.00038804428
8316,0.0015914729
8317,1.22391e-05
8320,0.99842656
8328,0.00010670497
8333,0.00023665986
8337,0.0026450772
8349,0.0002842991
8351,0.00041339922
8361,0.9980452
8370,0.8956943
8372,0.0038999764
8374,0.00023491443
8383,0.0002763797
8388,1.3001945e-05
8393,0.0009541766
8398,0.00011029447
8399,0.00053513795
8408,0.001363637
8413,0.9936243
8420,0.999271
8423,0.0032556574
8424,1.4174849e-05
8426,0.0018345542
8428,2.123667e-05
8432,0.00030599997
8434,0.0014149966
8435,0.0006566018
8442,0.9998554
8446,0.0014262261
8449,0.11709166
8454,0.0001400397
8456,0.0007626107
8463,0.9992489
8475,0.007107309
8479,0.0009772498
8489,0.9997379
8490,0.056890797
8496,0.9999249
8499,0.096249856
8501,0.99911183
8508,7.5600714e-05
8509,0.000112337744
8515,0.00019538349
8519,0.99847096
8522,0.0010537152
8525,0.00046587738
8527,0.0003880585
8528,0.0009290755
8530,0.00010073013
8534,0.0005209928
8536,0.00010642267
8537,0.9996138
8539,0.046158332
8551,0.00021875308
8556,0.0012792953
8559,5.076933e-05
8560,2.170957e-05
8565,0.0010545845
8568,1.3375754e-05
8569,0.9966049
8575,0.00011160327
8580,0.00040712947
8594,0.99981207
8601,0.0016932606
8611,0.00015773994
8613,0.00039870787
8625,9.37627e-06
8628,0.00027342772
8631,3.1134943e-05
8639,2.928522e-05
8642,0.9998404
8644,2.649024e-05
8648,9.3518574e-05
8649,0.9993875
8655,0.00041146134
8657,0.001352454
8658,0.9984926
8659,1.7918466e-05
8662,1.0155537e-05
8663,0.9995055
8664,0.0001462535
8665,0.0012129106
8666,7.3679325e-06
8668,7.02891e-06
8679,0.00016670761
8693,0.99907136
8709,0.0012351796
8711,3.9910894e-05
8718,0.99951315
8720,0.008339528
8722,0.999731
8726,1.6590333e-05
8734,0.00010658019
8739,0.0004972218
8746,0.0013147853
8748,2.4333145e-05
8749,0.99745816
8755,0.0006360366
8757,0.00035819752
8763,0.0015047366
8764,0.00066303223
8766,0.9999348
8773,1.0877913e-05
8777,9.80691e-06
8779,0.0001493218
8783,0.00022137059
8787,8.6088585e-06
8789,0.06919358
8791,1.7272376e-05
8794,0.00025919432
8800,0.00047821473
8803,9.965901e-05
8805,0.99846435
8816,0.000989741
8817,3.4376637e-05
8818,1.6775904e-05
8819,0.9942001
8821,0.00018888045
8845,0.0049641384
8849,0.00023044871
8851,0.9969874
8852,0.00042434322
8857,1.210466e-05
8867,0.99860966
8870,5.6150362e-05
8871,0.00055439427
8876,0.8571645
8883,0.0006288041
8885,4.6872796e-05
8889,0.00025139019
8891,0.0007618909
8892,0.0003335868
8893,0.99946326
8894,0.007104113
8906,2.8491924e-05
8907,0.9998375
8919,0.00044789785
8923,0.00061003363
8928,0.99888426
8931,0.99843365
8938,1.9726696e-05
8943,5.4198563e-06
8955,9.59754e-06
8957,0.99836487
8964,0.0009310929
8965,1.7059512e-05
8970,0.0020492938
8975,0.0003317195
8980,0.9984459
8983,0.00062838505
8989,0.0010847864
8992,3.452744e-05
8993,0.11892562
8996,0.9994331
8998,0.00061652716
8999,0.0001566758
9004,0.00020818299
9007,0.9987293
9011,0.0043975273
9018,0.99719584
9020,0.0008227998
9021,3.9143356e-06
9027,9.121993e-05
9035,0.0001384236
9042,0.9992067
9044,0.9932162
9052,0.99929523
9056,9.709644e-06
9058,0.0018338322
9059,4.6573114e-05
9060,0.06971909
9061,0.0006897542
9065,0.851954
9068,1.2323815e-05
9070,0.0001222655
9071,0.00078540656
9077,7.3435417e-06
9081,0.00068589323
9083,2.2614675e-05
9084,0.00017605972
9085,0.00014243877
9088,0.00025905546
9091,0.06575146
9093,0.008040407
9096,0.00033088945
9098,2.888322e-05
9103,9.351329e-06
9109,0.0027364136
9113,0.00018971489
9126,0.00011811525
9129,0.000100900776
9130,0.06221863
9134,2.1280988e-05
9137,0.0003087646
9139,0.9995503
9141,0.9996785
9142,0.00023659668
9147,0.99942756
9148,1.12334155e-05
9151,0.99843925
9153,4.630373e-05
9154,0.0014847626
9158,1.9494124e-05
9160,7.4339673e-06
9164,0.9925494
9170,3.993332e-06
9175,0.067975394
9176,0.016592572
9177,0.00019094748
9178,0.00010484228
9185,0.9985461
9186,0.0031120942
9187,1.3984601e-05
9189,0.00044177816
9190,0.09708379
9195,0.99929893
9199,1.2687442e-05
9205,0.00029345733
9209,0.00034174143
9213,0.99898356
9218,0.99537164
9221,0.0019090171
9223,0.99941885
9229,0.99968684
9234,0.00011074448
9235,0.00039390326
9237,0.0015866441
9243,0.00020096144
9244,0.9990055
9250,0.916908
9252,0.0005191321
9253,0.00014088093
9255,0.0005685843
9261,0.99943143
9262,0.99687284
9270,0.9982988
9271,0.9972638
9273,0.07545622
9275,1.0776722e-05
9281,0.0035824073
9283,0.0003113333
9290,0.00022585457
9291,8.584915e-05
9292,0.99910116
9295,0.00016147387
9304,0.0011901475
9308,0.10508866
9313,0.9990007
9317,7.753885e-05
9321,0.00044213585
9330,0.009308518
9332,6.542919e-05
9335,0.00010143059
9344,0.99864715
9346,0.000477891
9349,0.09070268
9351,0.00082395156
9352,0.9999758
9354,0.0028523363
9359,0.00019666454
9371,0.0030270407
9372,0.0004539404
9380,2.1419972e-05
9381,6.1773775e-05
9382,0.9988477
9384,9.400283e-06
9385,8.390579e-06
9388,0.9988174
9395,0.000108811786
9404,0.9939569
9405,0.00024296493
9415,0.00016116562
9416,0.0002497685
9422,0.00013774064
9425,4.6964333e-06
9426,0.00059482426
9430,0.00041320364
9433,4.1111987e-05
9434,0.9985293
9436,0.0001233073
9437,0.00025005464
9445,6.88879e-05
9447,0.0011478065
9452,8.662379e-05
9454,0.999315
9455,0.000282963
9456,1.0850757e-05
9464,0.00073559984
9467,4.0239383e-06
9469,0.000269898
9478,0.9989398
9481,0.014744253
9483,0.00026597833
9485,0.00023208771
9488,0.00025971132
9502,0.0031981939
9513,0.98335177
9518,0.9989998
9521,0.00076287345
9528,0.9985512
9540,9.474823e-05
9542,0.99188083
9547,0.00015353398
9554,0.9992489
9558,0.9968822
9559,0.0010563134
9560,0.00019813432
9561,0.99910396
9562,0.00014983912
9563,0.0002230524
9566,0.007987027
9571,5.262301e-05
9573,0.99882156
9574,0.00051101745
9584,0.00015502583
9588,9.864936e-06
9589,0.99948955
9599,0.000526065
9605,0.9985753
9610,1.0775674e-05
9612,0.0004226134
9613,0.00014308513
9615,0.00045663334
9617,6.615823e-06
9626,0.99650097
9634,0.9984366
9635,0.00015936334
9636,0.00069698907
9639,0.000324563
9640,1.9992427e-05
9642,0.9944271
9643,0.0005422516
9644,0.00012471175
9652,8.421547e-05
9655,0.9098563
9662,0.9583092
9663,0.0005332667
9664,0.00032371134
9670,0.00011900145
9673,0.00024982754
9674,0.0015227275
9675,0.99994993
9677,0.000913076
9685,1.4575636e-05
9690,9.2993305e-06
9692,0.0001334447
9693,9.876778e-06
9697,0.00036462568
9704,0.07141338
9705,0.002745407
9706,0.001140809
9710,0.0022247382
9717,0.00026738923
9719,0.0010431022
9720,0.99637765
9724,4.2723183e-05
9729,0.0003854364
9739,0.9976083
9740,0.99983597
9741,0.07032629
9747,2.3219185e-05
9751,3.7115813e-05
9752,0.0010869255
9756,0.09747663
9757,0.0009802165
9758,1.3324725e-05
9760,0.999889
9762,0.9991066
9775,0.99774784
9776,0.99903417
9778,0.0028616374
9779,0.00018927961
9784,0.0003898699
9788,0.99922097
9794,0.9988921
9804,0.99737084
9805,0.9937318
9815,0.9992488
9819,0.00039303905
9832,0.00030333296
9834,0.0003111069
9839,0.99918085
9840,0.0003485074
9842,0.0012445422
9843,0.9974974
9844,0.00082917983
9846,0.00013437004
9850,2.6008003e-05
9851,0.0068797525
9852,0.9954673
9862,0.19535133
9863,0.00017683263
9864,7.743042e-06
9866,3.0390995e-05
9867,0.0003992816
9868,7.2061634e-06
9869,0.00060789514
9875,1.1557152e-05
9876,0.00035839275
9879,0.99989605
9882,0.0021389714
9884,0.000109127366
9898,0.00043990833
9900,0.00042595604
9904,2.1107167e-05
9907,0.99862456
9910,0.99357563
9911,9.467841e-05
9912,0.99861133
9913,1.4607668e-05
9921,1.4340307e-05
9924,0.00087677996
9930,1.0454688e-05
9934,0.0004002826
9935,0.9999597
9936,0.9016408
9940,0.00034765174
9942,0.00023143053
9943,0.9938332
9945,0.0001385369
9956,0.0014987241
9961,0.0001630909
9962,1.0184157e-05
9972,0.9997249
9973,0.00045369298
9975,0.0002040198
9983,0.00041713717
9987,0.00083468494
9993,0.00014116359
9998,0.03364766
10008,0.00020062849
10018,0.99940264
10024,0.0025142448
10034,1.0093241e-05
10038,0.007439734
10039,1.9569768e-05
10041,0.99795026
10043,0.9998209
10044,0.08063445
10047,0.99864227
10052,0.99659973
10054,0.00017420614
10055,0.99978584
10056,0.00042151663
10057,0.9989323
10062,0.0001445766
10071,0.99849284
10075,5.87058e-06
10078,0.8835235
10082,0.09402228
10087,0.99928147
10093,0.00064360496
10094,1.0858666e-05
10095,0.00033245084
10099,0.00089961395
10105,0.0015324953
10108,0.9967079
10109,0.0002450798
10115,0.9989604
10122,0.00052525353
10129,0.0002647109
10130,0.9919979
10132,0.00033045438
10147,0.007536641
10148,0.99995863
10153,0.00050291093
10155,0.00041900392
10178,0.9017703
10196,0.9953296
10200,0.0005137432
10203,0.997883
10208,1.0371906e-05
10217,9.217891e-05
10220,0.99948066
10222,1.121846e-05
10225,0.00075165223
10227,9.338633e-05
10235,0.0008380133
10246,5.9569815e-05
10247,0.0001873746
10248,8.834712e-06
10249,0.8319787
10250,0.0035165492
10251,0.06649528
10253,0.00061258615
10256,0.0005419615
10257,0.9939195
10263,0.99958366
10264,0.00044781627
10265,0.00045802834
10270,0.0011760539
10290,0.0009972878
10292,0.000470188
10310,0.00038083855
10320,0.0016255351
10325,0.00010915088
10329,0.00044715748
10331,1.8820238e-05
10335,4.971171e-06
10351,0.07383291
10353,0.99962115
10357,0.00020044073
10362,0.8155342
10372,0.00018761915
10382,0.99995303
10384,0.00018784506
10385,0.00022960431
10391,0.19188258
10397,6.416455e-06
10398,0.9991208
10407,0.9981791
10408,0.00030752487
10409,0.9987802
10414,0.0008402069
10422,0.0012247121
10423,0.7357189
10427,0.0015729698
10429,5.4985405e-05
10430,0.99965775
10433,0.99869764
10441,0.0011627283
10443,0.9962852
10446,0.9996526
10448,0.00024688308
10455,0.00033048433
10463,1.5314974e-05
10465,0.99816567
10473,0.011194466
10481,0.9949921
10483,9.844135e-05
10484,0.000265882
10485,8.67168e-06
10494,6.2362524e-05
10495,0.00038149807
10504,1.5098231e-05
10519,0.00045137623
10522,0.9982716
10524,0.00058847276
10528,0.00023079393
10529,0.06489015
10536,0.0002867808
10539,0.0002057573
10540,1.030158e-05
10541,9.299667e-06
10545,0.9994987
10547,0.00042188365
10549,0.00014095902
10551,0.00015427245
10552,0.0018992833
10553,0.99840707
10554,0.019071374
10557,0.00038884545
10564,0.011028685
10566,0.11942828
10567,0.114233844
10573,0.9997322
10581,0.016924502
10598,1.1123612e-05
10608,0.00033388683
10609,0.99974185
10612,0.8605985
10617,0.00064763275
10619,0.00021892064
10620,0.99930775
10621,0.00013846478
10623,0.0005916063
10627,8.829997e-05
10629,0.73671126
10630,2.2933586e-05
10641,0.00013393894
10649,0.0005547122
10650,6.2834397e-06
10655,0.00067746243
10662,0.00017719567
10663,0.00020899544
10667,0.00021961934
10668,9.511831e-05
10669,4.564544e-05
10680,2.1327209e-05
10684,0.00047121526
10691,0.0003054826
10693,1.2664075e-05
10694,0.0012139637
10695,0.00032689326
10708,0.001526117
10711,2.7043216e-05
10712,1.17290765e-05
10713,0.00038847604
10717,0.0011052291
10728,0.7402983
10732,0.80820954
10734,0.9954
10739,0.0012152329
10743,0.056211356
10746,0.00049583125
10747,8.132554e-06
10754,2.7730723e-05
10758,1.3489919e-05
10760,0.00055858697
10761,1.2682797e-05
10765,0.0007185719
10766,0.9984267
10769,1.6777009e-05
10772,0.895164
10773,0.9963414
10774,0.06515827
10777,0.10018836
10778,0.00027082054
10779,0.00050996715
10786,6.755055e-05
10789,0.00037399592
10794,0.0010820136
10795,1.6704656e-05
10800,0.00047029156
10809,0.001570126
10819,0.89126265
10825,0.99977285
10827,0.04415039
10831,0.9992607
10834,0.99874556
10835,0.00235157
10836,0.12867479
10837,0.00024046833
10842,0.0002093766
10847,0.001529083
10848,0.99950206
10849,0.9990972
10852,5.3083073e-05
10853,2.1217724e-05
10856,0.00026905633
10862,8.828345e-06
10866,0.00023342234
10871,0.11502425
10872,0.99958116
10884,0.003222904
10899,0.0005319024
10902,0.9997143
10903,0.00075881614
10905,9.800599e-06
10912,0.9995012
10913,0.00053337216
10915,9.844936e-06
10919,0.00028327585
10923,0.055659767
10929,0.0025469651
10931,9.928398e-06
10950,0.998381
10958,0.0006293503
10960,0.00062449026
10962,5.2653036e-06
10963,0.00013601454
10966,0.9987658
10972,0.0119883865
10979,0.0014032451
10980,0.10257748
10981,0.9990471
10992,0.00012578758
10993,1.7642338e-05
10996,3.2049407e-05
10998,0.00024122614
11001,0.00043782013
11010,0.9944608
11014,0.9987709
11023,0.00051615346
11030,0.0010462746
11034,1.0324733e-05
11036,6.6532404e-05
11037,0.00035386474
11044,0.998774
11048,0.08214011
11050,0.00023898836
11051,0.0003289554
11052,0.9999572
11056,0.00017914767
11065,0.9990619
11066,0.999585
11067,0.0004951854
11076,0.0038948855
11077,0.00077466166
11079,7.280121e-05
11085,0.00048698412
11088,0.00013294669
11098,1.1170856e-05
11099,0.0004183432
11103,0.0003059635
11105,1.0965581e-05
11111,0.0002964454
11114,0.9992317
11116,0.0005731464
11122,3.315173e-05
11132,0.9986106
11135,0.99948454
11137,0.00057793007
11155,0.0002265201
11159,0.00025933053
11161,0.00035044545
11167,0.00024927888
11171,8.362624e-05
11172,1.2926552e-05
11176,0.971695
11178,0.99715865
11180,0.0007387062
11183,0.9963921
11187,8.9034265e-06
11190,0.00026996082
11191,0.00027779725
11197,0.00055911083
11198,0.00084524584
11199,2.6768335e-05
11200,0.99544865
11206,0.9990946
11217,0.0005384591
11224,0.00060516427
11238,0.99712104
11243,0.000118257696
11258,0.00026546026
11261,0.0021892358
11266,0.0013572935
11273,3.6468242e-05
11274,0.0004221721
11279,0.0005826162
11281,0.00047884765
11298,1.9502473e-05
11301,0.00043144907
11303,0.001853841
11304,0.00039714706
11305,9.662662e-06
11312,0.99062306
11313,0.00022605107
11316,0.047911413
11319,6.2322947e-06
11324,0.06493792
11325,0.00015908323
11327,0.014397052
11328,0.0003137962
11329,0.0002800171
11339,2.1752156e-05
11341,0.0003925242
11350,0.9942081
11352,0.00049511105
11356,0.0004031094
11358,0.9994425
11359,7.793336e-06
11372,9.8544566e-05
11380,0.99933857
11388,7.167951e-05
11392,0.0001911721
11395,0.00036810714
11397,0.8340331
11399,0.00016688972
11404,0.99975175
11405,0.6111571
11406,0.0031827893
11409,0.9991454
11412,0.0009662465
11413,0.9997044
11422,0.99806744
11426,0.9995167
11427,0.9198606
11429,0.9997718
11431,2.1397716e-05
11433,0.9987758
11437,2.163436e-05
11444,0.0003288754
11448,0.00015400363
11450,0.9969217
11452,0.00040891988
11454,0.9977138
11459,0.005971515
11462,0.062169522
11464,7.434161e-05
11466,0.0006515274
11469,0.0002441511
11475,0.9992513
11483,0.00043856615
11487,0.9985782
11489,0.00016118544
11490,0.9976585
11495,1.6946608e-05
11497,0.00057525584
11499,7.855539e-06
11500,2.5674752e-05
11503,0.9990588
11505,2.7188906e-05
11506,0.8624131
11508,0.0023223946
11511,0.00012273461
11512,7.633619e-06
11516,7.151552e-05
11517,0.00037479863
11520,0.9989753
11525,0.00020197283
11536,0.0001216597
11543,3.1056265e-06
11547,0.00014335333
11549,0.00036633015
11554,0.00014075876
11559,0.00044376083
11560,0.00041503637
11564,0.0005828456
11580,0.0013948301
11583,0.00039765242
11584,0.046067275
11588,9.767802e-06
11591,2.5568903e-05
11597,1.2716333e-05
11598,0.0013462661
11603,0.00039397256
11609,0.0005940093
11621,0.00010955579
11622,1.2629522e-05
11623,0.9983536
11626,0.9959598
11634,0.0005198343
11637,0.00042936686
11650,1.1299957e-05
11652,0.0011090398
11653,3.1457337e-06
11654,0.9999261
11665,0.99437165
11667,0.00027458085
11669,2.9759802e-05
11671,0.00011784625
11677,1.5469777e-05
11680,0.9967704
11681,0.9998827
11684,0.00022424418
11685,1.0054131e-05
11693,0.0034408744
11694,0.0008766818
11695,0.99930286
11699,0.995619
11701,0.00049916544
11702,4.155331e-06
11704,0.99989784
11705,0.0001462786
11706,0.00036930206
11717,6.907993e-05
11719,0.99918455
11722,0.99349797
11723,0.0018741328
11724,0.0004334773
11732,0.00017756796
11739,0.00021158697
11744,1.657757e-05
11746,0.0007700502
11749,0.99956304
11751,3.9445436e-06
11757,0.99697936
11769,0.00050233764
11775,0.00055497186
11778,0.0002441206
11781,1.6147647e-05
11782,0.0004895836
11786,0.99973005
11789,0.0010307315
11790,0.00014985597
11796,0.00078538974
11798,0.00018875841
11799,0.99902594
11802,0.0005177305
11805,1.2330022e-05
11806,0.000362295
11809,0.99690056
11814,0.0002779761
11818,0.00072145
11821,0.00050992
11828,0.99562955
11829,0.9997981
11833,0.00019426632
11838,0.9992362
11841,0.012653601
11844,0.00019787964
11864,0.0019646005
11876,0.00020378166
11879,8.941488e-05
11884,0.99853754
11885,0.00058943656
11889,0.00010329648
11895,2.968415e-05
11904,0.00010404632
11915,2.4897803e-05
11921,0.01646609
11928,0.99946445
11929,0.00039259586
11933,0.00019281197
11939,0.00040369356
11951,1.2722143e-05
11952,0.0005371292
11969,6.640607e-05
11972,0.00065326464
11976,0.0009942728
11977,0.0001480035
11980,0.0014149939
11983,0.00013914668
11994,0.0063815173
12000,0.0002354636
12001,0.9968951
12002,0.00026509227
12005,0.00011511709
12009,9.403078e-05
12018,0.0011094988
12022,8.311917e-05
12031,0.9984664
12038,0.0005129957
12047,0.99840873
12050,0.0002293724
12051,0.00053787796
12058,5.3048814e-05
12060,0.00017718268
12064,7.846074e-06
12065,0.00019216721
12066,0.00019742714
12067,0.00040435794
12072,0.00062527397
12075,0.00024969585
12080,6.197994e-05
12093,0.00030854245
12094,0.999962
12095,0.0036160152
12102,0.998752
12110,0.0025931601
12112,0.00037855905
12115,0.930979
12122,0.9989643
12134,9.996308e-06
12135,1.22929205e-05
12140,0.99957854
12143,0.99919647
12160,0.0006528442
12162,0.00023478724
12163,0.0059585543
12164,4.4497676e-05
12171,0.000182621
12173,9.5306525e-05
12174,0.0054527284
12175,0.00047092207
12178,0.00027860093
12182,0.9992679
12183,0.0003452328
12195,0.001232239
12196,0.9988638
12198,0.0014729502
12199,0.99994755
12205,0.00015483022
12208,8.3151754e-05
12211,0.089562304
12212,0.000101746096
12215,1.5055844e-05
12216,0.00026788222
12220,0.996965
12221,0.00012282265
12222,0.99937963
12231,2.1067712e-05
12232,0.00022044191
12233,0.9329675
12235,1.6492842e-05
12241,0.00029271044
12246,0.0058314456
12248,0.99969554
12252,0.99919826
12253,1.383344e-05
12265,0.0016812794
12278,0.00069896603
12281,0.0015471228
12284,0.00028641056
12290,0.998334
12291,0.00033311773
12292,0.99959415
12294,0.0004371233
12297,0.117102966
12300,0.053908397
12301,0.00026791365
12306,0.9994497
12308,0.0015809234
12312,0.003803643
12317,0.0003376213
12320,0.1032311
12327,0.000408884
12331,0.99420774
12333,1.1173977e-05
12339,9.876213e-06
12344,2.6660318e-05
12351,0.13080955
12356,8.356104e-05
12360,0.05543339
12362,0.9999465
12367,9.216981e-06
12368,0.05460864
12370,0.0006244989
12374,0.9991536
12380,0.9994111
12384,0.9951283
12390,2.9705416e-05
12392,1.0035816e-05
12393,0.000111310896
12396,0.9999628
12398,0.0018357297
12407,2.4286503e-05
12408,0.00022348817
12413,0.00035400628
12414,0.9999465
12416,0.99226487
12417,0.00040757816
12422,5.732743e-05
12425,0.00030457525
12426,0.00039920476
12428,0.0023511606
12434,0.00016447721
12436,0.00036385015
12439,1.4074321e-05
12443,0.9983034
12445,0.002600881
12452,0.99895465
12456,0.99455124
12457,7.6124347e-06
12466,0.99892455
12467,0.99714345
12480,0.00013302558
12484,0.00039724552
12486,0.00038828503
12496,0.0009342987
12498,0.00016969076
12504,0.00041595267
12506,0.99874806
12511,0.00040056658
12513,0.98412687
12520,0.9972103
12524,2.5667458e-05
12526,0.0005262686
12531,0.00012414827
12532,0.00046849818
12533,0.04578564
12534,4.8795414e-06
12535,0.00062391255
12537,0.0005582594
12540,0.073110305
12542,0.99725693
12548,0.8366015
12557,0.04713842
12570,4.3593547e-05
12572,0.9999442
12573,0.9973972
12575,0.010631505
12576,0.00046867708
12577,0.99759465
12579,0.00061663
12582,0.995297
12597,0.0002828829
12598,0.00012983433
12606,0.00076681876
12611,0.00039148456
12625,0.0007853022
12629,0.0004508744
12631,6.658066e-06
12637,0.0006500528
12639,0.0007171049
12641,0.0033967511
12644,0.007954142
12645,4.807999e-05
12649,1.2693747e-05
12652,0.00042557088
12653,0.0008561123
12664,0.053319447
12665,0.9995407
12672,0.997024
12679,0.0004279756
12686,0.00071039743
12692,0.052790705
12698,3.3587694e-05
12699,0.0007036599
12700,0.00073359313
12702,0.12187376
12703,0.00080463896
12704,0.00020641145
12707,0.00047448414
12716,0.00016505222
12718,4.033655e-06
12720,0.00014582754
12722,0.101022564
12723,0.00010039633
12725,0.019726811
12727,0.99231917
12730,0.0002916744
12731,0.0019499683
12738,0.00087641994
12741,0.00027493943
12746,0.9972875
12750,3.0410363e-05
12758,0.00053667446
12761,0.00029414584
12764,1.3647226e-05
12767,0.00050296943
12773,0.07902614
12776,0.9954157
12779,0.00524969
12788,0.00038062423
12796,0.0012154747
12802,0.001544391
12810,0.00014076693
12813,0.999559
12817,0.9991547
12828,0.0002670606
12829,0.999838
12843,0.00022496523
12844,0.0012646863
12845,0.00021542377
12849,1.6294653e-05
12851,0.00020598285
12854,0.995615
12861,1.1009129e-05
12862,7.289903e-05
12864,0.0003601307
12869,9.104516e-05
12872,0.99937576
12880,0.071361035
12882,0.001013599
12883,0.000120845376
12889,0.00039743638
12894,5.946873e-05
12897,0.993244
12907,0.00019722997
12909,0.99299
12913,0.0012143372
12914,1.1643796e-05
12916,0.0001289546
12923,0.08595749
12925,0.000103893435
12933,0.0003965132
12939,8.600858e-06
12940,0.00024071745
12954,0.00010046672
12955,0.00032720726
12959,0.9999074
12969,0.00023873513
12975,0.00067043136
12981,0.9975783
12985,0.0007235025
12986,0.99688786
12989,0.0014041414
12992,0.0015661774
13003,3.7949892e-05
13010,6.0305305e-05
13012,0.0007857191
13016,0.9518925
13021,0.00038212506
13022,0.009299669
13023,0.00019538162
13026,2.2743707e-05
13029,0.050151553
13031,8.828423e-05
13037,0.00010832305
13044,2.7039065e-05
13047,0.00016745448
13053,0.107292935
13059,2.7604628e-05
13061,0.9941146
13066,0.00064540835
13067,9.0463865e-05
13084,0.0008987555
13085,0.0002755898
13089,0.0001782249
13093,0.000223086
13099,0.007082204
13100,0.00087699934
13105,0.014712569
13106,0.00066044147
13107,0.00022271536
13111,0.00030114103
13117,0.0005533699
13118,0.0001335594
13120,0.0006316903
13123,0.9987161
13127,0.99857855
13146,3.729921e-06
13150,0.00028268015
13153,0.0004282462
13154,0.9981229
13157,4.183535e-05
13158,1.5476271e-05
13164,0.9992168
13169,0.00010283465
13170,0.00037018023
13174,1.1953739e-05
13178,0.9986572
13182,0.99886036
13183,1.29432165e-05
13187,0.00075351907
13190,0.040807735
13192,0.0017071569
13197,0.9981489
13202,1.1064028e-05
13204,1.7616967e-05
13207,0.00013539214
13208,0.9999528
13209,0.00040606028
13210,0.00020129397
13218,3.3438635e-05
13228,0.00041524868
13229,0.0001762591
13233,0.00027394202
13235,0.0007693241
13236,0.0015497768
13241,0.00068429
13245,0.00022903804
13248,8.2043e-05
13255,0.00073587464
13271,0.008080358
13272,4.2516833e-05
13274,0.00040835232
13281,0.0001717819
13288,0.0005048311
13291,0.00023655585
13299,0.9941696
13302,0.00045335788
13303,0.00021097033
13305,0.00047420562
13307,0.044770196
13309,5.2900264e-06
13311,0.001063447
13320,0.00038456733
13332,6.366288e-05
13333,0.9996445
13338,0.001059525
13339,0.00010936301
13340,0.00086148485
13346,0.0003497979
13348,0.9973992
13357,0.0001361865
13362,0.9992914
13364,0.06657839
13371,0.0006590277
13375,0.99995136
13382,0.9973024
13383,0.091937296
13387,0.00021392915
13391,0.9959121
13396,0.00024527803
13406,0.0006159877
13413,0.9991566
13419,0.000502615
13423,0.001101151
13427,0.99897385
13431,1.6824915e-05
13444,2.7041282e-05
13450,0.00057871884
13451,0.998798
13456,0.9999417
13458,0.0007441828
13460,0.9981546
13464,0.053150494
13465,2.4496805e-05
13467,0.9982621
13468,9.7061065e-06
13471,0.9947826
13479,0.00043083524
13481,0.1160595
13483,0.00042541328
13488,0.00022624424
13494,0.9931116
13499,0.99396825
13500,0.00010544515
13504,0.00013236028
13515,8.94949e-05
13517,0.0006234421
13523,0.001824501
13526,0.21070412
13528,0.99972326
13531,0.9988952
13532,0.00011526889
13535,0.00011605306
13542,0.00036342564
13561,2.2788128e-05
13563,0.001775127
13568,0.00036619627
13574,0.00013703309
13575,0.00035372627
13576,0.00038049632
13584,0.0006283204
13587,0.00069153623
13592,0.9996743
13600,0.0001449099
13603,0.9937338
13604,0.8758445
13606,9.570762e-05
13607,0.00010978681
13612,9.9576835e-05
13615,0.0006858805
13622,0.00016902754
13624,0.997095
13625,0.00013416659
13628,0.00018706647
13633,3.878918e-06
13641,2.172564e-05
13649,0.0007883812
13657,0.9990853
13661,0.00021040626
13666,0.000111075075
13667,0.00035681037
13668,0.00023302785
13672,0.0003748551
13675,0.04364326
13684,0.001100892
13686,0.0030243595
13690,0.00024834278
13695,8.5532585e-05
13698,0.0004056635
13699,0.08961856
13704,0.0008379466
13712,0.9982039
13714,0.0003598908
13715,0.9959561
13718,0.99667335
13721,2.7453334e-05
13725,0.0005632513
13729,0.00032387156
13738,0.0001436889
13740,0.00030339716
13751,0.9996923
13756,0.0011919264
13762,0.00023949132
13769,0.9951952
13777,0.10667169
13778,5.3469044e-05
13780,0.00040838032
13788,0.9994635
13789,0.0002577318
13790,1.7704091e-05
13791,7.3507867e-06
13798,0.00089587213
13802,0.0002403654
13805,0.0005275634
13819,1.8957391e-05
13821,0.06437976
13827,0.00015577502
13830,0.0001293085
13831,0.0001754631
13833,8.998905e-06
13839,0.00016908396
13840,0.00029810393
13846,0.0005593752
13854,3.4579996e-05
13857,0.00028264834
13859,0.0023197103
13860,0.00063720974
13862,0.0055839536
13863,0.00066034734
13866,0.00075947185
13870,0.9999721
13877,0.0011896035
13881,0.00031407486
13883,0.99996257
13886,0.0001700925
13888,0.00020722765
13895,5.664807e-05
13902,8.923053e-06
13903,0.8868593
13906,0.00029882073
13907,0.9973073
13908,0.060739268
13909,0.000106289306
13913,0.0086379405
13919,0.07857154
13926,0.00070093485
13927,0.99931145
13929,0.00010277898
13930,2.7540418e-05
13934,0.23742895
13939,0.00032996802
13942,0.9986897
13944,0.9999155
13956,0.00080277945
13959,0.0029624216
13969,0.00047166194
13973,0.997658
13975,0.8690849
13977,0.00011578589
13979,0.00079687237
13980,0.0032604733
13981,0.0006600061
13987,0.00076830725
13988,0.00021662768
13991,0.99937975
14001,0.00036384026
14002,0.99926716
14009,0.99840987
14011,0.999653
14021,0.0004437033
14025,0.0011369442
14026,0.0002100847
14029,0.00011691031
14033,5.1971715e-06
14035,1.6693699e-05
14037,0.00024692286
14040,0.014143335
14055,0.00013173964
14064,0.00032466822
14068,0.00018779455
14070,0.00016356137
14075,4.5012816e-06
14077,0.00040691314
14079,0.99502665
14081,1.3270335e-05
14084,0.0002005149
14087,0.9991283
14089,0.023199432
14090,3.5091085e-05
14096,0.0006771126
14100,0.0006147452
14106,0.9930108
14107,0.0011506387
14111,0.00039736932
14114,0.00041145625
14115,0.00015634882
14119,0.99685174
14122,0.0005693066
14124,0.00025238155
14125,0.99760854
14127,0.9991347
14131,0.00035134816
14133,0.00012427465
14134,0.00021280473
14137,1.8122144e-05
14143,0.00049197994
14145,0.0017254715
14150,0.00095232064
14152,0.00021763239
14153,0.9999335
14154,0.00018163238
14158,1.2038075e-05
14159,0.00073305256
14171,0.0004085538
14173,0.9986822
14174,0.99685174
14181,0.9962509
14186,0.99980515
14187,0.99648833
14196,0.00011059757
14197,0.99647576
14199,0.00087951944
14200,0.039871458
14202,0.0004257823
14207,0.9995192
14208,0.9995307
14210,0.00063914544
14212,0.0004008999
14213,0.059163198
14220,0.00027255501
14221,0.00014498676
14223,0.00063686096
14224,0.00034938863
14236,0.0010780832
14241,0.00017850603
14242,0.00014390773
14244,0.99973494
14245,0.9975376
14247,1.0694929e-05
14268,0.99726486
14272,0.00022986498
14276,0.9996959
14278,1.5546788e-05
14280,2.1415499e-05
14282,9.8907285e-06
14283,4.062924e-05
14284,0.00049237214
14285,0.99918526
14286,0.0003188222
14288,0.00014308281
14289,0.000314936
14295,5.1097573e-05
14296,0.0031127187
14297,2.5584757e-05
14301,0.00046110802
14302,0.05211
14305,0.00036952042
14306,0.00010316909
14307,0.0003217229
14309,0.06853188
14312,0.00035203632
14324,9.089823e-06
14325,0.9999007
14326,0.996496
14329,0.00013151811
14333,0.9974095
14335,0.0034017991
14340,8.085266e-06
14341,0.000624425
14346,0.00024899383
14347,0.06216859
14348,0.99912125
14358,0.9990466
14359,0.9973636
14361,0.00028309037
14362,1.07097785e-05
14363,0.9988624
14364,0.09187332
14368,1.4779251e-05
14373,8.8607594e-05
14374,0.08074329
14378,0.00024319181
14379,0.09155715
14380,0.9993268
14381,0.0002536565
14383,1.2635834e-05
14387,0.0009642054
14389,1.249047e-05
14392,8.933049e-06
14395,0.0011801729
14398,0.057030164
14401,0.00031609708
14406,0.000106404616
14412,6.4528813e-06
14413,2.2099666e-05
14415,0.00032672004
14416,0.99934155
14425,0.007281405
14428,5.437325e-05
14431,0.00072605704
14435,0.0047874954
14436,0.00025350103
14442,0.00028030423
14443,0.0005228354
14445,0.9999324
14448,0.9951681
14451,0.072359264
14453,0.0002248175
14454,0.000477182
14455,0.99959594
14459,0.99963677
14461,0.99921465
14462,0.9906343
14464,0.9966191
14467,4.2898528e-06
14470,8.63765e-05
14481,5.0130516e-06
14485,3.5879533e-05
14488,0.00023896557
14489,0.001199253
14494,0.00043996872
14496,0.00020557454
14502,2.2790084e-05
14504,1.6797132e-05
14505,0.95401704
14507,0.00032855797
14513,0.99839944
14517,0.99992347
14522,0.9999418
14523,0.0005183059
14525,0.00045014327
14539,0.00025280952
14545,0.00041187968
14549,0.00012239159
14551,0.99915373
14563,3.1126121e-06
14566,1.19050355e-05
14568,0.0006917109
14569,3.907796e-05
14571,0.09197934
14578,0.00028024224
14581,0.0007099163
14584,0.00069132866
14592,0.00015497617
14593,0.00010548206
14596,0.00012934413
14603,0.9961992
14605,0.015278373
14611,6.920659e-05
14612,2.3489185e-05
14614,0.00023480694
14622,0.061804593
14625,0.00073593075
14627,0.0004173078
14629,0.9964903
14634,0.9981232
14640,0.99806565
14644,2.4631148e-05
14647,0.0065364433
14655,0.8791421
14661,0.0002624722
14662,1.6510216e-05
14667,0.9995278
14671,0.000110532936
14673,0.00013162575
14674,0.0017222614
14675,3.95674e-05
14677,1.0006314e-05
14680,1.4844242e-05
14689,1.5782096e-05
14690,0.99873585
14691,0.91004056
14693,0.99841034
14694,0.00027058853
14698,4.415482e-05
14708,9.949896e-06
14709,0.63812214
14710,0.0021787519
14715,0.9993388
14716,3.116111e-06
14719,0.00021891794
14720,0.00027337272
14722,0.0010863459
14726,1.1267845e-05
14735,6.561639e-05
14736,0.00012701287
14739,0.00077335985
14743,0.00048559677
14755,0.0004792068
14759,0.001467822
14763,1.2517635e-05
14765,0.99869436
14772,0.20041145
14775,0.0018629665
14778,1.5397452e-05
14784,4.97745e-05
14798,1.626711e-05
14821,0.9986455
14824,7.192121e-05
14827,0.006225297
14831,0.99911386
14832,0.0004074364
14839,0.0004943388
14841,8.709093e-05
14842,0.00010214886
14851,0.0001455601
14862,0.00097247487
14863,3.6011093e-05
14864,0.9956637
14865,0.00023710636
14866,0.08407131
14875,3.6591213e-05
14879,1.31666775e-05
14881,0.00038419905
14894,0.0010576713
14895,0.99995863
14898,0.99924636
14899,0.99948823
14900,0.00010449614
14903,0.0009271615
14905,0.00017604142
14906,1.0096563e-05
14919,4.854277e-05
14923,0.00030049228
14925,0.07829598
14926,0.0007107076
14928,0.00026644
14929,0.00044639452
14932,0.0034346634
14933,0.00011114734
14939,0.00024723736
14946,0.00027384202
14947,0.062169712
14948,0.00033269243
14949,0.0018100473
14955,0.00020073527
14958,0.00022365741
14962,6.4938417e-06
14963,0.99971944
14969,0.00030789626
14978,0.000557703
14989,0.00019869601
14991,0.00051117607
14997,0.0005550571
15007,0.00041729488
15009,0.001839026
15018,0.01717171
15020,0.04719194
15024,8.39812e-06
15030,0.99679947
15032,0.0002911285
15036,0.05060218
15037,2.1947879e-05
15038,0.999554
15039,0.99827516
15042,0.0006280545
15044,1.2093709e-05
15047,8.23567e-05
15054,0.00094384764
15059,0.0019251434
15062,0.004284022
15069,0.00043774233
15070,9.904142e-05
15075,0.99881613
15081,7.269944e-05
15082,0.00011598833
15083,0.00023843325
15089,0.00043303374
15090,0.00013877184
15095,0.9991775
15100,0.00011839252
15102,9.562304e-05
15112,0.00060444314
15113,9.7021264e-05
15120,0.00014512811
15124,0.9997235
15127,0.9987845
15128,2.6013633e-05
15130,0.00044652662
15134,0.00040148277
15136,9.8437034e-05
15144,0.0005115982
15147,0.0003306252
15148,0.9997067
15153,0.019132102
15156,0.00043268074
15159,0.037616033
15161,0.000559408
15164,0.99822396
15165,6.609958e-06
15168,0.000100003526
15174,0.9991708
15175,0.00014104774
15176,0.00063585903
15183,0.00040837703
15184,3.9393453e-05
15185,0.9990839
15186,0.99837303
15187,0.002217549
15190,9.810839e-05
15191,0.9949882
15195,0.9995777
15197,6.740192e-05
15202,4.4006138e-06
15204,0.00036547118
15206,0.9989888
15209,0.99922764
15215,0.9998281
15220,0.00021165758
15229,0.00054653845
15230,0.0004483049
15232,0.00047118627
15233,0.00027923356
15240,0.9988925
15242,0.00015303018
15243,0.9996966
15245,0.00060874334
15247,0.00071708945
15248,0.9991886
15250,0.99968517
15252,9.889541e-05
15263,0.00040239663
15266,0.00022903564
15268,0.00038845735
15270,0.9994491
15271,0.9994092
15272,5.323851e-05
15274,0.00013577107
15275,0.995786
15276,0.99827373
15281,0.00019561034
15283,0.00017408891
15284,0.000420112
15287,0.11053195
15295,0.9987393
15301,3.6018922e-05
15302,0.00052307046
15304,0.0044624256
15305,0.99996233
15307,0.999567
15308,0.0009587329
15309,0.08104391
15311,0.0003193022
15312,0.00065922213
15315,1.1221113e-05
15326,0.997071
15332,0.00038448136
15336,0.99772006
15341,0.0006893803
15345,1.9461451e-05
15361,1.7924636e-05
15364,0.99864346
15370,0.00012698055
15376,0.00016430918
15399,0.0006507253
15404,0.00089057116
15409,0.00032878888
15411,0.0006648055
15414,0.00048002534
15415,0.08311099
15416,0.00031579466
15417,0.00036507647
15423,0.00036289232
15425,0.0005296047
15429,0.0005273535
15433,0.000111848305
15436,9.722067e-05
15442,1.5413025e-05
15445,4.8367738e-06
15448,0.00010863813
15450,2.3266442e-05
15452,0.9997235
15456,0.0006760081
15458,0.0011063811
15459,0.014300237
15463,0.0003508596
15468,0.99995744
15469,0.89846516
15472,0.00012893259
15476,0.00051537476
15483,0.00027079319
15486,0.00022054452
15487,0.93352664
15495,0.0012894339
15500,0.03568902
15502,0.9986388
15504,0.00035105905
15507,0.00019955268
15510,0.00058158755
15515,0.009162079
15530,0.9982247
15533,1.5915644e-05
15538,0.98906344
15539,0.00016909315
15541,0.99737453
15543,0.00094587455
15546,0.99480224
15547,0.998896
15549,0.9946526
15555,0.9993767
15556,0.9999529
15566,0.9927967
15571,0.00011924067
15573,0.0004992668
15582,0.9990503
15591,0.87550306
15592,0.0008349009
15596,0.095069006
15597,0.007090363
15601,0.005119662
15608,0.00074080104
15609,0.00037293584
15610,0.99739254
15611,0.0013943479
15612,0.99896157
15618,0.004400021
15619,0.9945358
15622,0.00013853927
15623,0.09054048
15629,3.689537e-06
15631,2.9884906e-05
15634,0.99979335
15638,0.00020118576
15644,0.00012383354
15645,0.09216397
15648,0.0012936316
15651,0.00019063496
15653,4.1782125e-05
15657,0.00015210161
15659,0.00024825733
15661,0.99894017
15665,0.00023959592
15667,0.00011511632
15668,0.00025550555
15669,0.054923117
15670,0.14197971
15671,0.9993861
15688,0.010495597
15689,6.645493e-06
15690,2.3722812e-05
15694,0.00016041192
15695,0.9964227
15696,0.99362296
15709,0.00039916154
15711,0.00033504207
15712,0.0007863078
15713,2.9121573e-05
15715,0.00055108784
15720,1.09871335e-05
15721,0.9985207
15744,0.00030881024
15747,0.0003166198
15751,1.43275265e-05
15757,0.00021422206
15758,0.99900466
15764,0.00031592927
15769,1.0973364e-05
15783,0.8677577
15786,0.0004094256
15788,0.9901142
15794,4.349513e-05
15795,0.08075204
15796,0.06728683
15797,0.89437854
15800,0.0025619867
15809,0.9994161
15813,4.2604705e-05
15819,7.047066e-06
15827,0.00059495406
15828,0.00014971773
15829,0.00041789995
15835,0.00035453655
15839,0.00032078172
15841,0.00012263843
15842,0.9913722
15843,0.9991936
15852,0.99996746
15881,1.3413693e-05
15886,2.2939208e-05
15891,0.0021002665
15894,0.00036075304
15904,0.00012242649
15912,0.00020394202
15918,3.293879e-05
15919,0.9994466
15934,0.0004582369
15935,0.00026983136
15937,0.9976044
15938,5.2888492e-05
15947,1.0695408e-05
15950,0.0001663819
15955,0.00014402786
15959,0.9996413
15964,0.9963947
15965,0.0007768232
15966,3.4615896e-05
15968,0.99880946
15969,4.215811e-05
15971,0.9090853
15975,0.003234747
15978,0.0008132488
15980,0.00028365015
15981,0.00044252357
15982,0.9914528
15988,0.0006848168
15993,1.3579938e-05
15994,0.0006158333
15996,0.00035041335
15998,8.548709e-05
15999,0.008133563
16000,0.9981949
16001,0.90693694
16004,0.00020384442
16009,0.00014956547
16014,0.00056448183
16017,9.030611e-06
16018,0.000847634
16025,0.9954465
16027,0.9118034
16028,0.99975175
16029,0.0005019198
16032,0.00029049136
16037,7.69724e-06
16039,0.00049812737
16044,0.00016322469
16046,4.166677e-05
16058,0.0007022761
16059,1.8734285e-05
16061,0.9995586
16064,0.0007327299
16065,2.1053653e-05
16077,0.00018443147
16080,0.00011508626
16086,2.0032772e-05
16092,0.0002751377
16100,0.0002505993
16110,0.007915626
16111,0.06521771
16112,2.1484559e-05
16114,0.0006967862
16119,1.5766285e-05
16127,0.00019439879
16129,0.99849
16137,0.00013116919
16138,7.8186895e-05
16143,6.240764e-06
16144,0.996887
16148,0.0001687837
16153,0.99963796
16155,0.003396052
16163,0.9255937
16170,1.8893212e-05
16191,1.2532051e-05
16200,0.9994671
16202,0.0005633125
16205,0.14722073
16208,0.0002175326
16211,1.541614e-05
16212,0.99882835
16214,0.00032730334
16216,0.000103891456
16221,0.00078567455
16224,0.9996594
16225,0.99995506
16229,0.99821496
16232,0.99069375
16238,0.99520594
16243,0.9988834
16253,9.985628e-06
16259,0.99852186
16260,0.0008165907
16262,0.000531497
16267,0.85273343
16272,3.392891e-05
16275,0.0004989951
16278,0.9988901
16292,0.00022163373
16294,0.0025902535
16296,1.5466976e-05
16298,3.1015486e-05
16299,0.0002188768
16300,0.9977443
16302,0.0013717095
16304,0.0007343146
16305,0.00017014814
16307,0.99941885
16308,0.0005852439
16309,0.007656605
16315,6.0273073e-06
16316,0.006232682
16321,2.3170589e-05
16323,5.8988926e-06
16327,8.678125e-06
16330,0.0007289849
16331,0.00021422634
16333,0.0016567877
16339,0.00030779914
16348,0.00028773962
16351,0.9977187
16354,0.00014190045
16357,0.05192597
16363,0.9992606
16377,0.00021563216
16381,0.0006299519
16384,7.82124e-05
16387,0.0006075748
16400,1.013806e-05
16402,0.9960859
16404,0.00011129253
16405,0.00016683339
16408,0.9985802
16410,2.3743498e-05
16420,9.653539e-05
16425,0.07812867
16430,0.00030176208
16435,0.00026050542
16441,0.9994153
16447,0.005712899
16449,0.00035017694
16454,0.0010537208
16457,0.00025446093
16458,0.00041667596
16460,0.00018090816
16465,0.9990374
16468,0.0004699122
16469,0.00016290066
16475,0.00012525065
16478,0.00049264444
16480,0.99853814
16481,0.00038582078
16482,4.7804257e-05
16489,0.00033863867
16496,0.0017389049
16498,0.0004975399
16502,0.0008780675
16504,0.020723475
16510,0.00019340505
16523,0.05071418
16527,2.523774e-05
16529,0.9989336
16533,0.97828376
16534,0.0001283197
16540,0.00021091301
16552,0.0004804154
16558,0.00070104375
16559,4.08346e-06
16566,0.0001565629
16568,0.00036322785
16570,0.016320175
16571,0.9988152
16572,0.0039934064
16575,6.767164e-05
16581,0.00010488718
16591,9.5554686e-05
16598,0.00020239907
16600,4.5801367e-05
16606,0.99862134
16608,0.000534805
16614,0.9987526
16615,0.0008815591
16619,0.0002543673
16640,0.002253964
16644,0.00012474183
16646,0.0010572926
16647,0.00012095329
16648,0.99654716
16650,0.002669938
16651,0.11077433
16653,0.00083577767
16658,0.00028410944
16666,7.51251e-05
16667,0.0003330666
16668,0.0001508938
16672,0.0021558467
16675,0.99996996
16679,0.00044739112
16683,0.0002963637
16686,0.0019664518
16688,0.9109635
16690,0.003123362
16696,0.0001547886
16705,0.013499666
16708,0.00010903459
16709,2.3226517e-05
16713,0.0008299486
16718,0.99785006
16723,7.1560135e-06
16730,0.06755186
16735,0.9964933
16737,0.117636606
16749,0.0047906
16754,0.9999263
16755,1.9307223e-05
16760,1.17868585e-05
16765,0.00016049668
16770,0.0018116152
16786,0.9994537
16790,0.00057655567
16793,0.00011776244
16794,0.6607711
16801,0.080617465
16810,6.9909856e-06
16811,0.0002447986
16814,8.1484664e-05
16815,0.998574
16816,0.99967444
16825,0.0002572082
16832,0.00018916001
16835,1.1763467e-05
16837,0.99841034
16839,0.00036574234
16840,0.00021917293
16843,0.00083841785
16853,0.9993672
16857,0.00013868386
16861,0.00057677994
16863,0.99940515
16876,0.04364318
16878,0.8870565
16885,7.971975e-05
16887,0.00024893638
16890,0.9952408
16895,0.0012743481
16898,0.00025505066
16905,0.13749813
16910,0.0008840889
16912,0.9981731
16920,0.0007907177
16927,0.00027548836
16931,0.0005034752
16932,0.03940644
16933,1.9471328e-05
16941,0.00035212107
16944,0.00061303354
16947,0.99599457
16948,0.00057782844
16951,0.004476314
16957,0.00022937612
16961,0.99438214
16964,0.00030964662
16966,3.015027e-05
16971,0.99965
16972,0.00018216936
16975,0.99930346
16977,9.08833e-05
16978,0.00017596339
16995,0.00024412898
16996,0.00054069737
16999,0.00083318783
17005,0.0009837084
17006,0.00012516134
17007,0.00060877064
17026,7.80846e-06
17037,0.0005018906
17038,0.9997044
17039,0.0002918889
17042,9.327925e-05
17045,0.9994056
17046,0.0004590855
17047,0.9996414
17050,0.00010435573
17054,7.268287e-06
17063,1.3672669e-05
17065,0.9955448
17066,0.9998135
17067,0.0021017783
17073,0.0009597254
17077,0.9983022
17083,0.00043414353
17084,0.00015062111
17087,0.9999604
17093,0.0026788765
17101,0.9993729
17113,0.99970895
17114,0.0026119642
17119,1.0481373e-05
17120,1.1898134e-05
17121,0.00043036524
17124,1.1719461e-05
17125,0.84123594
17131,8.270803e-05
17132,4.878171e-05
17133,1.9556168e-05
17134,0.0004964354
17138,0.000332603
17142,0.0028422489
17148,0.00016935277
17152,0.9930211
17153,0.9990495
17158,0.9931045
17159,0.00036022582
17163,0.99911433
17177,0.9992489
17178,0.0011482282
17185,0.1397996
17186,0.99859136
17187,2.332634e-05
17189,0.0013526756
17190,0.00071306684
17191,1.0678897e-05
17195,1.3618819e-05
17202,0.99823135
17204,0.0963671
17205,0.00012881658
17207,0.00010713103
17214,0.115967855
17215,4.3511227e-05
17217,0.001309953
17219,1.3668628e-05
17220,0.998547
17221,0.0009737242
17223,0.9996902
17224,8.219829e-05
17227,1.0019243e-05
17230,0.00041209097
17232,8.896836e-05
17236,0.99882406
17244,0.99921095
17246,0.9978156
17255,0.00040645647
17259,0.9165344
17262,0.00020614966
17269,0.00033631432
17277,8.596537e-06
17279,0.00049681385
17285,0.008438662
17289,9.187652e-06
17293,0.9976826
17295,0.00017735914
17297,2.9333769e-05
17298,0.00089328643
17304,0.9997867
17306,0.05761076
17321,0.0010346269
17323,0.00012613494
17334,0.9998841
17335,0.9949876
17337,5.9957583e-05
17343,0.00030321325
17344,0.003228526
17347,0.07262819
17355,0.00038924412
17357,1.2802824e-05
17361,1.3757476e-05
17365,0.99763656
17368,1.7885688e-05
17374,0.0005682438
17375,0.00062773406
17377,0.9796139
17378,0.00032655126
17381,0.00015418493
17387,0.0026221978
17389,0.0005820628
17391,0.00059314736
17402,0.00021797816
17403,0.0001488565
17414,0.00018168744
17415,1.263428e-05
17416,0.00084402965
17418,0.00012582561
17423,0.9988613
17426,0.00055395486
17437,0.05912384
17438,0.00027924898
17442,0.9973585
17444,0.00079775555
17445,0.008873661
17453,7.785648e-05
17454,0.00023900431
17456,0.9978173
17465,2.9721174e-05
17473,0.00016615582
17476,0.00073995366
17478,0.9981767
17479,0.0071011465
17484,0.9949964
17485,0.0002319366
17486,0.06429977
17487,0.99792683
17488,0.99872106
17497,0.0058187484
17498,0.9997515
17506,0.00015508037
17507,0.00034663308
17519,0.000108054504
17528,1.046163e-05
17530,0.0057560885
17536,9.22377e-06
17541,0.0007766123
17542,0.0004089774
17546,0.00010143001
17562,0.9999347
17564,0.0007387164
17568,0.0001551974
17570,0.00067155616
17571,0.9899222
17575,0.9969234
17578,2.4960923e-06
17579,7.8139645e-05
17582,0.99994636
17592,0.00077762903
17593,0.99920875
17601,6.7478126e-05
17604,0.0005701709
17613,0.00012253568
17614,0.9944652
17619,0.99929833
17622,2.2449585e-05
17624,0.0002706169
17626,0.0001717267
17634,0.0002694049
17649,0.9998055
17655,9.015058e-05
17665,0.0003129304
17673,0.00033256656
17678,0.9994223
17680,0.0004664822
17683,2.6098714e-05
17690,0.0005856432
17691,0.9998591
17693,3.4434543e-06
17694,0.0004072696
17695,0.00024158151
17697,0.00037180577
17700,0.00029979605
17709,8.55987e-06
17712,8.986332e-06
17716,0.9990368
17720,9.937422e-05
17729,0.0003051938
17730,0.0003732517
17736,0.00024212594
17738,0.00038502127
17740,0.996163
17742,1.1093483e-05
17747,7.246998e-05
17749,1.38378855e-05
17750,0.00020764994
17753,5.3350315e-05
17754,1.0578105e-05
17756,9.666995e-06
17759,0.005459738
17760,0.0021321317
17761,0.001403931
17765,7.009578e-06
17774,4.463112e-05
17781,6.5838205e-05
17782,0.0013959476
17787,0.00012412413
17788,0.99932635
17791,0.99933076
17796,1.1571324e-05
17798,0.00043867363
17803,7.835838e-06
17807,0.00021794635
17809,0.0002683165
17810,0.00044422256
17813,0.0001092893
17817,0.0005230099
17819,0.00031426115
17823,0.00017079231
17825,0.0014551682
17828,0.99853766
17844,4.4503895e-06
17854,0.00054408127
17859,0.9969637
17860,0.010433358
17875,0.9979284
17876,0.99760556
17882,0.9987399
17890,0.00011254435
17891,0.00044921995
17894,0.00017827333
17898,0.00042638322
17904,0.0011172359
17905,0.001647307
17907,0.00045251727
17909,0.00085995294
17913,0.99902403
17918,3.0376398e-06
17921,0.2025355
17922,0.05877454
17924,0.00038586804
17925,0.00018080039
17926,0.00011750916
17928,0.000107976535
17936,0.9988035
17938,4.978112e-06
17939,0.0006498385
17940,2.1678079e-05
17945,4.3301e-06
17954,0.00022324473
17964,0.9992835
17966,0.002908163
17967,0.00029558825
17970,0.00041645282
17971,0.00047725934
17972,0.99910885
17976,0.0006308522
17977,0.99957055
17980,0.9991124
17983,0.9981237
17987,0.00013806162
17988,0.99926907
17991,0.00054497476
17992,2.2584523e-05
17994,0.0001533647
18002,9.816828e-06
18006,0.0005086404
18009,0.00042724132
18014,0.9291168
18019,0.000175478
18021,0.9996278
18025,0.99973303
18026,0.77481425
18035,0.0006566037
18036,0.00016279834
18037,0.00020734663
18039,0.00093823444
18046,0.00022086797
18049,0.00022792137
18055,0.9966647
18056,0.002492052
18064,0.9994916
18069,0.0015126799
18070,0.00044900714
18072,4.6181445e-05
18073,0.9901446
18077,0.04033696
18082,0.045855686
18083,0.75980425
18084,0.00020789994
18085,1.5367013e-05
18087,0.9981238
18097,9.145542e-06
18098,0.9954118
18106,0.009584919
18110,0.08418546
18115,0.0007199895
18117,0.00043441635
18118,0.0002401455
18128,0.9921827
18135,3.2312902e-05
18139,0.00018566143
18141,0.0026071637
18146,0.00037051179
18147,0.00016616312
18150,0.9982734
18155,0.00015613042
18166,0.00016834636
18169,0.9961125
18170,0.99918276
18191,0.99750286
18193,0.99971706
18195,0.00097518455
18198,0.99670416
18204,0.9994506
18207,0.0002791843
18212,0.99944824
18215,8.9455125e-06
18218,0.9984635
18220,0.999603
18222,8.473905e-06
18224,0.9927604
18241,3.834815e-05
18242,8.3567094e-05
18246,0.9983253
18260,0.9990779
18262,0.99870217
18264,0.9974456
18266,0.997424
18268,0.048180923
18275,0.9994155
18278,0.0029538386
18282,0.07720362
18290,0.00052581634
18291,1.2694027e-05
18294,0.99854517
18296,1.6647595e-05
18299,0.012987802
18300,0.00058078906
18304,0.00052820495
18306,0.0005123219
18315,1.0079784e-05
18320,2.3489207e-05
18323,0.00017461175
18330,0.99899393
18337,0.995845
18342,8.268646e-06
18343,0.9918765
18345,0.99972755
18350,0.00025099455
18351,0.00027084613
18364,0.00028518983
18368,0.0006014698
18383,0.00093898975
18385,0.00012066678
18390,3.3549732e-06
18392,0.00030215562
18401,0.0010526322
18404,0.00032830588
18406,2.7458004e-06
18408,0.00028009558
18411,0.0056724353
18422,0.00031553797
18428,0.001619527
18430,0.00037863592
18432,5.038377e-06
18435,0.90246665
18437,0.0485419
18441,0.00033684407
18443,0.00029260133
18444,0.00040749408
18446,0.00014915701
18451,0.00062587793
18460,2.8734587e-05
18464,0.9976708
18465,0.000989213
18466,0.00024417948
18469,0.011500378
18470,0.00022478362
18472,0.99994886
18476,0.9977221
18481,0.011010092
18482,0.0007754368
18485,0.99882394
18500,0.99419975
18505,0.0004923419
18508,0.99969745
18511,0.00013822455
18517,0.0027820545
18528,0.0006862251
18531,0.07582955
18532,0.000316414
18540,0.99965394
18541,0.000449574
18545,0.00025393043
18550,0.0003491747
18553,0.0002104205
18559,0.0005714559
18560,2.2437749e-05
18561,0.00026158334
18564,0.00017729522
18568,3.636152e-06
18572,0.99690646
18573,1.370813e-05
18574,4.4831526e-05
18575,2.7483695e-05
18579,0.0005902045
18583,0.0003570038
18588,0.00044949856
18589,0.9965978
18590,0.99941754
18591,0.9999633
18594,1.8470386e-05
18595,0.0004265855
18597,4.0342493e-05
18603,1.7155655e-05
18611,0.00015930728
18613,0.0010154896
18614,0.9959162
18615,0.99775046
18626,0.00027192663
18627,9.149511e-06
18628,4.3267268e-05
18631,0.00038315152
18633,0.99949944
18636,0.10960864
18640,0.9999443
18642,0.0064545884
18643,0.0001785457
18646,0.00030599735
18648,6.346963e-05
18650,0.00013788007
18651,0.000110778165
18653,0.9943123
18654,0.9997063
18658,0.99976295
18659,0.00014098495
18661,0.00026566812
18662,0.0007490791
18663,0.9967951
18668,0.0020185173
18680,0.99939036
18681,0.9951466
18684,0.99056846
18696,0.9995229
18699,0.1264804
18706,1.0295952e-05
18711,0.0011785508
18716,0.009295089
18724,0.0001817079
18728,0.0013771154
18734,6.2549684e-06
18738,1.380217e-05
18740,0.94649154
18750,0.9982297
18756,0.0025941618
18764,0.99822336
18765,0.0005624327
18766,0.008242823
18767,0.9978669
18771,0.0005785324
18772,0.00077621575
18775,1.3335977e-05
18776,0.0005319582
18778,2.6055468e-05
18784,7.509674e-05
18786,0.0009809419
18792,0.00044530688
18795,0.00018219072
18796,0.99894863
18797,0.00047281702
18802,0.9928751
18809,0.9996668
18814,0.0033483652
18820,0.00028219383
18823,3.4325563e-05
18831,0.00017917124
18833,0.7845725
18836,0.9990772
18847,0.00054382044
18848,0.00039507492
18855,0.00032272743
18857,0.00031365472
18861,0.99512106
18867,0.8549024
18872,0.00065232767
18876,0.9958353
18877,0.9972307
18889,0.00097164925
18893,1.0622859e-05
18895,0.00029979923
18899,0.009560216
18903,0.00035619945
18904,0.000621734
18909,9.178255e-06
18912,0.9998054
18914,3.658092e-05
18918,0.9997341
18920,0.00019012687
18923,0.9993548
18924,0.0007056933
18925,1.1706481e-05
18926,0.0038772558
18927,0.00027380022
18942,0.99857104
18945,0.00021916853
18953,0.00219819
18958,0.00048564904
18962,1.1097695e-05
18963,0.00028423732
18973,0.11476875
18976,7.201523e-05
18977,0.0006456951
18983,0.00045753483
18990,0.0055258283
18992,2.4654979e-05
18994,0.03620635
18995,0.044628438
19000,0.99896693
19001,0.010739772
19003,1.7163773e-05
19015,1.6966627e-05
19016,0.9997631
19017,0.0003496132
19018,0.00011730025
19020,0.99867356
19023,0.00031212476
19035,0.00018408113
19041,0.00063785503
19042,0.00012384936
19045,8.26764e-05
19057,0.9999455
19060,0.044312827
19064,0.0004976293
19067,0.00026407212
19069,0.9929201
19070,4.327718e-06
19072,0.0001628828
19073,0.9983259
19075,0.9995701
19078,0.00022005888
19079,0.038045485
19087,0.99995613
19088,1.4080805e-05
19089,6.686461e-05
19092,0.9996693
19093,7.3727184e-05
19094,0.9137566
19095,0.00026772136
19097,0.99960893
19099,0.00068341347
19103,0.9947161
19109,6.829985e-06
19111,0.99953735
19115,0.00012315372
19117,9.602794e-05
19118,0.0010447875
19120,8.769403e-05
19122,0.00015988311
19125,0.00044199047
19127,0.00053659827
19132,0.033890937
19146,2.7273356e-05
19158,6.4206724e-05
19159,0.99980944
19169,0.00029994873
19173,0.0011276659
19177,0.000678764
19178,0.9999603
19180,0.00020404083
19184,1.0391876e-05
19185,0.9994356
19188,0.0020874806
19191,0.00011879896
19198,0.00037072483
19200,0.99611205
19202,0.99933136
19208,0.00026540004
19213,0.99933845
19216,0.99872905
19221,0.0001349575
19225,0.00018032728
19229,0.00034759755
19230,0.00011653334
19232,0.99930465
19233,0.06362587
19236,0.00019422648
19237,2.8417331e-05
19238,0.9988949
19240,0.00019789077
19243,0.99932396
19246,9.93422e-05
19248,0.00038918926
19249,7.815836e-06
19250,0.00031019974
19252,0.00089920784
19259,7.3598003e-06
19263,0.00069427636
19270,0.042678595
19273,0.00046987145
19274,0.007578568
19281,2.3301038e-05
19288,2.2468646e-05
19297,0.999647
19299,0.000330165
19305,0.0054865056
19306,1.8688477e-05
19308,0.00029805506
19310,0.002659664
19311,0.00046979488
19315,0.0014543316
19322,0.9968641
19323,0.998362
19329,0.9998467
19331,0.00045671014
19332,0.00035328683
19334,0.00056403864
19350,0.0011968589
19353,0.9992712
19360,0.9958126
19363,0.14375924
19364,0.0007412996
19367,0.0004196699
19368,0.00019298542
19370,0.9997702
19371,0.99725014
19374,0.0015711713
19375,0.99943787
19382,0.0007994126
19383,0.00041309668
19388,0.0008958341
19394,0.0005287134
19399,0.9999764
19412,0.00025951554
19415,0.008116851
19419,0.0004141414
19432,0.00011792032
19434,1.4419599e-05
19435,4.726912e-06
19440,9.807341e-06
19444,0.9967366
19450,0.0003995175
19453,0.007000318
19455,0.00047878624
19464,0.00011730506
19469,0.009243684
19471,9.948918e-06
19477,0.0007962571
19478,0.00017895133
19483,0.00012447995
19496,0.9114798
19501,0.07623554
19503,0.9999577
19504,3.2602406e-05
19505,0.9989685
19509,0.000114322254
19513,0.9984314
19517,0.00058054
19519,0.99995244
19524,8.157208e-06
19535,0.00046334832
19539,0.9989349
19543,0.00041164103
19549,0.00021513579
19554,1.1832426e-05
19555,0.0025315254
19561,0.00047587833
19565,0.00043294253
19570,0.009860875
19574,0.00036668393
19585,0.00030653374
19588,0.00022867974
19590,0.0023656862
19601,0.7710172
19602,0.8638394
19609,0.9947642
19610,0.00018706595
19612,2.3031535e-05
19616,0.001248977
19617,4.123669e-05
19618,0.996335
19619,9.131468e-06
19623,0.0011123313
19625,0.0012309942
19626,0.00042655904
19627,4.320761e-06
19633,0.0003528629
19638,0.00017001337
19640,1.2251561e-05
19641,0.00021635006
19643,0.0005914324
19644,0.00010734065
19653,0.99817383
19665,3.8558414e-05
19667,0.9998324
19668,0.9988668
19674,0.99819046
19675,0.000101587495
19678,0.0009260363
19681,2.6679218e-05
19682,0.9988601
19685,1.1290198e-05
19687,0.99968123
19688,0.00012160912
19690,0.99991286
19697,2.2221968e-05
19701,2.458126e-05
19703,0.9941848
19708,0.00012486227
19713,0.00024485792
19714,0.00013325344
19715,0.0009315162
19716,0.00016992715
19723,0.9994
19731,0.99957865
19735,6.9906255e-06
19749,0.00042438062
19753,0.9972861
19758,0.0008652106
19759,0.001281577
19760,0.047678627
19780,0.0007199373
19782,0.9993383
19789,0.9974612
19805,2.4502435e-05
19807,0.00039073403
19810,0.00459295
19813,5.3090465e-05
19827,0.00023872375
19832,1.2479695e-05
19838,0.9992867
19840,0.0007482201
19844,0.003060277
19847,2.1216994e-05
19848,0.99881625
19854,0.00041284412
19863,0.0011931543
19866,0.0016114303
19873,4.4090022e-05
19880,0.99743384
19887,0.99649304
19897,0.0003190816
19899,0.99864954
19904,0.99995804
19908,3.4789406e-05
19910,0.001972271
19914,1.2566842e-05
19917,0.9998529
19920,1.0477015e-05
19930,0.9954627
19931,0.000617652
19939,0.996878
19942,0.12893496
19944,0.0003629871
19961,4.36663e-06
19963,0.9997683
19980,0.002619305
19982,0.0003423504
19985,0.9873784
19990,0.9969476
19995,0.00013291082
19997,0.005034819
20005,0.9989655
20011,0.0005914822
20025,0.99958557
20029,0.00059680187
20036,0.9987342
20040,0.997811
20042,0.00085050083
20044,0.00015251509
20045,0.062327847
20053,0.0009939461
20060,0.011097355
20080,0.041541398
20083,3.336238e-05
20088,0.00013542184
20091,0.99699473
20094,0.9985304
20095,0.08330634
20099,6.8823225e-05
20100,0.99810874
20102,1.2587076e-05
20104,0.00017103841
20105,0.0011162008
20106,0.9979506
20107,4.2234202e-05
20116,8.478347e-05
20117,0.00062495284
20123,8.550796e-05
20124,0.00040372144
20128,0.00041753062
20142,0.99880314
20145,1.09433195e-05
20151,4.7774407e-05
20158,2.039072e-05
20163,5.3217187e-05
20167,7.056743e-05
20168,0.0002798004
20169,0.00022971709
20170,0.00038306823
20176,0.9944469
20179,2.495909e-05
20180,0.9985885
20182,0.99834466
20185,8.582435e-05
20188,0.0005225597
20190,0.99993396
20193,0.0007341862
20199,0.00020719347
20200,0.9996644
20203,6.296451e-05
20207,0.00030591217
20212,0.00024122727
20217,0.0061160848
20222,0.99906844
20223,0.00030304477
20235,0.00021197346
20238,0.0006873505
20241,0.637104
20249,0.00034925443
20250,0.0010759686
20251,0.99907994
20252,0.0009729698
20253,2.639638e-05
20257,1.2705265e-05
20263,0.00037926759
20271,0.00094281946
20272,0.00020339226
20279,0.00013566417
20290,0.9427181
20292,0.00025940966
20293,0.00019154177
20294,0.00043450127
20295,0.0011195616
20296,0.0005865451
20297,0.99610376
20306,1.3634388e-05
20308,0.0070271473
20313,0.00029833056
20318,0.0004008848
20319,0.9976655
20324,0.00030607352
20326,0.99576026
20330,1.1841197e-05
20332,0.9998301
20335,0.99996424
20339,0.0018986679
20343,0.9944829
20348,0.04014741
20349,3.7481566e-06
20352,0.8886776
20355,0.00017134806
20356,0.003838228
20361,0.00056928163
20362,0.00037084997
20363,0.0077397446
20369,0.00038583513
20380,0.9923171
20381,0.99788743
20382,0.00038671284
20384,1.6707905e-05
20385,0.00013158949
20388,0.00016372849
20390,1.17909385e-05
20398,1.6142612e-05
20409,0.00050093903
20415,0.9991216
20416,0.075120695
20426,0.00015265636
20430,3.1886368e-05
20436,8.1201455e-05
20444,6.6750026e-06
20454,0.00031314828
20460,0.00068557926
20461,0.9945931
20465,0.9996984
20468,0.0003554654
20472,0.9976616
20475,0.0017077723
20479,0.00020553633
20482,0.08924914
20487,0.00038846195
20488,0.050973244
20490,3.0019157e-05
20493,0.00027618685
20501,8.757664e-06
20502,0.0017752302
20506,0.0008228747
20512,2.7538581e-05
20514,0.982193
20516,7.2393654e-05
20522,0.0021603876
20524,0.00034005972
20526,0.00080778525
20528,0.9987301
20535,6.6576e-05
20536,0.0010853751
20539,0.00064208184
20541,0.0005596824
20542,0.00021347152
20543,0.064016275
20545,6.747053e-05
20550,0.9983394
20551,0.00074750173
20558,0.0016910423
20559,0.00085928984
20566,0.99967206
20570,0.9982457
20576,0.00012308551
20579,0.99994326
20580,0.0004820539
20588,0.00017237832
20589,0.0002744366
20600,0.019477168
20602,0.0004893582
20606,0.0003946095
20608,0.0002519584
20617,0.9997081
20623,0.99818677
20624,0.104581706
20628,0.9994918
20630,0.99912757
20631,0.00029058027
20632,0.001726436
20642,0.0003958317
20644,0.002118143
20646,0.00070757087
20647,0.0015099182
20654,0.00067749986
20670,1.2396816e-05
20671,0.00034710168
20674,7.804253e-05
20681,0.0011778448
20688,3.0670268e-05
20691,0.00038694145
20701,0.00054057164
20716,0.0002807624
20718,0.99490863
20725,0.0015180295
20728,0.000457312
20729,0.00047205642
20731,0.88893723
20737,0.00036319063
20738,5.495502e-06
20739,0.00074065174
20740,0.00076640275
20749,2.0092926e-05
20752,0.00018447208
20754,2.5739937e-05
20758,1.8174862e-05
20763,0.0021164767
20767,0.99965096
20771,0.00022568474
20789,0.00049314246
20793,0.8599641
20794,0.0005414302
20795,0.99956435
20796,0.90572447
20806,0.0002613851
20809,0.9988024
20810,0.0003551971
20815,1.47513e-05
20820,2.2551229e-05
20823,0.00043314398
20826,0.9992719
20831,0.9997454
20832,0.9985507
20833,0.00014612555
20836,0.9974396
20837,0.00023984071
20839,0.99897563
20840,0.00034329327
20843,0.99956447
20848,0.9991297
20856,7.296203e-05
20859,2.1004578e-05
20864,0.0004200279
20866,0.0003644582
20872,0.00019660735
20873,1.2886844e-05
20876,0.00092572754
20882,0.00015802373
20884,0.00045610475
20885,0.00031062384
20886,0.99981517
20887,0.9994655
20893,9.332014e-06
20899,0.00022077867
20904,2.390262e-05
20908,0.00074721256
20910,0.0036312998
20918,2.0923351e-05
20923,0.00040670997
20926,0.9953113
20929,0.9912958
20942,0.00041753284
20946,0.00021198356
20956,2.6670617e-05
20958,4.5724323e-06
20961,0.9997509
20966,0.00041768173
20973,3.7781225e-05
20974,0.00023605411
20975,2.4697874e-06
20977,0.0004088047
20980,2.8557077e-05
20981,0.00061977754
20992,0.0015403068
20996,0.99917966
20998,0.00068407255
20999,0.018554943
21007,0.00046784262
21010,0.9990363
21013,0.010918037
21015,0.00015936287
21016,1.549253e-05
21017,0.0007967045
21020,0.9977991
21024,9.178107e-06
21045,0.04416138
21053,0.00058917515
21056,0.00013248694
21059,0.99804866
21060,0.003464671
21061,0.0011522999
21064,0.0007436079
21072,0.00041991478
21078,0.00049841375
21088,0.9976152
21091,0.00033968937
21092,0.0013440652
21094,5.588066e-05
21099,0.008023125
21104,0.00040876845
21109,0.0026076783
21115,2.2056316e-05
21119,3.4942334e-06
21123,0.79218763
21134,1.4702033e-05
21146,0.0009077296
21147,0.10537357
21150,0.7242262
21152,0.00016179585
21165,0.13502984
21166,0.0012682551
21168,0.0003514021
21169,0.9986135
21179,6.670075e-05
21181,1.271558e-05
21186,0.0003290203
21191,0.0018482633
21195,0.06786372
21201,0.9957897
21206,0.00015761967
21209,0.9182989
21214,0.00020301831
21215,0.00048840826
21221,3.5289006e-06
21222,0.0037529937
21225,0.0003277389
21227,0.008620514
21228,0.002171618
21230,0.99652207
21233,0.00095067295
21236,0.9983474
21237,0.00083485036
21238,0.0003071882
21240,0.9978734
21241,0.0038684944
21245,0.08394042
21246,0.9986753
21247,0.0046564336
21252,0.07026356
21253,0.99447834
21258,3.3617882e-05
21261,0.00014837681
21266,0.00068076066
21275,0.00030565332
21276,0.0037521273
21277,0.994239
21278,1.0088006e-05
21282,0.95468163
21285,5.264731e-06
21287,0.0001467062
21289,0.0003002443
21301,1.1686481e-05
21306,7.2815164e-05
21308,0.9972404
21312,0.99921966
21314,0.00015878648
21318,0.00013740493
21319,1.9227553e-05
21321,0.9930547
21322,0.102428466
21328,0.07079402
21331,0.86843646
21337,0.000109050496
21346,0.0004058196
21352,0.99971145
21359,0.00067616336
21364,0.0026608014
21365,0.00019017945
21366,0.0004347401
21367,0.9955799
21368,0.00021418693
21372,0.00056592695
21378,0.11105563
21390,0.0007023387
21394,0.00014974228
21396,0.99968004
21399,0.0006100374
21401,9.589781e-05
21402,0.00025478553
21404,0.0005146212
21405,0.9984659
21410,0.9981427
21412,2.6206057e-05
21413,0.9990338
21417,0.0005360809
21419,5.163838e-06
21420,1.580856e-05
21423,9.419065e-06
21428,0.0015201704
21429,3.0183323e-06
21441,0.0001889064
21448,0.0004240371
21451,5.8065627e-05
21455,0.0001412724
21459,0.99927956
21465,0.9975326
21468,9.759407e-05
21471,7.581838e-05
21478,0.00015614813
21485,0.0005205805
21492,0.0005355638
21509,0.00016347748
21513,0.00042890088
21516,0.99479586
21523,0.99777067
21524,0.9937365
21529,1.2774809e-05
21531,0.00080142583
21532,0.9987527
21536,0.006590586
21538,4.8904352e-05
21550,0.99982256
21558,8.435823e-06
21564,0.00052067457
21567,0.99600714
21571,0.8591297
21573,5.6044657e-05
21575,0.05191966
21581,5.157548e-06
21591,0.00056620716
21593,1.2594509e-05
21602,0.0023831248
21605,0.9966085
21617,0.0011483288
21619,0.00038319608
21625,0.999889
21627,0.0016531879
21629,0.00014367013
21630,0.00022186694
21631,0.0006893602
21636,0.00040623217
21637,0.073858716
21642,0.99912256
21646,0.0005980674
21647,0.00015471793
21652,0.0006004242
21654,0.0005212563
21657,0.99914706
21664,0.0005994807
21676,0.0021128352
21683,9.390721e-05
21690,0.00023316364
21695,1.0541036e-05
21699,0.0058992845
21701,0.00020904468
21707,0.0757423
21708,0.00010181559
21719,1.8601653e-05
21720,0.009095157
21724,0.9991742
21737,0.9990281
21743,0.00010575429
21744,0.13716806
21746,0.9984193
21750,0.0010020355
21758,0.00087049516
21762,0.0006010177
21770,0.0006986104
21772,0.0002983954
21775,1.01970345e-05
21786,0.999206
21787,0.00061925116
21796,0.9999255
21799,0.99741036
21805,8.0886144e-05
21816,0.00026131212
21820,3.605508e-05
21826,0.9992436
21834,0.00020047819
21835,0.00034152108
21839,5.7803976e-05
21841,0.00035505302
21851,0.00045029263
21854,0.00048030136
21855,0.0009408439
21857,7.79454e-05
21863,0.00021538805
21866,0.0001520071
21867,0.9994299
21868,1.1510711e-05
21872,3.2596226e-06
21874,0.00021109227
21875,0.0008393355
21877,2.2998676e-05
21889,0.99826163
21890,0.0010193285
21891,3.2079617e-05
21894,6.2392326e-05
21897,0.00017271773
21898,0.9947364
21900,0.035256438
21905,0.99859756
21907,0.00049672724
21910,0.00013795054
21911,0.00023764819
21912,0.000111343805
21915,0.9988507
21919,0.0003732163
21922,0.998789
21934,0.9963141
21935,0.0002486944
21942,0.00075855764
21943,0.00032309163
21952,6.402409e-05
21954,1.245342e-05
21956,0.00015384541
21964,1.0559731e-05
21966,0.10870918
21968,0.00038638338
21970,0.9995659
21971,0.998544
21974,3.1850264e-05
21976,7.600957e-05
21977,0.00029627388
21982,0.06397681
21983,0.0005750865
21991,0.9986952
21992,0.00022934614
22003,0.99930966
22006,0.00058971415
22009,0.0060092667
22010,0.00037698273
22011,9.46554e-05
22015,0.03228024
22017,0.00018947138
22019,0.99877316
22025,0.0037569378
22027,0.014035547
22028,0.99948764
22034,0.00036966946
22035,1.0639344e-05
22040,0.999678
22047,8.820757e-05
22053,2.1542413e-05
22064,9.7382235e-06
22065,0.0002561229
22067,0.0043582297
22068,0.00042160542
22072,1.9150053e-05
22073,0.0004516304
22077,0.00026024994
22081,0.059781004
22087,2.9515772e-05
22090,0.99597824
22100,0.0006306307
22102,0.99920315
22105,7.432836e-05
22107,0.05738029
22112,0.050413754
22117,1.0874552e-05
22118,0.00036223023
22119,0.00041866253
22121,0.000285223
22123,1.176488e-05
22126,0.0005722201
22131,0.00013490835
22147,0.00011596323
22158,0.9977132
22169,0.0003744547
22170,0.00018405866
22178,2.3387327e-05
22181,0.0012277132
22185,0.8372256
22189,0.0014020996
22193,1.1588738e-05
22196,0.0005999002
22200,0.99983597
22211,0.001055468
22212,0.0023286585
22213,0.0031032013
22221,0.00015179142
22223,4.1175743e-05
22224,1.4665344e-05
22231,0.00028462347
22233,0.0015771046
22234,0.99928015
22239,8.788603e-06
22241,0.0012844867
22244,0.09459999
22245,0.9990262
22247,0.00032068082
22250,0.00017645063
22252,4.582819e-05
22254,3.5062454e-05
22257,0.0001703821
22259,0.999754
22268,0.00030929787
22269,0.00027279626
22273,0.9961205
22279,0.00012069659
22283,0.99885046
22284,1.6070022e-05
22287,9.681932e-06
22288,0.00633558
22293,0.0010741339
22294,0.9994486
22301,0.0007581103
22303,1.6540964e-05
22310,0.9996239
22317,0.00018946217
22318,0.0020017466
22320,0.00037548583
22328,1.9795141e-05
22337,8.370618e-05
22338,0.99944705
22341,0.00052317616
22346,0.00048711692
22351,1.8136545e-05
22353,0.00024012628
22360,0.99872655
22370,0.96083695
22371,0.0008311175
22372,0.0005082493
22377,0.99995553
22382,0.00022557093
22387,0.000673983
22394,0.9985227
22401,2.7002912e-05
22402,0.08222847
22414,0.012188649
22415,0.09031209
22422,0.00016920008
22428,0.99969614
22429,0.90299845
22444,0.99994814
22449,0.14888369
22461,0.00173937
22462,0.9915906
22467,0.1118119
22478,0.9998117
22480,1.061742e-05
22486,0.00046940183
22488,0.001081449
22498,0.0006107329
22505,2.84913e-05
22507,2.1612335e-05
22511,0.99811554
22517,0.0002436374
22518,0.00044686836
22521,0.0001740197
22533,3.417055e-06
22538,0.99707115
22545,0.00014957973
22546,0.99971694
22551,2.4401908e-05
22557,0.0003150474
22561,0.00047952507
22563,0.00017233165
22568,0.16825879
22570,0.9958469
22572,0.99969745
22576,0.99968445
22580,0.00029968662
22583,0.0018044371
22584,0.00037633156
22591,0.99886984
22592,3.9993574e-06
22597,0.00024028934
22599,0.0025063548
22604,0.00044893846
22605,0.00019109521
22607,0.9950113
22613,0.9962949
22628,9.7864495e-06
22630,0.00043490634
22631,0.00021734
22636,5.6401088e-05
22637,0.0001922374
22640,0.9950812
22641,0.00045328593
22642,0.003139023
22646,0.0008399924
22654,0.00019915294
22655,0.0006960369
22657,0.06651515
22664,0.00016840128
22666,0.074497715
22668,8.066577e-05
22672,1.5711425e-05
22675,4.5317025e-05
22678,0.07500839
22679,0.00015860386
22680,9.6127435e-05
22687,1.2088717e-05
22688,1.4850897e-05
22691,0.000330559
22695,0.00011017002
22696,2.690477e-05
22702,0.9996258
22703,9.438244e-06
22706,0.99818605
22708,0.00044378242
22713,7.0624055e-06
22715,0.07091213
22716,0.0003906035
22719,0.0022325697
22726,0.99941206
22731,0.000706548
22736,0.00030227663
22738,0.082141794
22739,0.0002778272
22754,1.1474062e-05
22756,0.00031022134
22758,2.4404399e-05
22761,0.00069168553
22762,0.00012665078
22765,0.9995161
22772,0.00012296022
22773,5.702243e-05
22774,0.00035727516
22777,0.000617899
22780,0.00025743071
22787,0.00037081869
22795,9.366699e-06
22807,0.99984705
22809,0.0015736036
22814,0.99982554
22820,0.9996172
22823,2.7524586e-05
22824,0.044650596
22830,0.0008438262
22831,0.9989189
22832,0.0010288635
22835,0.00038642262
22846,0.00014485396
22855,8.784251e-05
22857,1.8952456e-05
22858,0.0007991247
22868,0.005557412
22869,0.9988902
22872,9.48845e-06
22875,0.0026398872
22876,0.002150638
22877,1.6822509e-05
22885,0.00060730765
22886,0.0005625973
22887,0.00051039876
22890,0.00027448425
22891,0.0005511333
22892,7.7690645e-05
22898,0.9996798
22899,7.756703e-05
22909,0.009024155
22910,0.00041702169
22912,0.9962769
22919,0.00017913195
22926,0.00039773659
22935,0.99974245
22936,0.9992422
22937,2.0947089e-05
22941,2.2116542e-06
22942,0.068379216
22943,0.0009911838
22945,0.0008468001
22951,0.0005416914
22952,2.1014897e-05
22953,1.3625314e-05
22955,0.0043248073
22957,0.99703515
22962,9.422071e-05
22970,0.00014848013
22977,0.9994456
22985,0.00020402098
22995,0.9935388
23000,0.0007822448
23015,0.00031001557
23018,0.00021702028
23019,0.0021068659
23022,7.6195574e-05
23023,0.12780686
23024,8.586741e-05
23025,0.000608992
23026,0.00021187606
23028,0.00020362316
23034,0.99888843
23036,8.600024e-05
23039,0.07541606
23040,0.0010119105
23041,1.203734e-05
23042,0.00034028853
23043,0.00031775952
23054,0.0011097203
23055,0.99524647
23058,1.9241035e-05
23059,0.99912494
23062,8.754006e-06
23070,8.7411674e-05
23071,0.96612227
23073,0.92855984
23076,0.00013188053
23079,9.351516e-06
23080,8.5165855e-05
23081,6.8496636e-05
23086,0.0005197686
23094,0.00020693996
23104,0.0006004211
23106,0.0006486288
23107,0.0070644342
23109,0.00021838839
23111,0.0008005675
23112,0.99958044
23116,0.0010951688
23119,0.99928504
23122,0.99849486
23124,0.9988391
23125,0.00039528325
23128,0.00046529068
23132,0.9939587
23135,0.0002194046
23136,0.99870265
23140,0.09362598
23143,0.00069462415
23145,0.0018127788
23150,0.00020913579
23151,1.3517247e-05
23154,0.0006974054
23155,0.07115347
23159,0.9986765
23167,0.0014164897
23168,0.0008448287
23172,4.234644e-05
23173,0.00011738798
23176,0.0014993122
23177,2.499327e-05
23181,3.0322646e-05
23188,0.9998355
23192,0.0007156971
23197,0.0018319653
23198,3.256077e-05
23199,0.9995036
23204,0.0003551539
23205,0.99868304
23208,0.00026801278
23214,0.8311889
23218,0.9995053
23222,0.00014449157
23224,0.00037351705
23227,0.9986582
23234,0.00019707376
23245,0.0006056507
23246,0.00032408469
23251,1.4434197e-05
23252,0.9992269
23256,0.99970704
23257,0.06927047
23271,9.616193e-06
23273,9.708235e-05
23274,8.320212e-05
23277,0.07309995
23285,0.9989888
23286,0.000106777436
23287,0.0001708244
23293,0.0001884313
23298,0.9995364
23300,0.9989548
23312,0.99743795
23314,0.98965913
23315,0.0004943699
23321,0.975556
23323,0.0031902122
23326,0.00050357095
23332,0.00016105456
23337,0.0006255413
23338,0.0611704
23340,0.012788646
23346,3.0360177e-06
23348,0.00023124769
23353,0.000540097
23355,0.0011477367
23356,7.398484e-06
23362,0.00014166374
23363,0.0007240432
23364,0.88966477
23368,1.15462335e-05
23370,1.332836e-05
23372,0.99479055
23379,0.9997248
23386,6.073595e-06
23392,9.3572904e-05
23402,0.00010818163
23406,0.9988294
23408,4.239167e-06
23411,0.9991509
23412,0.0018601578
23420,0.99699664
23422,0.00095967425
23426,0.00065330265
23429,0.00016925688
23434,4.781637e-06
23435,0.002188261
23436,0.00026436863
23438,4.5210236e-05
23439,6.9553544e-06
23441,0.00023902574
23442,1.00359875e-05
23444,0.99994683
23454,0.00020640613
23455,7.817931e-06
23459,0.00054541545
23461,0.99871814
23469,0.00068734854
23472,0.9987552
23475,7.197514e-05
23484,0.0006200789
23488,0.00024261838
23491,0.011314463
23495,1.9689669e-05
23498,0.00011527506
23500,5.7903446e-05
23503,0.00034912923
23504,2.3086312e-05
23506,0.9935235
23507,7.5224176e-05
23508,0.0003046563
23509,0.00012238167
23517,1.2618818e-05
23519,1.7906834e-05
23526,0.000169852
23529,0.00080711854
23532,0.000100061334
23539,0.00026005277
23547,0.996995
23552,1.639538e-05
23553,0.88295746
23556,0.00030355397
23557,0.9993906
23559,5.2837273e-05
23562,0.0007236838
23563,0.00029962778
23573,0.00013288547
23576,0.0010073546
23580,0.99870706
23587,0.003893191
23588,0.8764017
23589,0.08242
23600,0.00010977676
23603,0.9889437
23605,1.0644185e-05
23611,0.9985353
23614,0.0002127449
23618,0.00011926353
23619,0.0027505804
23632,6.865555e-05
23635,0.9972722
23641,0.00046343796
23642,0.080761604
23652,0.99735355
23653,1.2400671e-05
23656,0.99897325
23665,0.00016973396
23666,0.0003414529
23671,0.000118743126
23678,0.0006753497
23681,0.08518085
23688,0.00017887747
23690,0.00094524206
23691,0.0003112585
23693,7.1651907e-06
23695,0.00024727153
23698,0.001180435
23699,0.99947256
23711,0.000564809
23714,0.00033973018
23717,2.5191044e-05
23719,6.0309794e-05
23726,0.00011944676
23733,0.0013540791
23736,0.9996904
23738,0.00083414663
23741,0.99987984
23750,0.00010492669
23753,0.99938095
23754,0.9997663
23755,0.0006632332
23758,0.00018784613
23761,7.6384575e-05
23764,0.9992949
23770,9.802207e-05
23775,0.9992207
23779,5.80679e-05
23791,0.00016588243
23793,0.00074286317
23799,9.429945e-05
23801,0.00069107243
23802,0.00017303588
23805,0.00019388105
23806,0.00036282366
23812,0.00083967624
23814,0.10141437
23835,0.0038666606
23840,1.0860892e-05
23841,0.00078341976
23848,0.9999602
23851,1.08532095e-05
23861,0.00041461323
23864,0.0004980958
23868,0.99883944
23872,0.9995461
23880,4.7201547e-06
23883,9.77387e-05
23887,0.10477176
23892,9.885959e-05
23906,0.0011752476
23909,0.9999211
23917,0.00030661235
23922,0.000106756466
23925,0.0003604598
23929,1.0815878e-05
23930,0.99971575
23949,0.05156291
23960,0.9987112
23964,1.9657888e-05
23967,0.00017324224
23974,1.489471e-05
23981,5.224488e-06
23986,0.0006748513
24000,0.09134697
24003,6.550561e-05
24005,0.0012522223
24008,5.2390977e-05
24009,0.99890935
24010,8.676259e-05
24013,2.4848914e-05
24014,0.0053340364
24017,0.9994742
24020,6.7889654e-05
24021,0.00016140446
24022,0.00017037478
24023,0.99859864
24027,1.3202588e-05
24031,2.1820262e-05
24034,0.99880004
24035,0.00064804737
24043,0.00013520198
24049,3.900458e-05
24050,1.8101538e-05
24053,0.00022714493
24054,0.99944633
24057,0.99664116
24059,0.09468958
24062,0.00033157595
24063,0.056089174
24064,0.00019807521
24065,0.99964654
24069,0.00033998713
24071,0.00010464591
24075,0.99954224
24076,0.00021292407
24077,0.002655113
24080,0.0003586248
24082,0.0006788009
24085,1.6463095e-05
24102,0.00036088543
24110,0.0011268025
24116,0.99861276
24118,0.110863395
24119,2.4042922e-05
24120,0.00028254866
24122,0.7606269
24123,0.99874073
24124,0.0002329852
24126,8.330684e-06
24129,0.00047890906
24130,0.999959
24143,0.0032328505
24146,0.000334299
24149,0.00015790398
24154,9.229352e-05
24157,0.0034682818
24159,0.0026221867
24164,0.99672335
24166,0.0002907421
24172,1.9539446e-05
24180,0.996789
24182,0.0007146969
24183,0.0004998277
24184,0.00034277528
24185,0.00020289389
24190,4.884907e-05
24193,7.682558e-06
24199,1.6745871e-05
24200,0.0005989756
24203,0.00021003243
24204,0.9996371
24207,0.9959884
24217,0.99817884
24222,0.00045102186
24233,0.0008405957
24237,0.0010828824
24240,1.6961336e-05
24242,0.9994035
24248,0.0006412443
24252,0.9999634
24255,0.0001581971
24272,0.99795085
24276,0.00045520437
24279,0.04660858
24280,0.00016772981
24281,0.00011242187
24282,0.9992557
24294,0.00016718039
24295,0.99995506
24308,0.00013200371
24311,0.000588886
24313,0.00019522241
24314,0.0001446483
24317,0.99910396
24318,0.9997017
24319,0.0003060916
24321,0.00071863836
24324,0.8785249
24325,0.0005335232
24331,0.00010858035
24334,0.06523598
24342,0.00019001776
24345,0.9998622
24352,0.00026896913
24355,0.0006452294
24362,0.00057501026
24365,1.7869184e-05
24366,1.2660513e-05
24367,0.00012762293
24368,0.99387884
24371,2.534548e-05
24373,1.4933268e-05
24381,6.7358356e-05
24383,0.086498104
24385,0.99940014
24386,0.00019548877
24387,3.8684266e-06
24392,4.286242e-05
24397,0.0016771833
24399,8.718938e-06
24400,0.9983772
24401,1.17800255e-05
24402,0.14039111
24403,8.049986e-05
24406,0.99986875
24412,0.09961299
24417,0.99949884
24425,0.00047097166
24426,0.00023782025
24432,0.99927
24433,0.017607367
24434,0.06909451
24438,0.0007241243
24446,0.00010737167
24465,1.1071522e-05
24466,0.99831957
24469,0.9985422
24475,1.0540302e-05
24478,2.6944466e-05
24479,0.9986338
24480,0.0035103904
24482,0.9989749
24491,0.00021863799
24493,0.0038895647
24502,0.0011010634
24504,0.99960536
24507,0.99984205
24516,0.99931514
24521,0.99988854
24522,0.9968959
24526,8.2248705e-05
24541,0.00027481496
24548,0.00043695897
24556,0.00030594456
24559,0.00015505569
24563,0.07201156
24566,0.0015691015
24571,6.041277e-05
24572,0.000162348
24573,0.99172956
24574,0.9996061
24576,0.00012499593
24579,0.0007573431
24586,0.0004417327
24594,0.00025599764
24601,0.0007895582
24611,0.0006674643
24613,0.99642015
24616,0.043525696
24621,0.00018795219
24639,0.00018501304
24644,0.12484696
24649,0.0015751753
24650,0.99175346
24655,0.9979371
24659,0.0004778648
24663,0.8849337
24669,0.00059649936
24671,0.9991247
24684,0.9999224
24688,0.0005882552
24690,0.0005604108
24691,0.1509975
24694,0.0009033745
24695,0.99773324
24697,0.00030168815
24700,0.000110627945
24708,0.00033133454
24710,0.00017791826
24718,0.00066946883
24722,0.0009890863
24726,0.0005419679
24727,0.00011213878
24728,0.9961991
24732,0.0013245499
24740,0.00023786718
24741,0.000115528586
24746,0.99579585
24750,0.00038554115
24754,0.99987566
24758,0.002969941
24762,0.00016380766
24768,0.00046480857
24774,0.99835604
24779,0.007668451
24781,0.00039653058
24783,0.99846715
24786,0.9996669
24787,0.0010413295
24791,1.117304e-05
24798,0.00030551286
24799,0.99988735
24800,0.99942964
24801,1.1773882e-05
24802,0.053404026
24812,0.00066540384
24816,8.3734885e-06
24822,0.00036622628
24823,0.9303871
24824,0.0001229682
24826,0.0002364005
24827,0.00027865724
24836,0.00010309848
24840,0.00025205596
24842,0.00023888609
24844,0.00024936633
24845,0.99829274
24855,0.00072427647
24869,0.00029128313
24871,0.00017928779
24873,0.0009756711
24874,0.00051208824
24884,0.00046450828
24885,0.00013224207
24887,0.09643163
24889,0.9992919
24890,0.00041262814
24906,1.1202648e-05
24907,0.0004242059
24908,0.0004402364
24911,8.370659e-05
24914,0.03465973
24915,0.10395769
24922,0.99525356
24927,0.0957969
24932,0.00045592026
24938,0.99916816
24939,0.012843159
24944,0.999652
24948,1.1897714e-05
24952,0.9983182
24954,0.99894434
24955,0.0024525893
24957,0.00050551584
24958,0.79866785
24963,5.8749874e-06
24965,0.00023627881
24968,8.936244e-06
24971,0.99966323
24974,0.0010865197
24975,0.00070153363
24978,0.00054448954
24980,0.9934582
24981,0.00090386445
24983,0.11007837
24993,0.00087645295
24994,0.00063782703
25001,0.00047534247
25005,0.039206494
25010,9.1032576e-05
25014,0.047696978
25015,0.00018704988
25022,1.1900711e-05
25025,8.473589e-06
25027,0.00010243964
25028,1.2176071e-05
25036,5.378514e-05
25037,0.00068308134
25046,1.0425954e-05
25055,0.000283905
25057,1.0509679e-05
25059,5.841784e-06
25064,0.9911534
25066,0.9987827
25071,0.0009627306
25072,0.00040906644
25073,0.99830854
25078,1.8330933e-05
25079,0.9999536
25081,0.99923444
25083,0.0007290683
25101,0.0003191829
25102,0.9990139
25104,0.0039182333
25107,0.00074175186
25109,0.0004666356
25111,0.00018453332
25140,5.788413e-06
25144,0.99723744
25148,0.0004971694
25150,1.1355418e-05
25151,0.00051183254
25152,0.002464363
25153,0.00034920065
25158,1.8221668e-05
25163,0.00027939893
25174,7.428598e-05
25176,3.3886292e-05
25195,0.07551863
25199,0.0001795641
25201,0.9980076
25210,0.0003019192
25211,0.16194272
25214,0.00024885047
25224,0.00019963623
25225,0.99985623
25227,0.99411774
25228,0.99221283
25230,0.0022420103
25235,0.00030146362
25236,3.786393e-05
25241,0.99883026
25252,0.00031594196
25254,0.99413174
25256,9.450493e-06
25265,0.0008166665
25271,3.7335984e-05
25272,0.9916938
25274,0.00010993934
25279,0.9996555
25280,0.9974444
25282,0.00056477083
25283,0.00020352476
25285,0.0001839855
25288,8.674059e-05
25292,0.00034002797
25297,0.001020232
25300,0.0002664799
25317,3.625311e-06
25322,0.99941754
25323,0.9999641
25334,9.083731e-06
25340,1.2684998e-05
25344,0.17077237
25350,0.00022634157
25351,0.07572232
25355,0.0002350502
25359,0.004007011
25363,0.9984106
25367,0.064617306
25371,0.001454517
25378,0.00038279826
25382,0.00050602615
25394,0.008938829
25396,0.0005380428
25403,0.000997281
25405,0.9992994
25406,0.00010733155
25407,0.9999678
25408,0.99575543
25422,0.0008851999
25423,0.00057123264
25431,0.0005166277
25433,0.0010877242
25434,0.00012997219
25436,0.000119644195
25437,6.799978e-06
25438,0.0002153979
25440,0.9975388
25462,0.0007233659
25463,0.00011261811
25466,0.00026160778
25471,0.00042897265
25472,0.07070104
25478,0.00011644969
25479,1.5841235e-05
25482,0.00039772748
25493,0.00035140946
25502,0.00030323694
25507,0.00073991413
25509,0.00065568194
25510,0.1815677
25511,0.0034380741
25512,0.0004285688
25518,0.99498194
25519,0.9995901
25522,0.0017236228
25526,0.00037375803
25529,0.00024795855
25531,0.00010816244
25534,0.0012927597
25537,0.0025392445
25541,0.00026438604
25545,0.00041684243
25547,6.7557075e-06
25548,0.00015467235
25552,0.0006059388
25556,0.00084363134
25560,0.00022115475
25566,0.06607992
25567,0.0002401336
25568,0.00014111568
25571,5.4811817e-06
25573,0.00013064964
25575,0.052396435
25577,0.0010645067
25579,0.9993405
25586,0.00024892855
25594,0.0010094715
25595,0.9994824
25598,0.99967337
25599,0.00031642694
25605,8.615653e-05
25608,0.00042740323
25609,0.000329796
25613,4.2109852e-05
25614,0.0003982647
25617,0.0004319462
25621,0.99901617
25623,0.00017694783
25624,0.005464131
25635,5.8800324e-05
25636,0.0010214725
25637,0.0003873022
25638,0.00024490088
25640,0.00030859775
25642,0.034766406
25643,2.0822112e-05
25644,0.00028193084
25646,0.00013667774
25649,0.008947996
25655,0.00086339057
25663,0.99457836
25666,0.00030024286
25667,9.473585e-06
25672,0.0010030852
25673,0.0004703637
25676,0.00035744603
25679,9.446979e-06
25681,0.9974063
25690,0.9998981
25692,0.0003989217
25710,0.054651618
25711,0.0003509973
25713,0.99865204
25720,0.00037962478
25722,0.99784243
25729,0.00012418628
25731,0.0008657512
25738,0.999569
25740,0.00014221255
25743,0.00018848108
25748,0.04107756
25750,0.9971904
25753,0.00018854237
25755,0.0005158527
25757,0.00027845966
25759,0.00026429378
25770,0.999511
25771,9.5300704e-05
25772,0.06646051
25776,0.0011681452
25779,0.99996567
25781,0.000118768825
25785,0.9949084
25803,3.983583e-05
25808,0.008390977
25812,0.00018935598
25819,1.6611562e-05
25824,0.0006884965
25831,0.99961793
25836,0.000109781264
25837,7.737111e-05
25858,0.0005528008
25860,0.0002727877
25862,0.001134384
25865,0.99751234
25866,0.000214352
25870,0.7827011
25871,0.99905056
25887,0.9995103
25889,5.279906e-06
25895,4.1739593e-05
25896,0.86769724
25906,0.99934894
25914,2.2907334e-05
25915,1.8283201e-05
25920,0.00049082
25922,0.99947697
25924,1.4903548e-05
25926,0.00024209546
25927,0.0016018365
25938,0.0011372376
25939,7.480705e-05
25943,0.0007493543
25944,0.00025400813
25945,0.9999621
25954,3.2165324e-06
25959,5.968809e-05
25968,0.98951834
25969,0.8227555
25970,0.85776895
25971,0.999828
25972,0.9966022
25975,0.0009900611
25977,0.00018768071
25979,0.0003311217
25988,0.00045093455
25990,0.00025310979
25995,0.13412991
25997,0.00054762384
26004,0.99851733
26007,0.00014694601
26011,0.9980533
26019,0.00068582525
26020,3.741308e-05
26021,0.00045969637
26024,1.8251565e-05
26032,0.00022923596
26033,0.00060523814
26035,0.0003185609
26037,0.0005373893
26039,2.3699453e-05
26042,1.4016898e-05
26048,8.797735e-06
26052,0.9987218
26054,0.00036782442
26056,0.00012441764
26059,8.417557e-05
26061,0.9990274
26064,0.99893135
26065,0.00064087956
26071,0.00030929138
26073,0.9992606
26075,0.00018710233
26076,0.00039943733
26077,0.000119184406
26078,0.02364025
26091,0.0014671931
26092,0.0003554237
26100,0.0005111066
26104,0.994276
26107,0.00020822787
26114,1.21433695e-05
26117,8.750025e-06
26119,0.0020941114
26121,0.00033126632
26127,0.99859935
26128,0.0001614046
26131,7.796518e-06
26132,7.010383e-05
26133,0.9948638
26134,0.0010009382
26137,9.2958e-05
26140,0.00018552109
26141,0.76602334
26154,0.9989687
26156,6.729453e-06
26157,0.00040817718
26158,0.000826989
26160,0.9962482
26162,0.99963105
26165,0.00218289
26173,0.00013284368
26175,0.000312812
26177,1.245082e-05
26183,0.00018608377
26189,2.3132723e-05
26200,0.0009547849
26205,0.00014784298
26216,1.3331882e-05
26220,7.8007935e-05
26222,0.00010314411
26229,0.85638773
26237,5.7560846e-05
26239,0.00032838038
26246,0.9982817
26248,0.00026013312
26255,1.0548639e-05
26259,0.9991799
26261,0.99940157
26263,0.99947065
26276,0.99944395
26277,3.9209957e-05
26279,0.11435596
26285,0.00019014046
26286,9.1896845e-06
26290,0.0012431691
26291,0.003105245
26292,0.043002516
26295,0.0010144893
26296,5.0723454e-05
26300,0.98287314
26301,0.9926968
26307,0.9956934
26308,0.77393675
26313,0.99721694
26319,0.00022330222
26332,0.0005379174
26333,0.000274989
26337,0.0002907784
26339,0.000243659
26342,0.0004194539
26344,0.9992368
26347,1.2075926e-05
26348,0.0009224737
26353,0.9991487
26354,1.1880051e-05
26357,0.000517163
26369,0.0002752025
26371,0.043218475
26374,2.1413049e-05
26375,0.0004006993
26388,0.027996112
26392,0.00020477657
26394,0.00018921033
26409,0.00076540135
26415,3.8050963e-05
26419,0.00051511737
26422,8.70456e-05
26430,0.99921525
26431,0.000348049
26441,2.0256984e-05
26445,0.00011825882
26448,0.00047494867
26459,0.99642247
26462,0.0019760139
26465,0.0023797636
26466,6.995244e-05
26468,0.9994715
26469,0.0003841408
26470,0.00032091571
26472,0.060295533
26473,0.9997211
26476,0.0003434835
26477,1.3783518e-05
26481,0.00077048264
26482,0.9992743
26483,0.00015747125
26492,0.9999628
26499,0.0004763036
26500,6.269364e-05
26505,0.00031681394
26507,0.07909636
26516,0.82379484
26518,0.00026515042
26519,0.99881303
26523,0.99860674
26526,0.0044260495
26534,0.08106027
26539,0.000666265
26543,0.00016757427
26545,0.99942195
26551,0.14659427
26553,7.701182e-05
26556,0.0005010042
26559,0.0017319558
26560,0.00029080003
26565,2.385967e-05
26568,8.809993e-06
26570,0.9999652
26575,0.0006924882
26576,0.99870646
26579,0.069958046
26582,1.7111244e-05
26583,0.9922742
26588,0.99554515
26592,0.00029798772
26594,6.752738e-06
26601,0.00046108253
26604,0.99964726
26606,0.9969319
26607,0.0005074941
26610,1.8803607e-05
26611,0.00054596236
26616,0.009037289
26621,0.9992995
26623,0.9985109
26627,0.0001528648
26631,0.0011872799
26640,0.0017909475
26642,8.821814e-06
26649,4.139751e-06
26655,2.4480085e-05
26656,0.99844044
26661,1.7721066e-05
26662,0.00023206447
26667,0.00031370734
26669,0.9963665
26676,0.00014817082
26679,0.010388118
26684,0.00033979042
26687,0.9992812
26698,0.0004622633
26703,0.0017676775
26704,0.00013020715
26706,0.0027033815
26708,6.584919e-05
26712,0.00024359443
26718,1.7934826e-05
26720,0.9969511
26728,0.00035681805
26730,0.008162535
26731,0.00011562855
26734,0.9994493
26736,0.0021348647
26740,0.9991819
26744,2.8844957e-05
26746,0.998575
26753,0.06908347
26759,0.00074559863
26760,0.0028790666
26761,3.2390002e-05
26767,0.00014743739
26777,0.000260053
26778,0.00017149288
26781,2.0053856e-05
26789,0.00012021337
26791,0.0001039081
26792,0.0010017272
26794,0.99922407
26796,0.00038480642
26799,0.0010546001
26800,0.00042962228
26809,0.9982545
26814,0.00083537283
26818,9.937121e-06
26820,0.00014514873
26822,0.9997067
26827,5.5672954e-05
26829,0.000163367
26830,0.00044788205
26833,8.847621e-06
26834,0.00016278685
26835,1.1174745e-05
26838,0.99954766
26844,0.00020551222
26845,0.00013367418
26846,0.9965927
26848,0.0010552392
26849,0.99587387
26851,0.00055546116
26852,4.2787684e-05
26858,6.6572147e-06
26859,0.99934834
26865,0.00068128016
26866,0.0008337906
26869,2.687331e-05
26880,0.99996054
26882,0.00015693402
26884,0.0002220987
26886,0.00943305
26887,0.00060676003
26888,0.001165061
26890,0.0005560473
26892,0.0007648148
26898,0.0011673177
26902,0.00025514408
26907,0.9981749
26909,0.00043054644
26917,0.99462247
26920,0.0042431965
26928,0.99995565
26931,2.9569639e-05
26940,0.00029304213
26944,0.99752134
26946,0.00070072844
26948,3.344128e-05
26952,0.00037844162
26953,0.9992975
26955,0.0018947861
26958,0.00014458115
26959,5.5695684e-05
26963,0.99943274
26964,0.00057492015
26965,0.99977845
26970,0.00017476699
26975,1.2420827e-05
26979,0.998955
26981,0.0017228279
26983,2.6546684e-05
26984,0.0004328963
26996,0.0005856711
26997,0.98616564
26999,0.9996834
27014,0.0011042625
27023,0.8550389
27027,0.9939156
27030,0.00031174556
27032,0.00037998092
27034,6.441659e-05
27038,0.00016561519
27043,0.99995923
27044,0.00028298056
27048,0.99932003
27054,1.8602825e-05
27061,0.00026263692
27062,0.00026168535
27063,0.008450348
27064,0.00070407003
27068,0.00085275754
27069,0.00041193384
27072,1.6228434e-05
27074,9.418265e-06
27082,0.00054123596
27083,0.009418259
27084,0.9974541
27091,0.00017420216
27098,0.00029736108
27099,0.9987041
27105,0.9984378
27107,0.00030966225
27109,1.040324e-05
27117,0.113511845
27124,0.055479527
27130,0.0002981264
27135,0.0013336564
27136,0.99923265
27142,0.0005475479
27149,9.758671e-05
27151,0.9958281
27153,0.105747454
27160,0.00017901175
27166,0.9995801
27168,7.564751e-06
27174,0.0009788759
27175,0.00018644004
27178,2.8420745e-05
27182,0.99974877
27186,0.0006352349
27195,0.9976769
27198,0.00033843084
27200,9.8288925e-05
27202,0.9981755
27211,0.004816141
27213,0.99957246
27214,0.0004218887
27217,0.0038965864
27218,0.10139629
27219,0.90221417
27221,0.0013600723
27222,0.009758874
27229,0.00029490847
27232,0.9989248
27234,0.00028320134
27237,0.99639744
27238,0.00014786271
27240,0.9992494
27249,0.00036671138
27250,0.00015766356
27251,0.0003701889
27252,9.5783944e-05
27256,0.00027083888
27258,0.00071581476
27260,0.0001930861
27265,0.00054613175
27267,0.09779665
27268,0.000106129795
27275,2.4153118e-05
27278,0.0004516724
27279,0.08237146
27281,0.0012523904
27287,0.89558846
27290,2.2533815e-05
27307,0.0020457094
27310,4.852976e-05
27318,0.99879634
27322,0.0001894918
27327,8.70056e-05
27345,0.0019998366
27351,0.99949706
27354,9.3436385e-05
27356,0.0006945374
27359,0.0066249133
27363,0.0001414935
27365,0.00011651512
27370,0.0010995389
27371,0.00021539502
27373,7.079059e-05
27383,0.99959356
27397,0.9900024
27398,0.9996056
27401,0.00056860433
27406,0.9989091
27409,9.857629e-06
27410,0.0007367549
27413,0.0006186589
27415,0.99524
27430,0.00021779678
27433,0.00026887297
27434,0.0014616228
27439,0.00038125267
27440,0.00065342936
27442,0.0006682761
27445,0.00040432863
27446,0.00010167393
27447,6.049308e-05
27449,0.0033104916
27450,0.0004009175
27451,0.00010301063
27453,0.0002828756
27459,0.9993894
27462,0.9999285
27465,0.00015061753
27467,0.0010416415
27468,0.00021102122
27472,0.0006042401
27473,0.00032210036
27476,0.998256
27477,0.9965838
27482,0.0004244504
27483,1.557035e-05
27484,0.00064287387
27486,0.00022988867
27490,0.0005471376
27500,0.9990233
27507,0.000104923085
27509,0.99588984
27516,6.46996e-05
27521,0.00039789357
27524,1.0189685e-05
27525,0.0014909159
27528,0.00033432958
27532,0.00070486794
27534,1.3369479e-05
27535,0.00014106254
27541,0.0034806428
27545,0.003117973
27546,1.263175e-05
27548,0.0011958481
27551,0.00019153209
27555,0.09565736
27561,0.9987562
27562,0.9989415
27566,0.00043099176
27573,0.00046541065
27574,0.9991203
27575,8.353629e-06
27577,0.9993525
27579,0.99685174
27583,1.50405185e-05
27586,9.6181e-06
27589,0.0669993
27595,4.929683e-05
27598,0.00041480438
27599,0.0025499407
27603,3.759591e-06
27604,0.99064064
27605,3.7227866e-05
27610,0.00031611187
27615,0.00017052398
27623,0.0001631973
27630,0.9995135
27633,1.093391e-05
27634,6.592622e-05
27640,0.9951845
27641,0.00047931823
27651,0.07034224
27656,0.0020412412
27658,0.99926966
27662,0.0018879771
27664,0.00042543438
27669,0.106287725
27673,0.00026360448
27687,0.00068664376
27694,0.98078394
27701,0.0002691518
27704,0.00075487595
27707,0.9971028
27708,1.1823187e-05
27711,0.99806195
27713,1.5007621e-05
27716,0.0039947666
27717,0.069680914
27719,0.00018237112
27720,0.00031339048
27722,0.00076087797
27723,0.00049554656
27726,0.00049742445
27728,0.008408051
27729,0.0004178261
27732,6.624536e-05
27744,0.00197905
27748,1.2887693e-05
27750,0.00039975578
27760,0.9996495
27761,6.993386e-06
27763,0.00049912004
27769,0.00073422573
27786,0.00041549318
27793,0.99919444
27794,0.00023762237
27799,0.00070198975
27803,0.00032254105
27806,0.00012864903
27816,0.9997762
27817,4.8244503e-05
27823,0.001649198
27825,0.9995364
27826,0.00011081219
27828,0.9997689
27832,0.87347215
27834,0.00032682068
27846,0.00020314282
27848,7.433956e-05
27849,0.9972584
27852,0.0006047754
27853,0.99846494
27854,0.0013844438
27857,0.924006
27862,1.0625605e-05
27865,0.0017346265
27871,0.0012578209
27875,0.0010498771
27878,0.00017454817
27879,0.00047887227
27881,0.9991999
27882,2.3324696e-05
27888,0.00038363214
27890,0.00012669148
27894,5.130288e-06
27898,0.05573537
27902,6.3168685e-05
27905,1.197399e-05
27909,0.00038568472
27910,0.00021043172
27916,0.0005063559
27917,0.0002807423
27920,0.9993082
27921,0.00020103963
27922,0.00021516554
27923,4.902146e-05
27932,0.9987355
27933,1.27380345e-05
27935,0.98561376
27937,0.037254304
27943,0.00013778753
27951,0.0010231083
27954,0.0015372203
27957,0.00013083752
27959,6.438109e-05
27960,0.0006117043
27969,1.2875813e-05
27977,0.99949527
27991,0.00010621251
27993,0.9996369
28002,0.8377138
28005,0.0003720545
28011,0.00067119114
28022,0.00014955849
28024,0.00071437645
28028,0.0004738462
28029,0.00063382543
28034,0.9985935
28035,0.0005343332
28037,5.5905766e-05
28039,0.0004991947
28045,0.00030060892
28058,0.9971124
28059,0.00047136145
28062,3.0030524e-05
28063,0.00071130594
28064,0.99912256
28065,0.0005953787
28068,0.00011791864
28069,1.3998771e-05
28074,6.5934632e-06
28078,0.0023154588
28081,0.00013948968
28083,0.8037738
28085,0.0001364863
28092,0.0009571379
28096,0.999634
28110,0.00044107882
28115,7.590693e-05
28121,0.9993005
28128,0.99923635
28132,0.00054964
28136,0.000103555074
28138,0.9990288
28139,2.2785194e-05
28140,0.0005010931
28141,0.0012028356
28146,1.5383963e-05
28150,0.0005293397
28153,0.99978
28156,0.00044566873
28159,0.00011652411
28160,0.05573786
28164,0.99931943
28165,0.00054345984
28169,2.3157225e-05
28174,0.99917334
28181,0.064360514
28188,8.728497e-06
28190,6.827231e-05
28194,0.007821538
28196,0.00044135595
28200,0.0011067158
28205,9.097255e-06
28208,7.30355e-06
28210,0.000425858
28212,2.3834538e-05
28215,0.00030015642
28217,0.08119322
28218,3.2880216e-06
28219,2.3860282e-05
28223,0.99955195
28225,0.9994362
28226,0.00059259305
28235,9.774196e-05
28242,0.00017118132
28246,0.99837
28248,5.797269e-06
28249,0.0004178936
28250,0.99919206
28256,0.0002727747
28260,0.0054845624
28266,0.086962536
28269,0.9968951
28270,0.99255484
28273,0.7627193
28276,0.000104187195
28277,0.99976474
28278,0.9983689
28279,0.001771952
28280,0.0010732061
28292,0.9980835
28293,8.0052116e-05
28296,0.992535
28301,0.99920005
28310,0.0001246113
28316,9.683677e-06
28321,0.0048105265
28322,6.2845196e-05
28323,1.1757579e-05
28326,0.00027176566
28331,0.00033163727
28337,0.00075155695
28338,0.999127
28344,0.001745683
28348,0.0005519342
28351,0.008038444
28352,0.9995443
28361,0.0005441492
28362,0.000801579
28365,0.99954444
28371,1.5126147e-05
28380,0.0004439106
28384,0.0004981566
28388,0.99903715
28393,0.0008700868
28394,8.3516024e-05
28396,1.8238672e-05
28397,3.7065179e-06
28402,0.9497998
28407,0.00017122572
28413,2.1073827e-06
28420,0.05354342
28421,0.00052680663
28422,0.99994254
28423,0.9998048
28426,9.614898e-05
28430,0.0005844588
28444,1.8156967e-05
28446,8.768317e-05
28449,0.9981439
28451,0.0005104902
28457,0.00018273614
28459,0.0004936104
28460,0.00047734604
28461,0.99995613
28462,0.99337065
28466,0.001963809
28469,0.00017535624
28470,0.08387073
28472,0.9999666
28475,0.0005587989
28482,0.060742434
28483,0.00096314127
28488,1.4368987e-05
28490,0.00052698294
28492,1.7450593e-05
28493,0.00047563208
28498,0.0012483151
28500,0.0027513811
28503,0.00042729158
28505,0.00044838505
28506,8.924086e-05
28508,0.99777406
28509,0.00015763695
28513,0.079171345
28516,0.0015575828
28518,9.6547075e-05
28532,0.06515428
28543,0.9987224
28547,0.00040325988
28550,0.0005033063
28551,0.9857583
28562,6.075194e-06
28565,0.0007787321
28571,0.9980883
28576,0.00021187688
28578,0.0001814373
28579,0.0005031358
28585,0.00021900164
28589,0.9982084
28597,0.9960347
28599,0.99934906
28609,0.00017039038
28614,0.0010779373
28637,1.0301915e-05
28639,0.9810976
28644,0.00090626435
28650,0.99978906
28653,0.9990476
28656,0.00048261002
28658,0.12717435
28661,9.814778e-05
28665,0.0011356242
28666,0.0019913798
28667,3.913804e-05
28670,0.0005822703
28672,0.0009028556
28674,0.999946
28681,1.5600506e-05
28695,0.0024339037
28696,0.9989618
28707,0.00024387053
28713,2.6060911e-06
28719,1.973936e-05
28726,0.00033929822
28731,0.00030427083
28735,0.00019594803
28738,9.167565e-06
28747,0.0005097222
28749,0.99882215
28750,0.00030763747
28751,0.000456878
28752,0.00015800714
28759,0.9972268
28761,0.062085122
28763,0.00086825475
28767,0.9998734
28770,0.0011053212
28771,0.004122222
28775,0.999388
28776,0.09695725
28778,0.0005032368
28784,0.004045312
28785,0.9984555
28789,6.4099724e-05
28791,0.00057097763
28792,0.06676085
28794,0.12493134
28799,0.00027399452
28806,8.959514e-06
28813,0.0004850113
28819,0.00037102218
28822,0.22757111
28825,0.0003052942
28832,1.0821728e-05
28833,0.00018217543
28836,0.00057663786
28837,0.00015643815
28842,0.00030507162
28844,0.00017069886
28846,0.00014674298
28850,0.00017822778
28857,0.00022337078
28860,0.997335
28868,0.00055215356
28875,0.006459146
28876,0.0045852154
28878,0.9992194
28879,0.0009789175
28880,0.00056002254
28881,0.00038989887
28889,0.9994468
28890,0.07221592
28892,2.1049404e-06
28893,0.99967074
28898,0.0034638233
28900,7.297233e-05
28901,3.2683405e-05
28905,0.00013524736
28908,9.913166e-06
28909,0.0006893803
28910,0.0015354605
28912,0.0010642634
28919,0.9953088
28920,0.0004925041
28923,0.00017727967
28924,0.87406045
28932,0.9963559
28939,0.9991172
28947,0.07611415
28951,0.00042876595
28952,2.2488946e-05
28954,1.1277285e-05
28958,0.00039238317
28960,0.00014058143
28964,6.349039e-05
28976,0.0004818874
28979,0.00020343628
28994,0.0008341498
29000,0.999411
29005,0.99860567
29007,0.00063292513
29010,0.0007509223
29011,0.0868935
29013,0.0011119255
29016,9.901478e-05
29018,0.071877375
29029,0.00049408374
29030,0.0003193503
29033,0.00047673285
29035,1.6626049e-05
29038,0.002044524
29049,0.00039378874
29055,0.0003030488
29057,4.0296658e-05
29064,0.0014473819
29065,0.0002465441
29071,0.00046415132
29074,0.00033701898
29076,0.0077687325
29084,2.6943415e-05
29086,0.00031943954
29092,0.00012373096
29098,0.9990766
29101,8.813929e-05
29105,0.9997918
29110,0.00010336012
29120,0.9989936
29132,0.0020494529
29134,2.1540729e-05
29141,0.07215931
29147,0.00023402847
29148,0.999353
29159,0.99938726
29161,7.270408e-05
29165,0.00021515875
29177,0.99929583
29182,0.00039107894
29184,2.9972358e-05
29190,0.0008511113
29194,0.99934965
29202,3.245082e-05
29206,6.0539187e-05
29207,0.007829949
29210,0.0009456114
29211,0.000100782505
29213,0.000115076815
29219,0.00022719668
29221,0.9991541
29228,0.00039993168
29236,9.842026e-06
29239,0.00021010474
29243,0.00011351742
29248,1.9152372e-05
29250,0.00051820173
29251,0.9999677
29253,0.00058365136
29255,0.00058857905
29263,0.000105641906
29266,8.0001824e-05
29269,3.4833392e-05
29273,0.0003321936
29276,0.0006710808
29281,0.00028099
29284,0.00028415577
29285,0.000884445
29298,0.85793537
29302,0.9988819
29304,0.9989635
29305,0.0012707701
29308,0.9906419
29313,0.06786768
29319,0.00016631608
29322,0.0020381147
29325,0.00021768821
29329,0.00015151102
29335,0.00013768167
29336,0.000248183
29342,0.00026121995
29352,0.00076102844
29358,1.9468653e-05
29359,1.2852712e-05
29370,0.99910885
29373,0.00060584384
29375,0.00037020445
29382,0.9996784
29383,0.9991837
29385,0.0003478238
29387,0.17946188
29390,0.001672114
29392,0.0002704521
29401,0.00011085974
29411,0.9987556
29412,0.9988778
29416,0.00035288103
29419,0.0002737791
29422,0.00041099012
29426,9.71318e-05
29428,2.456895e-06
29430,0.9998412
29431,0.9997317
29446,0.00016977768
29451,0.99924076
29455,0.00053859694
29461,0.00078015553
29464,0.00034432183
29473,1.1269372e-05
29474,0.9996488
29476,0.0006991039
29477,0.0018425235
29478,1.2707313e-05
29490,0.9968058
29506,0.0002641074
29511,0.9999503
29513,0.99906296
29521,0.0004790321
29526,1.1513984e-05
29534,0.9996166
29537,0.00017547481
29539,0.000661623
29540,0.99709094
29542,0.99607015
29544,0.99979323
29545,0.99904925
29547,0.0003905346
29555,0.0028113562
29560,0.07919193
29561,9.9112265e-05
29568,0.11534695
29575,0.00028660725
29581,0.9995672
29583,0.00060605403
29584,1.2304521e-05
29585,0.0009594374
29589,0.00013086697
29594,9.624585e-05
29595,0.9994259
29598,0.81382203
29599,0.00046512505
29603,1.9372015e-05
29604,0.00018794036
29608,0.0003390853
29614,0.99847215
29615,0.99885964
29618,0.00029550373
29622,0.0001788824
29629,0.99983895
29631,1.1389191e-05
29632,0.99996173
29660,0.9983827
29666,0.007895017
29679,0.0010396611
29680,0.00015284921
29682,0.006464706
29683,0.0024244161
29684,0.99931836
29689,0.00047747593
29707,0.9967848
29716,0.9996056
29720,0.001814126
29734,0.00036197598
29738,0.00026591317
29741,0.0003477386
29742,0.000107076085
29744,8.2378e-06
29757,3.7560537e-06
29758,0.99986494
29765,0.00031714607
29767,0.00027981267
29769,0.00021884737
29781,0.00051814073
29785,0.00060604565
29787,9.953231e-05
29791,0.0017554432
29805,4.764015e-05
29808,0.00021310952
29812,3.6475998e-05
29813,0.0003333932
29815,0.9996573
29816,7.8237244e-05
29817,1.8812738e-05
29818,0.9999584
29819,0.00061139796
29826,0.9945076
29827,9.193497e-06
29829,0.00067561487
29830,0.0005027149
29833,0.0008278985
29836,0.9935866
29837,0.0002749785
29845,0.9992526
29853,0.99965715
29855,0.99876887
29859,0.00057438936
29860,0.00013699115
29861,9.170608e-06
29865,0.00021141394
29869,0.00022996539
29873,0.00047816258
29874,1.6909897e-05
29876,0.9991659
29877,4.599096e-06
29878,0.00027353357
29880,8.212746e-05
29885,0.9990834
29890,6.294679e-06
29893,0.996994
29894,0.00011817844
29896,0.00045528793
29898,0.00016007623
29902,1.1816526e-05
29903,0.9994394
29904,0.00066208694
29905,0.00010636271
29909,0.0006225061
29911,0.000286856
29912,0.0014965244
29921,0.00082745054
29922,0.00050815847
29923,0.0001791938
29926,0.00032204943
29931,0.0001341373
29932,0.076064855
29933,0.00028701714
29935,8.112995e-06
29936,0.0008213643
29939,0.0002377427
29941,0.047277756
29956,1.0080447e-05
29957,0.000791521
29958,0.99950564
29960,0.00019743034
29967,0.00020195625
29971,4.8993414e-05
29982,0.115503155
29983,0.99626833
29984,0.00066107407
29985,6.842398e-05
29987,0.0010599111
29989,0.9996656
29990,0.00078976026
29991,0.00056583254
29995,0.99277437
29997,1.0112375e-05
30003,3.5833548e-06
30008,0.00017061197
30014,0.9989085
30020,0.9997398
30024,0.00067985844
30029,0.00057039806
30032,4.6171048e-05
30042,0.9992281
30047,0.00022236441
30052,0.0006820211
30057,0.9993777
30065,0.0003339467
30072,0.00016557334
30074,1.7394466e-05
30075,1.4113529e-05
30077,0.00020473264
30081,0.9991297
30082,0.08960045
30084,0.99995935
30088,0.9996916
30105,0.085275374
30110,0.99405897
30111,0.00011994771
30113,9.975181e-05
30117,0.9843471
30124,0.0029256856
30136,0.00084875175
30144,0.001992101
30149,0.00018041756
30156,0.99966216
30157,0.00010469611
30158,0.0075579314
30161,0.00025530808
30164,0.07964451
30165,0.0003536479
30171,0.0021917308
30174,0.9989467
30176,0.99684155
30180,0.00041392786
30181,0.00021648873
30190,0.00060898793
30198,0.9960956
30202,0.0003856882
30220,0.86459583
30223,0.0007282659
30225,0.0001904718
30230,1.7158749e-05
30231,0.0006286983
30235,0.9998264
30237,0.00041660666
30238,0.9994468
30241,0.000471601
30242,0.00057264074
30245,1.3260658e-05
30248,1.2879509e-05
30253,9.412322e-06
30259,0.8681817
30262,0.9996159
30264,0.997743
30265,2.3154686e-05
30267,0.0011294268
30268,0.00031348044
30270,0.00048537023
30274,0.00035628435
30275,0.99881506
30276,0.00012251432
30277,0.9995365
30283,3.932248e-05
30291,0.00041338842
30295,0.0002119104
30298,0.00023354856
30310,0.99922276
30311,0.9985245
30320,9.01293e-06
30323,5.4343545e-05
30324,0.9992501
30328,0.00018495184
30334,0.000114353104
30337,0.00018162024
30339,1.7219745e-05
30341,1.96843e-05
30346,0.00035823902
30347,0.00014163306
30350,0.0003514086
30355,0.993708
30360,0.00043061105
30366,0.9976648
30367,0.00060575
30370,0.00024518356
30372,0.00033397757
30373,0.00022535531
30374,0.99553573
30378,0.00014732483
30380,0.9946885
30388,0.005100116
30397,1.080562e-05
30398,0.0005629693
30410,0.00012363709
30412,0.99895716
30418,2.1093987e-05
30422,6.3598472e-06
30424,0.9990264
30432,0.0005755046
30439,0.05044722
30440,9.106679e-05
30449,0.0028945766
30451,0.0014926092
30452,0.9993773
30455,0.0021200387
30459,1.3487102e-05
30460,0.9985733
30479,0.0005518487
30483,0.99911934
30484,0.9952147
30489,0.99915874
30493,0.0003556925
30500,0.0006945682
30503,5.3013136e-06
30516,0.0004854739
30520,1.3485623e-05
30522,0.00021598338
30526,0.00013378973
30527,5.6776844e-06
30528,0.0002093289
30537,0.90841
30545,0.9951315
30549,0.8925896
30551,0.0004946773
30555,1.6291997e-05
30558,0.99534816
30560,0.00029590857
30562,0.023228187
30570,0.015967287
30577,0.078965046
30580,0.00026838278
30582,0.99918824
30583,1.0961849e-05
30584,0.00097537466
30588,0.0004438044
30594,0.0004177795
30602,0.0007167742
30603,0.9984616
30610,7.7706136e-05
30612,0.9941901
30616,0.99775887
30622,5.7731754e-06
30623,0.9964708
30624,0.000742482
30629,0.0012526272
30630,0.9991574
30637,0.00080166484
30643,0.0044957027
30657,0.96382105
30658,0.999311
30665,0.00010909782
30668,0.00027266782
30671,3.1697942e-05
30674,0.00023232793
30675,0.9997476
30676,0.00049153675
30682,0.0005625437
30695,0.0011087671
30696,0.9997805
30697,5.7804635e-05
30699,0.99655366
30701,0.00025382804
30705,0.00043793535
30710,0.9996301
30711,6.1956716e-06
30718,0.9996032
30725,8.676549e-05
30726,0.9969248
30727,0.00020768853
30729,0.0004063139
30731,0.9995927
30735,0.9953629
30738,0.0003795072
30740,0.00027165533
30743,0.0015765281
30744,0.0012740872
30749,8.940148e-06
30755,0.0001364086
30759,0.08959929
30760,0.00019759343
30762,0.00014326301
30765,0.000253153
30766,0.0007605184
30774,0.00044683026
30786,0.00082561735
30787,0.99804187
30795,6.326986e-06
30796,6.720238e-05
30797,0.15666343
30798,0.8859096
30802,1.5498292e-05
30806,0.060231723
30812,0.0007357916
30819,6.725777e-05
30821,0.10175978
30825,0.00040055267
30831,0.05362022
30832,2.185604e-05
30833,9.520297e-05
30837,0.00062744843
30839,0.9996815
30840,0.00019342221
30842,0.0007987806
30843,0.00034858234
30844,0.0010514
30858,0.0004797269
30862,0.99920696
30866,0.00010027185
30870,1.4951821e-05
30871,0.99987733
30875,0.0004929284
30876,0.07654103
30885,3.9519207e-05
30889,0.00025671747
30890,8.141918e-05
30896,0.00041818133
30899,0.00026984862
30900,0.00062295236
30906,0.0013850051
30907,0.00010718877
30912,0.00049125316
30913,0.00021932951
30914,0.000696515
30921,0.002050887
30926,0.00011835007
30928,0.00020606752
30929,0.015037133
30931,0.0006697566
30934,0.0007429081
30940,0.00042268855
30943,0.0001814835
30948,0.997036
30949,0.0001023709
30951,0.99967813
30965,0.050833765
30968,0.00021446586
30978,0.049449965
30980,0.0025386116
30983,0.0002665259
30986,0.00034857768
30987,1.2174736e-05
30989,0.00024646727
30990,0.00017961941
30991,3.9665625e-05
30995,0.9955968
30997,3.7098296e-05
30999,0.0058715255
31002,0.0005709635
31005,0.99969435
31007,0.99951935
31008,0.0034384811
31014,0.9114106
31017,0.00056954595
31027,0.0005606373
31029,0.9999118
31030,0.9996574
31031,0.0003859015
31036,0.00028306717
31042,0.0018440578
31046,0.0008957142
31048,5.767381e-05
31051,0.00187886
31052,0.0009824248
31053,0.00015212917
31056,0.907096
31060,6.0022976e-05
31062,0.9999559
31064,0.06770124
31070,8.55405e-05
31073,0.99762017
31077,0.0001233039
31081,9.8661156e-05
31085,0.9990777
31093,0.00039039727
31094,0.00013302316
31096,0.0014467639
31097,0.00011002325
31102,0.9991272
31103,0.0008761862
31107,1.42133185e-05
31109,0.00055738445
31110,0.005460854
31120,0.0002604714
31126,0.00023159168
31136,0.00091721036
31138,0.00016337495
31139,0.82691467
31143,7.73666e-05
31145,0.9996728
31153,0.0015313312
31158,0.001965431
31162,0.00038928702
31165,0.99892175
31166,0.9988819
31174,0.00026800612
31177,0.0003876121
31179,0.00038447842
31180,0.0003428119
31181,1.2912838e-05
31183,0.002836043
31184,0.0001308565
31187,0.00082254736
31193,9.555711e-06
31197,2.2793321e-05
31202,1.02741e-05
31205,0.9993687
31208,0.005716882
31214,0.00012876501
31217,3.8642966e-06
31224,1.1506102e-05
31229,0.00070996565
31242,0.00011568767
31246,0.99964917
31249,1.9327026e-05
31256,0.890525
31261,0.9998022
31266,0.0006213721
31267,0.00032306422
31269,0.9991351
31278,0.0019658774
31281,0.18361028
31282,1.4411941e-05
31289,0.0005521636
31290,0.0001253209
31291,0.9993699
31293,0.99979883
31297,0.00037227338
31299,0.02075437
31300,0.99970466
31303,0.9998036
31304,0.0026610836
31312,0.00019028301
31316,1.2584807e-05
31317,0.0001677343
31318,0.0010464664
31323,9.213202e-06
31324,0.9999615
31326,0.00029590182
31335,0.00026605392
31339,0.001620985
31342,5.4903823e-05
31350,6.040545e-05
31351,0.00055650354
31352,0.00087594084
31356,0.00021719707
31358,0.0005894942
31365,1.2848399e-05
31368,0.9988864
31374,0.9954933
31376,0.9969465
31377,0.00013268694
31378,9.792865e-05
31379,0.00016754007
31380,0.00137583
31383,0.99927706
31389,0.99489117
31390,0.00023382617
31399,1.6023194e-05
31401,2.4348466e-05
31404,6.605599e-05
31407,0.056931056
31410,0.00075140013
31411,0.00022279989
31421,4.9395974e-05
31423,0.00044847076
31425,0.00053252006
31426,0.9006433
31433,3.9089515e-05
31436,0.00026692238
31438,0.00027868568
31440,0.0002486764
31442,0.0006212421
31443,0.9991658
31445,7.6553515e-06
31449,0.0001235435
31463,0.0005071017
31469,0.04147646
31470,0.11724626
31473,0.0002660608
31474,0.0004511702
31486,8.787312e-06
31490,0.010048455
31498,1.3802038e-05
31502,0.00010407221
31507,0.010415502
31508,1.0935902e-05
31511,0.9155819
31532,0.99944836
31539,0.007589784
31540,0.9994673
31545,2.572534e-05
31546,3.1238649e-06
31547,0.00018085074
31548,0.8845114
31557,0.99982315
31565,0.00081228185
31567,0.0001553373
31570,0.120706424
31572,1.45416625e-05
31578,0.00011438374
31588,0.9991223
31607,0.0003853288
31608,0.99889
31609,0.000163613
31611,0.999962
31614,0.9982268
31618,0.00016945551
31619,3.4228153e-05
31620,0.0003070769
31624,0.0025562672
31625,8.463572e-05
31628,0.0009392872
31632,0.0013792693
31638,0.0014877674
31639,0.9069043
31640,0.84406996
31645,0.9974909
31659,8.236543e-06
31666,0.0012426494
31678,0.0005639147
31681,0.0003457344
31684,0.99968636
31686,0.9983845
31688,0.997895
31692,0.999466
31696,6.2939e-05
31698,0.07776932
31699,0.00016443268
31700,7.328181e-05
31702,0.0012323122
31707,0.00046716037
31708,0.99881387
31710,0.0022315895
31713,0.00069010135
31718,0.00091972976
31719,0.0007635379
31720,0.00047013804
31723,0.0001202277
31724,9.902705e-06
31734,0.0006123988
31741,0.00081292423
31749,3.4469373e-05
31751,0.00049754226
31754,0.0001081709
31755,0.00038724183
31757,1.0239434e-05
31771,0.00041470415
31772,0.0005556017
31778,0.0002273436
31779,0.9966168
31783,2.4064393e-05
31789,0.99953187
31792,0.006116317
31795,0.004268526
31796,0.00044909085
31803,1.3273968e-05
31814,0.9881533
31819,0.004481306
31821,0.00081955054
31823,0.9956874
31824,0.00011731804
31825,9.291643e-05
31826,0.00019852142
31829,0.00043567937
31835,0.00012773908
31836,0.00034861173
31837,0.99910814
31838,0.00018215163
31840,0.9992925
31841,0.00025822397
31844,0.00012212741
31846,0.0003485019
31850,0.068111904
31857,0.00017547046
31866,0.00033654203
31867,0.99968016
31868,0.000145491
31876,0.0018321875
31878,2.5307681e-05
31883,0.9991116
31886,0.00022976047
31890,0.00020005486
31893,0.9996928
31895,0.9988586
31898,0.00029478816
31905,0.00015177015
31913,0.7955468
31919,5.28258e-06
31921,2.3446371e-05
31922,7.8606945e-06
31923,0.00022636767
31925,0.00013723328
31931,0.00018982038
31932,0.0016232391
31933,0.999668
31940,0.068560265
31948,0.00015621426
31953,0.0007956348
31954,5.4292163e-05
31957,0.0016246778
31959,0.00031863595
31960,0.00022187985
31961,0.0004220902
31962,8.143114e-05
31963,0.00024739464
31966,0.00030789216
31975,0.00072710536
31980,0.99864393
31983,0.0005299839
31987,0.78344566
31989,0.99985576
31995,1.9031297e-05
32002,0.00025834513
32003,0.000120505916
32005,1.9483066e-05
32007,0.0003832823
32015,0.99964356
32016,9.134057e-05
32021,0.0002641366
32035,0.00064588804
32037,2.6044563e-05
32044,1.2290108e-05
32050,0.0021284786
32051,0.00017289256
32054,8.590325e-06
32057,0.9982224
32060,0.00027079627
32061,0.9993179
32062,0.052453768
32066,0.00038407452
32071,0.9959812
32073,0.0004528262
32076,2.4996012e-05
32084,0.001263306
32086,0.00051637564
32090,0.090824574
32091,0.00027068297
32096,0.9988796
32097,0.00012357933
32099,0.89344966
32103,0.99827385
32107,2.2338469e-05
32109,0.00070907787
32112,1.9892032e-05
32115,0.004138411
32116,0.9995745
32117,9.4914176e-05
32120,0.999757
32127,0.00043267722
32130,0.00045156348
32131,0.0003051106
32136,0.0003418387
32142,0.0001356714
32148,0.0016857802
32152,0.99905854
32154,0.00011419042
32159,0.0025984677
32166,0.00059045793
32172,0.0015846398
32173,1.4611974e-05
32176,0.00014550127
32179,0.99986815
32189,0.7823444
32190,0.00048757353
32194,0.99807835
32200,0.00025924004
32201,0.00031534038
32205,2.2286593e-05
32210,0.00015220187
32216,0.00011785557
32224,0.0004364744
32226,2.2443355e-05
32227,1.1083755e-05
32232,0.8900006
32236,0.0004190193
32239,0.00016894215
32240,1.4970442e-05
32252,0.0004971111
32257,0.0007129357
32259,0.0036572013
32280,0.00027770855
32284,0.11215236
32286,9.316382e-06
32291,0.00035518745
32292,0.99976665
32295,0.99964404
32298,0.00034548927
32310,0.0031133299
32314,0.0002270215
32315,0.00010333588
32316,0.999819
32326,0.9993305
32330,0.00047905126
32333,0.0043538082
32335,0.0013852299
32344,0.85182697
32345,0.9947339
32348,0.999342
32349,0.00017763196
32351,0.0002689281
32354,0.00014478643
32355,0.0006020786
32358,0.0013900482
32359,0.00044401854
32363,0.0007679947
32366,0.092074506
32380,0.00035816134
32385,0.000106776926
32386,1.5493077e-05
32387,0.0006498617
32391,2.512243e-05
32396,0.0001810319
32397,0.036008175
32399,0.99950874
32401,0.9872392
32405,0.10661781
32414,0.004136688
32416,0.99977905
32418,0.00015746118
32419,9.841253e-05
32422,0.9993297
32428,0.0003209512
32434,4.3290132e-05
32435,0.99874496
32436,0.00040506726
32438,0.000246475
32449,1.3588073e-05
32451,1.1425003e-05
32452,0.9994236
32454,0.99924123
32456,0.00013678543
32457,3.3308403e-05
32469,0.00036779145
32472,0.00046665076
32474,0.0006198068
32479,0.04959228
32486,0.000312527
32490,3.93481e-05
32505,0.0004695748
32508,0.0037791762
32510,0.0003394705
32512,0.00011108016
32515,0.00031693387
32517,0.9999645
32519,0.00024644964
32523,0.103749536
32535,0.06377712
32540,0.999673
32544,0.0003182255
32545,0.09179185
32549,2.0307081e-05
32550,0.00021458082
32557,0.0012288761
32558,0.0006022175
32571,0.00030876815
32577,0.03679754
32580,0.0032783581
32581,0.002997337
32583,0.95590353
32590,0.00053542724
32600,0.00013498364
32633,0.0015687116
32636,0.00039933357
32639,0.08755125
32641,0.0005838742
32642,9.097175e-05
32645,0.00012413572
32653,0.00027352758
32654,0.00060344447
32655,1.1679262e-05
32656,0.0002615362
32659,0.00021672664
32667,0.00016239368
32668,0.0020132267
32674,0.00010932704
32678,0.99996305
32679,8.9171444e-05
32680,1.6170146e-05
32682,0.81524503
32688,0.17934246
32699,0.052322105
32701,0.00033742888
32705,0.99882895
32710,0.90116435
32714,0.0004793667
32715,0.99994206
32720,3.6420977e-05
32723,0.05972512
32727,9.998989e-05
32731,8.799195e-06
32734,0.9994042
32739,3.139604e-05
32744,9.460151e-06
32755,0.005411613
32759,0.0003731206
32761,0.058488365
32763,0.0627639
32764,0.00037133144
32768,1.9717461e-05
32771,0.9991691
32774,8.796309e-06
32778,0.00027172943
32802,0.999172
32803,7.909482e-06
32805,0.00048505387
32808,0.99925727
32809,0.0016437945
32810,0.00064955244
32814,9.776767e-06
32817,0.9992374
32824,0.00012913154
32831,0.9995357
32832,0.00060441927
32838,0.00012684149
32863,0.99955815
32872,0.0005995476
32876,0.9996407
32883,0.9999492
32886,0.00025799288
32888,0.9991273
32889,1.2654104e-05
32891,1.4536102e-05
32895,0.00011477183
32905,0.0003763538
32921,0.0005038679
32924,2.1524775e-05
32928,0.99980086
32930,0.000118915246
32942,0.00031357488
32946,0.0005928973
32947,0.00021277655
32954,0.00047830687
32959,0.00439301
32967,0.062736
32978,9.1833674e-05
32983,0.99796
32985,0.9953933
32987,0.0001529981
32989,0.00018869003
32994,0.9986694
32995,0.015989764
33000,0.964048
33001,2.7314143e-05
33002,0.9998056
33003,4.6751043e-06
33011,0.00016583467
33013,0.00056592474
33021,0.07280431
33023,0.9792947
33025,0.00032259055
33032,0.0005689787
33043,0.9993297
33046,0.9941697
33049,0.9999635
33054,0.0005803632
33056,0.0016560496
33063,6.010759e-06
33065,0.845923
33069,0.110645905
33073,0.00013800304
33080,0.99929106
33098,8.846938e-05
33101,0.0011827546
33103,8.797743e-06
33104,0.00022145566
33105,0.041712377
33106,0.00012647433
33107,0.0019648399
33108,7.92242e-05
33112,9.102312e-05
33114,3.2400723e-05
33117,0.994802
33118,4.9090224e-05
33120,9.41126e-05
33124,0.00064112764
33130,1.2362826e-05
33136,4.8560237e-06
33137,0.00010815038
33140,7.7636214e-05
33141,0.0046396875
33144,0.0007572305
33152,0.00015362274
33153,0.9980751
33158,0.0001373308
33161,0.051005475
33163,1.0167844e-05
33178,0.0008035812
33183,0.05723385
33186,0.0018024293
33188,0.00029176116
33191,0.0005102667
33193,0.9994153
33210,0.00021683784
33215,2.7417098e-05
33219,4.779859e-06
33228,0.06676308
33229,0.000118897784
33233,0.9984578
33234,0.00014401769
33246,0.99996066
33248,1.717127e-05
33250,0.00021615006
33258,0.00010959393
33263,0.00040679777
33266,0.0025390114
33267,0.00018948222
33274,0.00016370382
33275,0.0003755771
33298,5.711905e-06
33303,0.00051657204
33307,1.685985e-05
33311,0.9990808
33314,0.0016246886
33315,0.00014162996
33322,0.99646205
33324,0.99868304
33335,0.007535746
33343,0.0002398142
33344,0.998939
33349,0.0021094158
33354,3.155498e-05
33356,6.528871e-06
33357,0.00036628495
33365,0.0007491705
33367,0.9996562
33370,0.000112073256
33372,0.9978974
33373,0.12942943
33375,1.5681548e-05
33378,0.0011969769
33381,0.0036242004
33388,0.00066109514
33391,2.0909487e-05
33394,0.0068940762
33396,1.0746365e-05
33400,0.99925345
33411,0.0007083636
33414,0.00019457868
33419,0.9995264
33420,0.00014658217
33424,0.15136
33428,0.05031231
33434,0.0012709432
33436,1.3872319e-05
33448,1.0120084e-05
33449,0.9997352
33457,4.9861435e-05
33471,0.99993825
33474,0.00010627371
33478,0.0012909103
33481,0.00010993116
33487,4.3683725e-05
33488,0.0015057873
33489,0.00023045091
33491,9.582276e-06
33496,1.0088391e-05
33497,0.99996185
33504,0.10994896
33512,0.0004193022
33517,0.0307445
33518,1.1895014e-05
33524,0.0024485039
33529,0.9996948
33532,0.0004733223
33541,0.0017005985
33542,0.0895502
33546,0.06491648
33550,0.00031048703
33552,0.9989003
33555,0.99799407
33561,0.9997453
33562,1.189481e-05
33564,0.000105037514
33566,0.001699146
33576,7.131453e-06
33582,0.9987638
33586,0.00048766393
33591,0.00012536538
33595,0.00048626607
33596,0.999426
33601,0.00025096512
33603,0.0002681595
33605,0.00038431224
33607,0.8362387
33609,0.9995296
33611,7.911593e-05
33618,0.00045124395
33619,0.0003446596
33627,0.00045145588
33633,0.0002662374
33637,1.4889796e-05
33638,0.00015668148
33640,0.11380845
33644,0.871098
33647,0.8710524
33648,0.99979764
33652,0.99965763
33654,0.0008178186
33657,0.00026180613
33659,3.4877965e-05
33662,0.00033652005
33669,0.00061915023
33670,0.00024759967
33682,0.0009652551
33685,0.99911314
33690,0.00027847348
33704,0.9967661
33715,0.0009008895
33716,0.003373307
33722,3.399368e-05
33723,0.00014169698
33733,0.00077068934
33737,1.25519655e-05
33739,0.003211814
33740,0.87787294
33743,8.017206e-05
33747,0.00632843
33757,0.0016425217
33766,0.00025432874
33769,0.0002254533
33783,0.99457055
33786,0.9998282
33790,0.99927527
33794,0.996609
33796,0.8395507
33798,0.9993641
33802,0.879881
33804,0.07197413
33807,0.99702054
33809,0.00023996354
33810,0.0004823812
33811,2.9140381e-05
33812,0.00014352635
33821,8.986299e-06
33833,0.0014541155
33834,0.074984714
33837,0.00051217683
33838,0.00051086844
33839,0.0005667771
33843,3.4841032e-05
33848,4.2028172e-05
33849,0.00010242294
33854,1.9634841e-05
33856,0.00060156523
33860,0.9961253
33862,6.774641e-05
33867,0.99724615
33869,0.00021961724
33875,0.00044869204
33876,0.00014205533
33877,0.0003705307
33879,3.89648e-05
33883,0.9997093
33885,0.00022605924
33887,0.999064
33889,0.99974614
33900,0.9983151
33903,1.2125329e-05
33905,8.168878e-06
33908,0.9999583
33912,0.9988808
33915,0.00046613812
33920,0.9893551
33926,2.7238399e-05
33927,0.064342186
33929,0.09911126
33932,1.3847905e-05
33951,0.0002769856
33965,1.0821141e-05
33971,0.00019775271
33972,1.6011601e-05
33976,0.00010824436
33980,0.03799467
33982,0.0019975195
33984,0.0002987162
33985,0.00023956441
33991,0.00031881034
33995,0.00017381174
34001,0.9996099
34007,0.0008282437
34011,6.582308e-05
34014,0.00027341937
34017,0.0005471668
34020,0.0004504768
34022,0.99893266
34024,6.7536785e-06
34025,0.9991881
34027,0.0007976944
34037,0.00015719372
34040,0.99919266
34046,0.9979583
34047,0.00043331162
34052,3.0831645e-05
34053,0.003653601
34055,0.0051672235
34056,0.00051581213
34057,0.00030551432
34058,0.00014069608
34059,0.00014527072
34061,0.00017321036
34067,0.000110084846
34070,0.99903226
34075,0.05448629
34077,0.00025615536
34084,0.00051661045
34088,0.8652278
34090,0.00016258379
34095,0.10078762
34096,1.2543625e-05
34098,0.00032115015
34101,0.00038585774
34102,0.00062752055
34106,7.831938e-06
34112,0.00017221355
34115,0.0002855468
34116,0.00012216993
34117,0.0006602187
34120,4.7901824e-05
34128,0.0006522102
34129,0.9966197
34139,0.99526066
34140,8.989887e-05
34150,0.99648273
34152,5.040242e-06
34155,0.00025183952
34158,1.4833685e-05
34159,0.99920976
34165,0.0005149836
34167,0.00052394444
34170,0.9994947
34171,0.998796
34172,0.8983948
34176,0.0022195524
34182,0.00021838277
34184,0.007668813
34187,0.00040105166
34191,2.4168809e-05
34195,0.99903214
34198,0.0002900527
34202,0.003602528
34209,0.00016467259
34216,2.5849627e-05
34219,8.779506e-06
34226,1.28120455e-05
34227,0.00017491404
34229,3.4997745e-05
34231,0.9996669
34237,0.00031442058
34242,0.0008947968
34250,0.0005570358
34253,0.07013715
34257,3.9864408e-05
34262,0.9993826
34265,0.000394852
34266,0.0004042448
34274,0.00062518695
34280,0.00020644254
34281,6.5965025e-05
34283,0.99913675
34296,0.9994584
34300,0.0006850117
34302,2.3665418e-05
34307,4.037652e-05
34308,0.00044451485
34310,0.00020903233
34311,0.00039759424
34314,0.00070111325
34317,1.668757e-05
34333,0.003601958
34337,0.00029507637
34338,0.0050376547
34341,1.232123e-05
34342,0.00032311195
34343,0.00017155174
34345,0.9970662
34346,0.9987122
34351,0.00015757848
34360,1.3717807e-05
34363,0.99936503
34366,0.0007479695
34369,0.9973465
34371,1.07423175e-05
34372,0.09274398
34373,0.0005147794
34375,0.08742802
34376,2.8359853e-05
34385,0.00037052133
34388,0.999959
34394,0.92045784
34402,0.0009456398
34403,0.9985837
34406,0.0004158932
34408,0.99884844
34410,0.002139518
34414,0.9946951
34415,0.0003062527
34416,0.0006010824
34424,0.9973609
34426,0.99970585
34433,0.00030674276
34435,0.9989749
34441,0.9975674
34444,0.9870477
34452,0.00036681275
34453,0.99887425
34455,0.00011455064
34456,0.00022249484
34459,0.0003863705
34460,0.00052165095
34466,5.59368e-05
34467,1.0825362e-05
34475,5.416624e-05
34476,8.2552244e-05
34481,0.9812199
34494,0.0005718463
34495,0.9983658
34496,0.0013150051
34498,0.9996599
34500,0.999091
34502,7.636758e-06
34507,0.0005248702
34508,2.2251043e-05
34510,2.2733775e-05
34513,0.00087038934
34516,0.99825186
34519,3.1802945e-05
34520,0.99811244
34526,3.6085556e-05
34529,0.9914703
34536,0.0009219737
34539,0.0005526917
34542,0.0013995643
34544,0.00018284263
34550,0.9990877
34557,0.00015235288
34571,9.738137e-05
34575,0.9997249
34578,0.0017460395
34586,0.9967163
34587,0.997928
34594,0.000541247
34597,0.00084441464
34599,0.00012490526
34601,0.0010328001
34611,0.005080208
34614,0.00065890275
34615,0.0002720275
34619,0.8990781
34621,8.534724e-06
34622,0.0003975692
34623,0.99404234
34630,0.0001378351
34643,1.0530838e-05
34646,0.00065472844
34647,0.0009018879
34652,0.0020882257
34653,0.0006589995
34654,0.03888182
34655,0.00040845448
34657,0.9987888
34667,1.4486558e-05
34670,0.99956375
34681,0.00039126482
34682,9.080344e-05
34684,0.001982281
34688,0.00023389596
34690,0.9995109
34693,0.0001594331
34705,0.9998702
34715,0.00023100461
34717,0.00056426233
34718,0.000608429
34719,0.0014622735
34721,2.0500984e-05
34722,0.00012765055
34727,0.0006088423
34729,0.00018356634
34730,0.9990716
34731,0.00015873593
34733,0.00011365714
34734,0.99620014
34735,0.0031304164
34736,0.99898654
34738,0.9994085
34743,0.00077173254
34748,0.0008280598
34753,0.99565965
34760,0.00052181905
34765,0.99652725
34769,0.99885154
34773,0.00070034125
34778,0.001172368
34786,0.99899894
34788,0.9992656
34792,0.00051546196
34794,0.99641955
34810,0.00027151653
34815,0.9996388
34816,0.00016320976
34822,3.283298e-05
34824,0.0003013024
34830,0.00011562161
34836,0.99924904
34841,0.00064988586
34845,0.99979883
34848,0.7759274
34849,0.00019053702
34851,0.00063658727
34856,0.0001217183
34859,0.005034298
34862,8.8669385e-06
34864,0.00056897843
34865,0.00013074922
34870,0.9986721
34871,0.102895565
34876,0.00026295913
34886,0.00028122612
34889,0.00054676924
34890,0.00042780064
34891,0.0009758943
34895,0.008797452
34896,0.0001413108
34897,0.00029029476
34903,1.9482046e-05
34908,0.9983589
34909,0.00044371985
34914,0.99987864
34917,0.00013293832
34924,0.0007148389
34926,0.0008081502
34934,3.588292e-05
34936,3.7072834e-05
34938,0.0015113832
34941,0.0004556094
34948,0.00096206355
34957,0.9978492
34961,5.7786507e-05
34962,0.000116560346
34966,0.99994636
34968,0.0012360734
34969,2.3459725e-05
34974,0.00045213714
34975,0.9995741
34976,0.043567933
34977,1.10044475e-05
34982,0.00038734963
34988,3.2136838e-06
34990,0.9994287
34993,0.0007077334
35024,0.00035822453
35027,0.00014319226
35034,0.0017455019
35036,5.56934e-05
35051,2.2627166e-05
35053,0.99607915
35077,0.0027103273
35080,0.0007767174
35083,0.00022655251
35084,0.00068408134
35091,0.00055577623
35104,1.9863654e-05
35108,0.00020863606
35117,0.9998185
35125,0.0006630373
35128,0.001544658
35132,0.0039843395
35134,0.00050081086
35137,0.9999372
35140,0.0006996335
35141,6.997779e-05
35146,1.6661174e-05
35147,0.99904925
35150,0.00013227561
35153,0.0012941357
35164,0.9990907
35165,0.9999639
35168,0.00031261225
35186,0.9998853
35187,0.063761614
35192,0.00091670617
35195,0.00026059657
35198,0.00038921557
35205,0.00035242533
35206,0.9993292
35210,0.0001854371
35214,0.00016385202
35215,0.00039273716
35219,0.00034839878
35223,0.008511774
35227,0.99915266
35229,0.9996567
35232,0.0008487328
35234,5.099121e-05
35235,1.1986021e-05
35247,0.99657
35251,0.05221195
35254,0.000329532
35258,0.00030971778
35260,0.0009038541
35261,0.0025507933
35262,0.08965214
35263,0.0002947331
35264,0.99748576
35265,0.99965847
35270,7.0563397e-06
35272,0.080751576
35283,0.0006720005
35286,0.999361
35308,0.00025663865
35311,0.9990671
35312,2.4739275e-05
35315,0.9975198
35319,0.0051340526
35321,0.99893874
35322,1.0589985e-05
35323,0.038398728
35330,0.0007729985
35335,0.00010501948
35343,0.002170462
35345,0.9985917
35347,4.3816694e-05
35351,0.0003143103
35352,0.0006279698
35358,0.99909925
35361,0.8869617
35363,9.0051166e-05
35365,0.0003039539
35368,0.010991244
35370,0.99891996
35372,0.00024337461
35376,0.0006193961
35382,0.0003494021
35385,0.00018581869
35386,0.99680895
35388,0.00052916113
35392,0.003908462
35397,0.06907993
35401,0.00041990678
35409,2.0954581e-05
35411,0.00028629016
35415,0.00013707059
35417,1.7343316e-05
35420,0.9994381
35422,0.99953485
35434,0.0005140413
35442,0.10990751
35445,0.0011461022
35448,0.00031119236
35454,0.0054054307
35456,0.99898547
35457,0.00027171386
35464,0.016691785
35467,0.99966085
35468,0.0010437613
35473,0.9960372
35475,0.00036870877
35484,0.008323651
35487,0.0005770596
35491,0.0010121843
35493,0.08259523
35494,4.289239e-06
35508,0.88704574
35517,0.9996332
35524,0.00067336316
35525,1.9766561e-05
35527,0.00028826983
35528,0.0004313201
35532,1.471985e-05
35536,1.4149727e-05
35537,1.1609048e-05
35544,0.9997008
35546,0.001967874
35550,0.00027666046
35561,0.00018457853
35563,0.99996126
35566,0.057065222
35569,0.9925368
35570,0.05842936
35576,0.9992518
35578,0.06262001
35581,0.0022898384
35583,0.00020083656
35587,0.00023755532
35589,4.1109477e-05
35590,0.99946433
35591,0.83437186
35594,0.0026747289
35595,0.9991768
35600,0.00030208245
35601,0.00016439552
35605,0.00014570286
35606,0.00010552915
35612,0.000116336036
35613,0.00058733864
35622,0.00055985287
35626,0.0003424387
35633,0.00019196905
35639,0.9120384
35641,0.00022633294
35650,0.00034000754
35652,0.9993162
35654,0.0018513863
35656,0.99896383
35657,9.998208e-05
35660,0.00023070152
35664,1.6893311e-05
35667,0.00038561452
35673,0.00024760724
35674,3.8365815e-05
35677,0.00054562447
35678,1.4537793e-05
35682,0.9981177
35683,0.00071586797
35685,0.0550304
35687,0.9988939
35689,0.0022236768
35690,0.0006208225
35692,2.8300821e-05
35701,0.99958414
35702,0.0009124424
35703,4.1879616e-06
35707,0.9992867
35713,2.9165683e-06
35716,0.00050671806
35718,1.320581e-05
35720,0.9994966
35721,0.998381
35727,0.0007992496
35728,0.99721956
35738,0.00075257145
35746,0.8563454
35753,0.002636314
35754,0.00046887237
35755,0.0011008196
35758,2.1204716e-05
35760,1.0189452e-05
35767,0.00020051605
35778,0.00091687136
35786,0.0023518675
35796,0.086287886
35811,9.784649e-06
35814,0.00016791208
35816,0.99969447
35824,0.0003804309
35826,0.9997261
35827,0.9983956
35829,0.00012625408
35832,0.00097029033
35837,0.00045537626
35843,0.8604575
35844,0.0005714886
35845,4.5232962e-05
35848,0.00016106499
35861,0.0022118757
35864,0.0013752078
35867,0.00029117262
35870,0.99912614
35874,0.9992699
35877,0.99994683
35879,0.00037582856
35883,0.0001860701
35901,0.07261882
35902,0.0005632414
35905,0.001009111
35908,3.3523122e-06
35912,0.0021429954
35914,0.00024004227
35916,0.00041678123
35917,0.9996754
35919,0.9982287
35928,0.00022902516
35929,0.0008705536
35933,0.99892706
35942,0.037642833
35945,0.00010601327
35955,6.9232915e-06
35962,1.58772e-05
35969,0.00040058416
35972,0.00040026428
35977,0.00038069772
35986,0.002687827
35988,0.0053570117
35989,0.00025264567
35990,0.9984078
35991,0.0008234697
35996,0.0041643237
36000,0.0005187562
36009,0.9986803
36011,0.00012740941
36012,0.00011697299
36013,0.00021672065
36023,0.00077313144
36025,0.001513553
36026,0.00013344699
36027,0.99466056
36031,0.99840623
36032,0.000942655
36041,2.7729771e-05
36043,2.1774322e-05
36050,0.00015516469
36052,0.9992785
36053,0.00030744102
36061,0.99995816
36066,1.4707236e-05
36074,0.9995683
36075,1.2173808e-05
36077,1.1235398e-05
36092,0.00077374984
36097,0.00078962627
36098,0.0001794205
36099,0.0008217769
36101,0.9971848
36104,0.0006565042
36107,1.0287895e-05
36108,0.99552876
36110,0.038832873
36111,0.9996443
36113,8.0903255e-06
36117,1.5246497e-05
36123,0.9970259
36128,0.00010036359
36129,1.0763257e-05
36131,0.9999583
36140,0.9984322
36142,0.000271703
36146,0.09767312
36149,0.00027354635
36151,0.0006165948
36152,0.00019786002
36153,1.0947661e-05
36168,1.09703715e-05
36178,1.39633985e-05
36181,0.0015029608
36186,0.005689299
36191,0.99957925
36193,2.765717e-05
36194,0.002574077
36197,0.00018321174
36204,1.2258842e-05
36207,0.00014799926
36208,0.11155167
36209,0.00051651546
36211,3.4562556e-05
36223,0.9409027
36225,0.00047805705
36232,0.00020801356
36246,0.00082269945
36250,0.00042014182
36255,6.794387e-05
36262,0.090340935
36264,0.00026086753
36268,0.00036405952
36277,2.7598837e-05
36278,6.2277126e-05
36296,1.0303339e-05
36300,9.485283e-06
36302,0.0005987062
36305,0.00038869499
36308,2.8587183e-05
36311,0.99588335
36314,0.99841917
36315,0.00078660424
36316,0.00058959477
36320,0.05510289
36321,0.00013856424
36327,0.70507437
36329,8.366533e-05
36333,0.111079775
36341,0.00013364322
36346,2.0629637e-05
36349,0.00040142285
36352,6.9351205e-05
36355,0.00044493226
36361,0.00041449172
36373,0.028346727
36374,0.00013640652
36376,0.0004825854
36382,0.00034752235
36396,0.00024471158
36398,0.0001865969
36407,0.99920446
36411,0.99975663
36412,0.00015567716
36413,0.9999565
36416,1.3134082e-05
36420,0.0006556332
36423,0.0010106888
36447,8.229249e-06
36449,2.0047622e-05
36451,0.0004451643
36454,0.9968265
36459,9.106205e-06
36460,0.0002853933
36461,0.9962436
36471,0.00026517187
36472,0.030334312
36477,0.9991375
36481,5.185837e-05
36487,0.00017232589
36490,0.012077573
36491,1.998103e-05
36498,0.9996307
36504,1.4639592e-05
36510,0.00011744777
36517,0.0020077876
36520,0.00039243008
36522,0.00032660013
36526,0.0006697164
36530,0.0002733683
36535,0.0005111361
36537,0.99892706
36539,0.98687905
36541,0.9996923
36544,0.001211022
36546,0.9988317
36547,0.00021851377
36553,0.00010595213
36555,0.0013050777
36560,0.99909234
36565,0.00037045087
36570,0.0005915251
36572,0.091589585
36574,0.001068993
36583,0.9996742
36589,0.00044796016
36590,6.612456e-05
36597,1.3416124e-05
36606,0.0006328892
36607,0.00024205532
36608,0.00026281926
36614,0.00037576354
36618,0.00036100193
36619,0.0015460463
36627,0.99866605
36630,0.00044856544
36634,0.99571157
36641,0.9985688
36645,0.0002030336
36646,0.000501196
36653,6.384897e-06
36656,0.0011076523
36658,0.00054218416
36661,0.00036333193
36669,1.7259516e-05
36672,0.9973127
36673,7.4539166e-05
36680,0.0001831892
36683,0.99942017
36684,7.679951e-05
36689,0.0016917161
36696,0.98551023
36699,0.9995745
36705,0.0006317918
36706,0.00046141076
36713,0.00069556513
36716,0.00014710752
36717,0.0016387587
36721,0.9990539
36729,0.9997063
36730,0.00017812093
36739,0.00055315334
36740,0.99265444
36742,0.008659273
36749,0.00017797187
36752,0.0008929733
36753,0.0005009355
36754,9.706885e-06
36755,0.0006507737
36758,8.1044265e-05
36760,1.9137566e-05
36766,0.0002364386
36768,0.00035698237
36769,0.00014639639
36770,0.999121
36787,0.0005303106
36792,0.0006754623
36793,0.00085255847
36795,0.00040319012
36797,0.07050108
36801,0.000120292374
36802,0.000242986
36805,0.0006209556
36812,8.487367e-05
36817,0.0032608511
36819,0.0014613131
36821,0.9996948
36822,0.00037153682
36829,0.0004170038
36835,0.00014378704
36836,0.9994203
36838,7.755723e-06
36843,0.7901443
36845,0.0059172474
36846,3.9823753e-05
36849,0.0003210935
36850,0.000720654
36851,0.9979717
36854,2.0499809e-05
36858,0.9991767
36871,0.00010471319
36874,0.00019514555
36876,0.00030313924
36883,8.560491e-06
36888,0.9963888
36895,0.9987405
36899,0.00044007506
36905,1.8175677e-05
36911,0.00035568097
36914,0.9993032
36916,0.0003763522
36918,0.0005672665
36924,1.2316296e-05
36927,0.9977186
36930,0.9965461
36932,0.9978053
36934,0.99761933
36938,0.0004272877
36942,0.0005021646
36943,0.10375085
36954,2.8905399e-05
36961,0.00035147512
36963,0.00085585786
36964,0.0027940522
36966,1.0558865e-05
36969,0.00071792066
36974,0.00026278544
36977,0.0020010304
36990,3.1907264e-05
36993,0.00019950872
36994,9.710726e-05
36997,0.00052753196
36999,0.006956255
37004,7.511049e-05
37009,1.6120675e-05
37014,0.9991812
37017,0.0666151
37018,0.0003459456
37022,1.8974648e-05
37028,0.00012172073
37032,7.72341e-06
37034,0.00021363766
37038,0.00019887096
37039,0.0003186888
37045,0.00034320934
37048,0.009036423
37050,0.0007923764
37053,0.00035653342
37054,0.999283
37055,1.7942646e-05
37056,0.0005295067
37059,0.0005373926
37063,0.0010096638
37065,0.0019173494
37068,0.00020546991
37072,0.0008322638
37083,0.00063444284
37088,0.19525841
37090,8.884367e-06
37093,0.99901354
37096,0.0008268979
37100,0.0004949402
37102,1.0303408e-05
37107,0.0020026595
37108,0.99915564
37118,0.0013829053
37120,0.00075872533
37122,2.0107227e-05
37128,0.00045862515
37129,0.9998503
37143,0.00022352651
37146,0.07101764
37155,0.00059042504
37156,0.9999529
37162,0.00054813066
37166,0.054272093
37169,0.0034166425
37171,0.99617696
37178,0.00053404854
37183,3.656481e-05
37185,5.924695e-05
37195,0.0005200838
37197,0.99950266
37200,7.2627234e-05
37205,2.5003448e-05
37206,0.9985328
37208,0.00029869966
37212,0.00079276157
37217,0.00049717486
37219,5.0900244e-06
37221,0.00075179763
37222,1.3862362e-05
37227,0.0004588086
37237,5.5960772e-06
37238,1.3436046e-05
37255,9.776282e-06
37259,8.967951e-05
37260,0.0009933553
37261,0.00010081451
37263,0.00018613505
37267,0.00036627724
37270,0.0008969846
37273,0.00014641159
37275,0.9997727
37278,0.99959475
37279,0.060855597
37283,1.0824185e-05
37286,0.17381163
37288,1.7585477e-05
37289,0.00047203345
37290,0.0006144014
37292,0.00067930983
37307,0.0011621763
37313,0.99661046
37316,0.00026967115
37318,0.00015599649
37319,0.00034473505
37321,0.0011802152
37322,0.00031182406
37333,3.300435e-05
37343,0.9983315
37344,0.99840504
37346,0.00045197905
37355,0.001113069
37362,0.00014017985
37363,0.9993761
37365,0.99928385
37371,0.00011601998
37386,0.00016027478
37388,0.0007252821
37389,0.9993562
37393,0.0006823956
37397,0.9990872
37398,0.00018683901
37400,0.0002520216
37401,0.00045195577
37402,0.0005443525
37404,0.99992263
37405,0.000105421226
37407,0.0005122037
37418,0.000682808
37420,0.00028289613
37421,0.9998023
37422,0.0013510514
37429,0.00018173043
37432,0.0005701825
37439,0.99916756
37443,0.0012837413
37446,0.85750335
37455,1.2277726e-05
37460,0.0015405187
37463,0.00061408966
37467,5.6138426e-05
37468,0.00053330587
37470,0.00048641188
37471,0.99849796
37476,0.99872094
37481,0.0008652292
37482,0.00029869739
37483,0.00031059483
37487,0.00026163846
37493,3.6028476e-05
37494,0.99910307
37501,0.9989987
37505,0.00012235716
37519,0.09134173
37522,2.662988e-05
37525,0.00019279397
37541,0.99535877
37544,0.0009788796
37546,2.0879477e-05
37553,0.0002089801
37554,0.09741547
37563,0.009220027
37568,1.0066153e-05
37571,0.8560584
37573,0.05622993
37574,5.5159348e-05
37579,0.0013729478
37582,0.00023418026
37583,0.010478085
37594,0.010482858
37597,0.00013356181
37602,0.99890935
37608,0.00014925405
37609,0.0004661777
37610,0.00037143606
37614,0.0008131922
37615,0.000293602
37616,6.412913e-06
37619,0.00037356102
37622,0.00022950605
37643,0.0002004864
37646,0.9994099
37648,0.000573092
37650,0.005965854
37651,0.000668059
37656,0.000292211
37661,0.00019901455
37668,0.9991781
37669,1.161217e-05
37674,0.0009727436
37675,0.0007077766
37677,1.0281127e-05
37678,0.00030178827
37679,0.0016404078
37680,0.00038063238
37692,0.0006715376
37698,0.00033322253
37699,0.0018904076
37703,0.0022700194
37705,2.4822317e-05
37710,0.99930775
37713,0.00018080471
37716,0.0005822806
37719,1.1371057e-05
37728,0.000380654
37729,0.9987148
37731,0.0002546369
37732,0.0005591399
37735,0.9956552
37736,0.003339958
37739,0.00034558497
37741,0.9971439
37752,0.00018975668
37760,0.00081772165
37767,0.0013041203
37773,0.999209
37774,4.6883037e-05
37776,0.0002966164
37779,3.3760174e-05
37780,0.9991062
37781,0.0001247234
37782,1.7405817e-05
37785,0.0014403454
37786,0.0004595113
37787,0.8198935
37789,0.9980307
37790,0.98684096
37801,0.07439103
37804,8.66366e-05
37806,0.0010121627
37812,0.00011344567
37818,0.99926776
37824,0.0004297847
37827,1.115826e-05
37835,0.00028667256
37836,0.0038175066
37851,2.0222995e-05
37852,0.9948148
37853,1.1768314e-05
37855,5.6568122e-05
37859,1.2735144e-05
37863,9.9275916e-05
37866,0.99989164
37872,0.00043282373
37873,0.0002627376
37874,0.99974376
37876,0.00042665703
37884,0.00020838557
37890,0.00010833049
37891,0.99911743
37894,0.00071002526
37900,5.0491948e-05
37901,0.9991147
37902,0.0013197133
37903,0.00015300115
37909,0.00020722824
37914,0.0014646685
37915,0.9987608
37919,0.00040292402
37920,0.0001351847
37923,0.99966705
37924,1.0859431e-05
37930,0.00021725277
37936,0.9997727
37937,0.9983418
37940,0.99798536
37944,0.00029312095
37956,0.9986539
37959,1.1522453e-05
37964,1.08726545e-05
37966,0.99946994
37969,1.1144691e-05
37979,0.0003539879
37981,0.00013435684
37983,0.00023679619
37988,1.1499739e-05
37991,0.00014251105
37995,0.998589
37996,8.038973e-06
37998,7.5763305e-06
37999,0.0015391668
38001,0.0006799242
38002,0.0036803463
38007,0.9862916
38011,0.00046472708
38016,0.00038736998
38017,0.0001306565
38020,0.00086279266
38027,0.00020825567
38029,0.00016087022
38033,0.99923706
38036,1.3778656e-05
38053,3.263877e-05
38055,0.9995567
38060,0.99966884
38062,0.0004785399
38064,0.00018489402
38076,0.00021415445
38082,0.0016198895
38086,2.031851e-05
38093,0.9995691
38095,0.0008866109
38097,0.99896014
38099,0.00077756314
38102,6.8470516e-05
38108,0.0026798192
38111,0.0014589743
38114,0.00015771619
38116,0.0015779397
38117,0.0002609133
38120,0.00038972867
38124,0.00058930734
38135,0.00027486947
38145,0.99846494
38149,0.67220885
38150,0.00061400014
38152,8.776665e-05
38153,0.9986632
38158,0.99751234
38161,0.998889
38178,0.9988896
38179,5.913936e-05
38187,0.00020573162
38192,0.0013624117
38195,0.00047021688
38198,0.9991032
38199,0.0006275603
38204,0.00049064896
38206,0.9997671
38217,4.897515e-05
38220,0.00048613796
38221,0.99669766
38230,0.002014829
38234,0.07224601
38244,0.99882287
38246,0.0002531262
38256,0.06082034
38259,0.0034658748
38261,9.407042e-05
38263,0.00022074964
38269,0.00050586986
38275,0.99531823
38277,0.00042991093
38279,0.9997352
38280,0.0011687012
38284,1.7234925e-05
38287,0.00042715718
38291,0.0002539454
38292,0.08139786
38293,0.9986725
38301,0.99510586
38302,0.00011522592
38306,0.0006607516
38307,0.9996351
38312,0.00010772724
38315,0.00032723128
38319,0.0004130833
38326,0.84249574
38327,0.0005106569
38329,0.00011220574
38343,0.0005544305
38344,0.0012536532
38347,0.037571754
38353,0.00024546072
38356,0.00037040707
38357,0.00074313825
38361,0.09704411
38362,0.12549885
38368,0.00017577322
38369,0.0010866527
38371,0.00029279888
38374,4.8527403e-05
38375,0.00042141275
38377,0.0031440493
38378,0.9990734
38380,0.00019459946
38384,0.00059971673
38387,0.99842656
38390,9.5672185e-06
38391,0.0004999347
38392,0.042695567
38408,1.1524343e-05
38410,0.9981236
38423,0.07833271
38425,0.00031535694
38426,0.0002784132
38428,9.474788e-05
38431,0.9995877
38432,0.00033925343
38434,4.926745e-06
38435,0.0026673186
38436,0.9996215
38438,0.09538542
38439,0.00013088732
38440,0.0011038276
38445,7.439984e-05
38447,0.002336974
38456,0.0010591748
38463,0.99995553
38475,8.054766e-06
38479,0.113643415
38480,0.00020400251
38484,0.9905201
38486,0.00029341227
38487,2.6423693e-06
38497,0.00051308447
38499,0.8307328
38501,0.00060043426
38502,3.7668007e-05
38507,0.9980081
38512,2.8548173e-05
38517,1.6873893e-05
38527,0.0005403545
38530,4.6729647e-06
38532,0.00026429706
38533,1.0247425e-05
38535,0.99986935
38540,0.0014634987
38541,0.0006101371
38547,0.00020994172
38555,0.9979534
38561,0.0003674769
38562,0.00027922212
38563,2.5446887e-05
38564,0.000115365336
38565,0.00019895138
38566,0.99390453
38570,0.0005558727
38580,0.0001498557
38583,0.99808514
38585,0.00092478114
38586,1.0423618e-05
38587,0.00019172377
38593,2.9698307e-05
38594,0.0002865884
38597,0.00012321539
38598,6.200128e-06
38600,0.009908728
38604,0.0006959898
38607,1.5753283e-05
38608,0.00018049346
38610,2.9407069e-05
38617,0.0005076944
38621,0.04185226
38625,0.0007329262
38630,2.7340675e-05
38637,0.00085110683
38649,0.00020928179
38653,0.0005185837
38656,0.9994541
38662,0.99877435
38666,0.0013986416
38669,0.07114424
38675,1.3470328e-05
38680,0.1165432
38686,0.0005503603
38687,0.99750715
38689,0.0007739238
38690,0.9053531
38692,0.0007285602
38710,0.9942979
38712,0.99925405
38719,0.99865985
38726,0.00072689785
38732,0.0002350641
38742,0.0009799233
38743,0.9999063
38744,0.0010807754
38749,0.0012387242
38754,9.576128e-06
38758,0.99946564
38759,0.0012019331
38761,0.0001911949
38765,0.00023913082
38766,0.0016119581
38767,3.0344629e-05
38773,0.999067
38775,0.99816245
38778,0.0038516205
38781,0.0023547413
38784,0.00012554695
38787,6.5307513e-06
38789,0.005273449
38795,0.0003807077
38797,0.00018138038
38798,0.00035349082
38801,0.0021603021
38803,5.854513e-05
38809,0.9969207
38811,0.00036222383
38812,0.00099567
38814,0.000616849
38822,0.93725914
38831,0.00035600748
38836,0.0013298367
38837,0.00026984193
38840,0.99918467
38841,0.00045558315
38843,0.9979468
38844,0.99423885
38846,0.99914575
38848,5.1798384e-06
38851,2.8131246e-05
38853,0.99915755
38855,0.00056947
38864,0.0011552959
38870,0.00027034176
38871,0.050706744
38874,0.99949527
38880,0.00022847726
38882,0.000114630966
38891,1.7855658e-05
38896,0.0007095196
38899,1.822782e-05
38901,0.00012128452
38903,0.012091417
38904,0.99965715
38910,0.00076901884
38915,0.9992506
38918,0.0009789454
38923,0.0023315083
38925,0.004010272
38930,0.9999473
38936,0.00023746428
38938,0.00046158297
38940,0.9978769
38943,0.0020340949
38945,0.81382734
38947,0.0003418698
38950,2.4176876e-05
38956,0.000760812
38957,0.00044264444
38971,0.09065876
38972,1.0217837e-05
38979,0.00030678956
38985,0.00029933825
38989,1.3513741e-05
38992,0.9966961
38999,0.00022460817
39001,0.8462919
39002,0.0001460187
39003,9.398857e-06
39008,0.00023688514
39009,0.99950325
39014,0.03525836
39018,0.999571
39019,8.241845e-05
39021,0.99239665
39024,0.9702683
39028,0.0004848375
39029,0.0004862869
39031,0.00020031731
39035,0.0004417748
39037,0.00015534175
39040,4.8559992e-05
39054,0.0008279427
39064,0.998353
39065,0.00013121935
39069,0.06804385
39073,0.00027186805
39078,0.00012132131
39083,1.0677115e-05
39084,6.318026e-06
39085,5.946595e-05
39089,0.00016906527
39090,0.0001613669
39094,0.0003780172
39097,0.00018164242
39099,0.9950354
39102,0.0006328494
39103,0.99823534
39105,3.6746616e-05
39106,6.0138536e-05
39111,0.9802675
39112,8.941846e-05
39113,0.9998784
39117,0.12364706
39123,0.0016084817
39124,0.00049880234
39130,0.0824312
39133,0.0006988658
39135,0.037914705
39140,1.3167995e-05
39144,5.4193933e-05
39145,2.2921691e-05
39151,0.0005935008
39155,1.3298055e-05
39166,1.536905e-05
39167,0.9912627
39174,1.7584252e-05
39176,0.00086966733
39179,0.0002133356
39180,0.0016606901
39181,0.00015400759
39184,0.9993812
39185,0.059296623
39186,3.4802746e-05
39190,0.00058131653
39196,0.9994271
39199,0.00032174774
39205,0.9992926
39207,0.91455793
39212,0.0005140481
39215,0.00023919126
39216,8.262481e-06
39219,0.0004319828
39221,0.9996555
39225,0.00019435264
39227,0.001158286
39229,0.9990369
39230,0.0006452826
39231,0.07301287
39233,0.00049846625
39235,0.0004213087
39237,0.99815315
39246,0.000121202895
39247,0.00045793495
39248,0.9995536
39249,0.00039794174
39254,0.00027492896
39257,0.00027932887
39260,0.9987035
39265,0.056976568
39270,0.9989986
39272,0.078293905
39274,0.04910125
39282,0.0003819664
39287,0.9966144
39289,0.00021922372
39290,0.00041584068
39305,0.99922264
39309,0.00013813365
39318,0.99967897
39320,7.5236654e-05
39325,0.0010691589
39327,0.07535382
39328,0.00022678396
39329,0.9983682
39333,0.0003305921
39336,0.0011674922
39338,0.0009433541
39339,0.004585453
39340,0.9999399
39341,0.00011855837
39344,0.9982462
39345,0.00020847519
39355,0.00015136562
39356,3.3906043e-05
39357,6.099158e-06
39359,0.0061054705
39361,2.788182e-05
39362,0.0006693371
39367,7.6217043e-06
39372,0.9991634
39373,0.0004870345
39377,0.0023134009
39385,0.99868876
39386,1.6845097e-05
39393,0.00013367023
39396,3.4970235e-06
39406,0.00017768751
39408,0.0003061167
39411,0.00016706134
39412,0.99857056
39413,0.9999585
39415,1.6179725e-05
39418,4.2195848e-06
39429,0.9999579
39433,1.076298e-05
39435,6.121721e-06
39441,0.00024055592
39453,0.00017607516
39466,0.0002089287
39480,0.9997148
39505,0.9982582
39507,1.3939383e-05
39519,9.919425e-05
39522,0.00014705255
39540,0.00042838257
39552,0.0018376767
39554,0.00070248963
39555,0.99769896
39561,0.0005422013
39569,0.00015260557
39571,0.0016921149
39573,0.0018972532
39575,0.0001673986
39579,0.0003556542
39582,0.006808941
39588,3.1084626e-05
39591,0.9261182
39595,0.000120216464
39600,0.00012701626
39605,3.1613443e-05
39608,0.99909544
39614,0.0011313452
39621,0.000120223114
39624,0.99923694
39625,8.660917e-05
39628,0.00014349652
39629,0.00031115586
39631,0.000116309304
39632,0.99927586
39636,0.00014316195
39639,0.0010844051
39641,7.362271e-06
39649,0.041252133
39651,0.00058402756
39657,0.00049449503
39671,0.0001216517
39672,0.000102633334
39676,0.00018140546
39679,0.9996352
39683,0.00010325117
39686,5.55603e-05
39688,0.9959279
39693,8.721541e-06
39694,0.00047521834
39698,0.00031425754
39699,0.0001298482
39702,0.99888843
39703,0.9988986
39707,0.00070659985
39710,0.99559057
39712,0.00011975217
39716,0.00047589172
39717,0.002940266
39718,0.99965
39719,1.1116402e-05
39730,0.00012470342
39731,0.00018333895
39734,0.00015777786
39737,0.00012386106
39740,9.973645e-06
39744,0.00029007677
39746,0.00022931948
39747,0.00041007283
39752,0.00011031918
39762,4.3316148e-05
39764,0.06596432
39768,6.1707105e-06
39770,9.057867e-06
39772,0.99988616
39775,0.99548763
39784,0.081166424
39785,0.9983619
39790,1.4444179e-05
39792,0.00028302587
39793,0.99426275
39797,2.7471378e-05
39798,0.8423148
39799,4.2071806e-06
39806,0.0001652275
39807,1.8499806e-05
39815,0.00013354042
39820,0.0013163176
39831,0.00051378703
39832,0.00014303315
39837,0.0003562076
39838,0.008500642
39841,0.00091844343
39843,0.000259014
39844,0.0022075053
39848,0.0051038675
39856,1.8555818e-05
39859,2.8245713e-06
39860,0.99831593
39862,0.004016795
39865,0.00046402987
39869,0.0002788534
39892,0.00021029754
39897,0.00052887975
39899,0.00019893545
39904,0.000104107945
39917,0.0010032625
39939,0.0061811153
39943,0.00037044115
39945,0.00035614465
39946,0.0002868475
39949,7.240926e-05
39950,0.0006395747
39956,1.9823667e-05
39957,0.000111819725
39963,0.00031734566
39966,3.6554207e-05
39973,0.00045561654
39975,0.0005839329
39980,0.0015769552
39981,0.00022046463
39982,0.00022458911
39985,0.9995974
39987,0.9196937
39989,0.9996612
39996,0.9993517
40004,0.00060590764
40009,0.0006682545
40016,0.0005017761
40017,0.99994195
40019,0.00024379519
40025,0.00019822294
40028,0.00015866903
40030,0.9947813
40032,0.999959
40033,1.8382521e-05
40037,8.507089e-05
40038,0.0001980854
40043,0.00021343875
40052,0.9999329
40061,0.0003502135
40062,0.0002898299
40075,0.00062868156
40076,0.00032108708
40088,0.9996401
40095,0.00036207418
40097,4.669227e-06
40100,0.0001089797
40110,3.106288e-05
40113,4.2033982e-05
40116,0.9974159
40120,2.123501e-05
40122,0.99882215
40123,0.00018926483
40124,1.485482e-05
40134,3.989179e-05
40135,6.420599e-05
40138,0.00047654362
40141,0.0007773423
40142,0.00029786842
40148,0.00016949832
40151,0.000481164
40163,0.00016564156
40165,0.0005968229
40170,0.00031126238
40171,0.00023973029
40175,1.7069293e-05
40179,0.013325618
40181,0.999014
40185,0.0026210446
40197,0.00014049659
40202,0.0006555045
40206,0.00014746691
40210,0.00036898445
40215,0.99915695
40216,0.00024955877
40225,0.00020133333
40229,0.037909534
40232,0.00065786584
40264,0.0002045707
40265,0.9984328
40267,1.03112125e-05
40269,0.007672316
40272,0.000260492
40281,0.0011906072
40286,0.00084075634
40291,0.0001465795
40292,0.001236027
40298,0.00020647189
40310,0.99987733
40324,7.474445e-06
40328,0.0008613293
40329,1.5018875e-05
40332,0.0014649852
40337,0.999699
40338,7.0401205e-05
40345,0.000515003
40351,0.00013591563
40353,0.00049999426
40356,0.99880457
40363,0.00020648054
40366,1.3344919e-05
40374,0.00020554809
40375,0.0004185877
40388,0.00011609601
40395,0.0005137371
40397,0.99939144
40399,0.001236829
40408,0.000248794
40410,0.00017970472
40412,0.00018231028
40426,0.00011291985
40427,0.00026383658
40436,0.0007252576
40437,0.11396708
40440,0.9989889
40445,0.82499754
40447,5.023652e-06
40450,7.72811e-06
40452,0.0971664
40454,1.40529155e-05
40461,0.00025263193
40462,0.11657413
40472,0.028134247
40485,0.000746726
40490,0.99869114
40493,0.9947477
40499,1.1056086e-05
40504,0.00081514387
40512,0.00025385222
40517,0.99961984
40528,0.00029135172
40535,1.5408366e-05
40545,0.00015121486
40548,0.99938977
40554,0.00017518878
40565,0.0005649622
40571,0.029477336
40572,0.00020074082
40576,0.00011135728
40581,1.3208016e-05
40583,0.007103531
40592,0.99960345
40596,0.00058224617
40597,3.649517e-05
40600,0.0003665906
40601,0.9996418
40603,0.0004265271
40604,7.55878e-06
40608,0.0003885003
40617,2.993177e-05
40620,1.1099103e-05
40631,0.0006001476
40632,4.5032742e-05
40640,0.9999236
40642,0.0016147462
40644,0.9992187
40646,7.501457e-05
40658,0.000427458
40663,1.9603858e-05
40666,0.9974783
40667,0.00046359174
40670,5.335779e-06
40673,2.6411564e-05
40681,0.00044996804
40694,0.00036976708
40699,0.00011086989
40701,6.299195e-05
40705,0.9992157
40706,2.6368025e-05
40710,0.00036263658
40711,0.9984363
40715,0.9994885
40718,6.6527646e-05
40725,0.0006190732
40729,0.99892056
40731,0.00012389566
40735,0.99883705
40741,1.0808907e-05
40743,0.00017634079
40751,0.0005580146
40752,0.00034164338
40753,0.00015121054
40754,0.007827516
40756,1.4199243e-05
40765,0.00047765233
40768,1.8319624e-05
40775,0.0002148908
40780,0.9989022
40782,0.00020329727
40791,0.00010680615
40794,0.00015729057
40796,0.000109537505
40805,0.12905838
40815,0.00064907066
40819,0.9989262
40821,0.00031719502
40822,0.9983078
40825,0.00011511742
40827,0.0002469377
40831,0.11406513
40843,0.99969757
40849,0.0007073841
40864,0.00068619987
40865,0.00015030806
40866,0.0002531595
40867,0.0663472
40873,0.00021745007
40878,0.9950347
40879,0.00011518913
40882,0.0004411625
40885,3.0382676e-05
40892,0.00011751028
40894,0.00044056444
40895,1.23285645e-05
40899,0.9975504
40901,0.00015326061
40911,0.9998778
40913,0.8820808
40919,0.99895334
40924,0.0003413305
40925,0.00011691556
40926,0.000377923
40930,0.9990753
40937,0.9998988
40938,0.001992813
40945,0.00053845166
40954,0.0001807094
40956,0.00010785737
40959,0.00020057858
40963,0.00039221506
40969,0.00053323066
40970,0.0007202331
40976,0.00010372001
40982,0.063056804
40986,0.00017794354
41006,0.00035075544
41008,2.92898e-05
41009,0.9936905
41013,3.6287915e-05
41019,0.00033918957
41025,0.0004052364
41031,3.1734235e-05
41032,0.0005093461
41033,0.0019544836
41037,0.00041273475
41040,0.014210885
41044,0.00055285165
41045,0.0003870442
41048,0.00056007114
41055,0.0002096179
41057,0.0001694547
41058,0.9998041
41062,0.0002058668
41069,0.000106310705
41070,0.0001152445
41072,0.05011143
41074,0.0008350891
41077,0.00029609737
41080,0.00021026627
41082,0.0007328947
41084,1.8086732e-05
41087,0.9988741
41088,0.00034280043
41095,0.00021857399
41096,0.005149241
41101,0.9993687
41102,0.00010466328
41106,0.05543625
41111,0.00020150463
41117,0.00090143125
41124,0.0005516893
41127,0.00011529638
41135,9.547786e-06
41138,0.00072585157
41139,9.29769e-06
41143,9.425714e-06
41144,5.0949217e-05
41153,0.00013621624
41165,0.10075709
41166,0.9993298
41172,0.9995927
41176,0.00097412505
41177,0.00044328056
41186,0.00025536408
41187,9.765016e-06
41191,2.6047296e-06
41196,0.9999578
41197,4.668722e-05
41209,0.00038809757
41213,0.99831116
41216,0.0004986811
41218,0.99879754
41220,5.7030527e-05
41221,0.00048729408
41223,0.0013851223
41224,0.15238915
41235,0.99965906
41239,0.0026613912
41242,6.3932807e-06
41244,0.000594308
41245,0.00041685317
41246,0.00010322293
41250,0.0003392206
41251,0.00018252387
41252,0.9496775
41254,0.00011195789
41256,0.9977604
41257,0.12606996
41261,0.015675167
41268,3.7477497e-05
41270,0.84729505
41272,0.00026852483
41276,1.0148605e-05
41278,8.912983e-06
41279,0.00010091069
41281,0.0018596223
41284,0.0001602705
41285,0.00020088979
41287,0.0011511106
41289,2.3294197e-05
41291,0.0028051652
41292,0.9991949
41295,6.073828e-05
41299,0.9030731
41306,0.90738416
41313,0.00088730425
41315,0.00028468264
41317,0.0017318667
41318,0.9960224
41325,0.00011562304
41331,0.99973553
41332,0.00017494489
41335,0.00014672325
41341,0.00056420936
41345,4.498501e-06
41352,0.00014774066
41358,0.99788266
41359,0.0019578368
41365,0.00031532143
41375,0.00036577738
41388,0.00039358216
41399,9.696642e-06
41402,0.00036072722
41413,4.2633765e-05
41414,0.08905198
41416,0.99878234
41423,0.9981456
41425,4.0854004e-05
41427,9.794219e-05
41429,0.0005744431
41430,0.0025385912
41432,0.0052117854
41439,0.00028067888
41440,0.083980285
41445,0.00036542292
41449,0.0016220302
41451,0.0063575464
41453,0.0007815322
41460,0.99765706
41467,2.0864967e-05
41468,0.0009694762
41469,0.0018462851
41475,5.7406316e-05
41480,0.00020787357
41488,0.9994435
41492,0.92163676
41499,0.9992908
41501,0.86420244
41503,0.00027483932
41510,0.9525587
41511,2.4140129e-05
41518,0.99996185
41524,0.0015028112
41527,0.000174728
41530,0.0005193026
41540,0.9997365
41541,9.974501e-06
41546,0.0025797358
41554,0.012791242
41555,0.007984636
41559,0.99951184
41573,0.00026784342
41577,0.99935347
41583,0.0007851511
41584,0.13344854
41587,0.011158011
41591,0.00041225442
41596,0.0004475871
41600,0.00012655613
41601,1.6352657e-05
41614,0.0012289054
41617,3.135203e-06
41631,7.094305e-05
41634,0.99935764
41644,0.00028394643
41647,0.00037234137
41655,0.00034169288
41661,0.00017135704
41666,0.9997553
41668,0.00026022937
41669,0.999624
41677,9.1615175e-06
41682,0.0005850306
41683,0.004259165
41685,0.99862266
41693,0.99873513
41695,0.9996791
41698,0.10935864
41706,0.99937683
41707,0.0058868593
41712,0.09788342
41715,0.102659
41723,4.9234804e-06
41726,0.00020784147
41728,0.00047403254
41735,1.2567633e-05
41738,0.002061771
41742,0.00017503349
41756,0.99893016
41757,0.00022453429
41760,9.8142455e-06
41761,0.00027378302
41763,2.5080515e-05
41769,0.0005502976
41771,0.00019099083
41772,6.4473825e-06
41776,0.9987717
41778,1.9532534e-05
41785,0.0002508687
41787,1.932817e-05
41790,0.00042927047
41797,0.99374205
41798,0.00020273436
41801,0.00021013038
41802,0.9984995
41805,0.9952592
41811,0.0008784006
41816,6.1256105e-06
41818,0.05633506
41831,0.00043397452
41834,0.043577112
41839,0.008040197
41847,0.9979286
41850,0.011740157
41852,1.9954312e-05
41853,0.0034695016
41855,0.00018502698
41859,1.2590426e-05
41871,1.0710801e-05
41875,0.99975127
41885,0.99985933
41898,9.842073e-06
41901,0.000116843556
41903,0.9977252
41904,0.95533365
41908,0.99981755
41910,0.00015917896
41915,0.00020886159
41920,0.00039434887
41923,0.0014161693
41927,0.004935713
41931,0.00013326222
41934,0.00041997363
41942,1.6359752e-05
41956,0.996944
41957,1.7264585e-05
41958,0.036428425
41959,0.00042772377
41961,0.0008517778
41967,0.99867237
41970,0.00053132325
41973,0.9996321
41991,0.99925476
41993,0.00051251403
41997,0.9979479
42005,0.00070435397
42009,0.998884
42011,0.99988973
42012,0.0003938128
42022,0.9881402
42024,0.00042063073
42026,0.9985209
42036,0.8545998
42042,0.99254006
42043,0.0016270819
42044,1.359178e-05
42047,0.0080357
42048,2.474069e-05
42060,0.0001993511
42062,0.00010378759
42070,3.4779187e-05
42079,0.8629418
42082,0.0005575146
42084,0.9998708
42085,0.020869976
42087,0.0007597072
42097,0.0001490835
42099,0.00020503523
42100,0.1068256
42101,0.9975573
42115,0.00028640838
42116,0.00015900527
42121,0.9994066
42122,0.99941516
42127,0.9998307
42130,0.0003918251
42131,0.00025464175
42132,0.9986688
42138,0.00022680104
42144,0.043018706
42149,0.01730697
42156,3.23028e-05
42160,0.00045959363
42170,7.709294e-05
42173,0.0007554237
42174,6.954054e-05
42176,0.99673754
42177,0.00049178046
42178,0.8917653
42183,0.9955142
42186,0.00043617343
42187,0.9977679
42188,0.9989286
42193,0.8781336
42194,0.00048236415
42196,0.9983998
42200,0.00073060254
42204,0.0008904939
42216,0.99868494
42223,2.1571072e-05
42227,0.00011970011
42228,0.99868935
42229,0.99826056
42243,0.00043226025
42244,0.00033181437
42245,0.0019502864
42248,0.00018016263
42251,0.9993905
42252,0.01449082
42254,0.007757765
42265,0.0006434997
42273,3.688336e-05
42275,0.00050144567
42281,0.00021853212
42286,0.9998311
42287,0.00038483102
42289,0.00012294557
42303,0.99551505
42304,0.999113
42305,0.9992685
42306,0.00012089124
42308,1.3766558e-05
42315,0.99993885
42319,0.0006381201
42321,0.99914527
42337,7.901234e-05
42341,0.9993542
42348,0.10428637
42352,0.99979836
42355,0.05530041
42373,0.99691415
42375,0.99858356
42384,0.001617476
42398,0.00059288513
42400,2.007366e-05
42401,0.00023406686
42405,0.00040147646
42407,1.1482283e-05
42410,0.06591586
42411,0.0033902135
42412,0.00053668086
42415,0.00087766186
42420,2.0977934e-05
42426,0.99926525
42428,0.0011126985
42437,0.0009153948
42439,0.00038815546
42441,0.0008283147
42447,0.00041766
42458,0.0026854107
42470,0.00043092374
42476,0.00038127232
42481,0.9996965
42484,0.00029470836
42485,0.0005850719
42488,0.00011248117
42490,0.9991804
42494,0.0027954185
42497,0.00010713951
42498,0.9055463
42499,0.00024282087
42500,8.8945286e-05
42507,0.00014083447
42508,9.976166e-06
42509,5.839976e-05
42510,5.560329e-05
42519,0.93439543
42523,0.013213343
42526,9.311032e-05
42532,0.011636366
42535,0.0006486835
42537,1.2344436e-05
42542,2.8872644e-05
42549,9.192577e-06
42550,0.0077810404
42579,0.0001393064
42583,3.43496e-05
42584,7.957089e-05
42593,0.0004093034
42595,6.22896e-05
42596,0.00061712274
42601,0.00041481366
42604,5.854669e-05
42609,6.5563186e-06
42611,0.00079240854
42616,0.00086999306
42623,0.9992587
42624,0.9999132
42628,7.757797e-05
42635,0.0005393377
42637,0.1197273
42640,0.00022769242
42641,0.99911124
42643,0.00027635464
42645,0.00014297642
42651,0.00040529223
42652,0.0028298278
42653,0.0007682091
42654,0.011516228
42659,0.8676314
42660,2.6686774e-05
42665,0.00025593248
42670,0.052827574
42687,0.0005843343
42690,0.9977718
42695,0.0011966543
42700,0.9963296
42709,0.99908936
42714,0.0005685428
42724,1.1970645e-05
42733,0.99912614
42740,2.3157998e-05
42741,0.00029160656
42748,0.9985808
42749,0.00037627542
42753,0.00016842665
42754,5.21077e-06
42759,0.009599909
42765,7.411651e-05
42774,0.9976094
42779,0.9995701
42780,1.6874648e-05
42781,0.00021591174
42784,0.000104350955
42786,5.3819e-05
42787,0.9994093
42793,0.00021928853
42795,0.010711525
42796,9.7973665e-05
42800,3.411182e-05
42814,0.00034610758
42828,0.00028286537
42830,0.00015582166
42831,0.9988971
42834,1.1941877e-05
42838,0.00013784746
42844,0.0003023504
42850,0.00022321683
42852,0.99971336
42853,8.93449e-05
42854,0.0032760485
42862,0.00023678581
42864,0.00041786072
42877,1.8645469e-05
42884,0.00061755313
42887,0.9680296
42888,0.9928254
42889,0.99818265
42903,0.9967463
42904,0.00043112077
42907,0.00019715118
42910,1.1690707e-05
42912,6.541945e-05
42921,7.579706e-06
42923,0.0005262212
42934,0.9981824
42937,5.7823054e-06
42938,8.532616e-05
42940,3.5228524e-05
42947,0.9947594
42948,0.00020544384
42951,0.00026556026
42960,3.8452697e-05
42962,3.0383142e-05
42963,1.8683471e-05
42964,2.3303151e-05
42969,9.842605e-05
42974,0.0002725111
42976,0.00015563739
42977,9.409189e-06
42978,0.99330056
42986,0.00043399623
42989,0.00045957373
43002,5.5574877e-05
43004,0.9992392
43011,0.0002885905
43012,0.00010636474
43019,1.0970843e-05
43022,2.0183343e-05
43032,1.1588274e-05
43033,0.99922276
43035,1.3040527e-05
43037,0.00048599546
43038,0.0003403268
43042,9.611029e-05
43051,0.0002965938
43055,0.99935347
43056,5.46535e-06
43057,0.00032386693
43059,8.14417e-05
43062,0.00019923461
43065,0.9957463
43066,0.00076215155
43067,0.0001878576
43078,0.00023016457
43081,0.00011864715
43084,0.00035541388
43087,6.107067e-05
43088,0.00040736512
43090,0.001225934
43091,0.00013986355
43094,0.9989849
43100,0.9956226
43102,0.00018593975
43109,0.9920402
43112,0.99900645
43114,0.0011965254
43115,0.00049635925
43116,5.1957195e-06
43118,0.9998109
43119,0.0003658979
43121,0.00021868155
43123,0.0005373263
43132,0.00019848508
43140,0.0007385362
43147,0.9997564
43159,0.99987674
43161,0.00837619
43169,0.00019289086
43170,0.00066189456
43174,1.6623353e-05
43177,0.99657416
43180,0.9986388
43182,0.001930803
43191,0.00015463725
43194,0.00030162057
43196,0.9998281
43201,0.99792755
43207,0.0044401577
43208,0.991459
43211,0.00029854194
43212,1.795997e-05
43213,0.00022184895
43219,2.2606437e-05
43220,0.00087325997
43224,0.99597424
43236,0.00016707728
43237,0.009884455
43244,0.00026265596
43248,7.125253e-06
43249,2.5485791e-05
43253,0.9989507
43259,0.00022485737
43263,0.99968433
43265,3.3467604e-05
43269,0.9958929
43282,0.0001353667
43285,0.00049764995
43287,0.99821967
43293,0.89465266
43294,0.9989241
43299,5.8832466e-05
43300,0.99996233
43313,0.9986971
43325,0.09982176
43329,0.0019388867
43334,0.00036729392
43335,0.0005296196
43339,0.99853647
43343,0.0012065915
43346,0.99932516
43347,0.0016280544
43348,0.0005353479
43355,8.221115e-05
43361,0.00024578694
43364,1.4267722e-05
43368,0.0001492152
43369,0.00044452993
43374,0.00035946377
43384,0.13216257
43387,0.0005056662
43391,0.00050507154
43392,0.04107344
43394,1.1071637e-05
43395,0.9937463
43396,3.5504681e-06
43398,0.9999647
43406,0.0004703987
43411,2.955557e-05
43413,0.9975795
43415,4.1251442e-05
43416,0.99995565
43417,0.00023070152
43420,0.00012185673
43421,0.99969494
43425,1.7127211e-05
43434,0.99894565
43448,0.0005439584
43450,0.00023394637
43458,1.6038864e-05
43459,0.00039425882
43466,0.00017429802
43469,0.99848974
43475,8.305894e-06
43479,0.9994885
43480,0.0003146008
43486,0.9990164
43491,0.0006993625
43503,0.0003062349
43506,1.8957628e-05
43532,0.00014667794
43537,7.953811e-05
43541,0.99970824
43543,0.9995091
43546,0.0021068077
43547,0.9993629
43549,0.9860386
43550,0.06719256
43551,0.061636288
43557,8.117166e-06
43559,0.00045861534
43567,0.00011391298
43584,0.00013018356
43586,0.9994709
43591,0.9969338
43594,0.00018466797
43596,0.0005573898
43603,0.00046993975
43608,0.00012225442
43615,0.99594647
43619,0.00015685802
43620,0.00021067343
43621,0.0005032828
43638,0.99525213
43640,3.2773325e-05
43641,1.703204e-05
43644,6.74376e-05
43646,0.00015243265
43647,0.0013168148
43649,0.00017273505
43664,0.0012895899
43666,0.00070524693
43670,0.0024351822
43672,0.0002612511
43678,0.000714751
43680,0.00013289905
43685,0.99968183
43687,0.99960464
43690,1.1415202e-05
43701,0.00089301023
43702,0.0009392224
43709,0.0009098519
43718,0.99877566
43722,0.00042970627
43728,0.0002337192
43731,0.0001785549
43738,0.00028974787
43741,0.00060488516
43746,0.99829584
43747,0.00023277271
43755,0.9999684
43758,0.00057535514
43762,0.00073078746
43763,5.8961923e-05
43772,0.0101348255
43777,0.0010543369
43795,0.00023785334
43798,1.3101358e-05
43801,0.00017744084
43802,0.00045027243
43812,0.99418133
43817,0.0009544157
43818,0.99331385
43819,5.4185766e-05
43821,0.9997004
43822,0.0002976782
43824,0.0007472289
43830,0.9988662
43831,0.0003136915
43843,0.99772435
43854,1.4986925e-05
43857,0.00031381834
43860,1.0525075e-05
43864,0.00018394095
43865,0.00041816576
43866,0.00020715533
43867,0.00025858168
43870,1.317846e-05
43872,0.00032437925
43873,0.99994516
43875,0.99880886
43878,0.005385237
43882,0.00015307323
43883,8.40736e-06
43892,0.0006010168
43894,0.9996476
43909,0.00028874626
43910,0.00075485336
43914,0.00056416524
43918,0.00040673435
43921,0.078202955
43926,0.00023944862
43927,0.85961753
43931,9.9358995e-06
43933,0.99972755
43935,0.0008293702
43936,0.9987588
43940,0.99796873
43944,2.9657524e-05
43945,0.00033665754
43947,0.016664736
43955,0.00022382595
43958,0.0009008637
43960,0.9942503
43965,0.000238053
43966,1.29871605e-05
43967,0.008633254
43969,0.050200105
43970,0.00041468992
43974,0.98057234
43979,1.9374067e-05
43990,0.00016758099
43993,0.99924195
43994,0.99415696
43996,0.9967134
43999,0.0003056734
44000,0.99800915
44003,0.9994272
44004,0.9996786
44005,0.99968076
44012,0.00040293823
44015,0.99948454
44020,4.7735015e-05
44021,0.00022487411
44022,0.9999572
44023,1.9433503e-05
44024,4.634818e-06
44025,0.99898726
44029,0.00012734735
44030,0.00041637398
44051,0.000105439816
44054,0.99638414
44057,0.00018893235
44058,0.0010837545
44062,2.5705842e-05
44065,0.011280371
44067,0.07046798
44072,0.07380133
44076,0.00029367927
44078,0.99984777
44081,0.99905235
44082,0.0009798332
44093,1.9150491e-05
44101,6.276895e-05
44112,0.03273369
44114,3.0355743e-05
44115,0.08581282
44122,0.99842286
44126,0.00027382947
44128,0.0011770076
44129,0.014232591
44130,0.9984242
44133,1.350109e-05
44137,0.0001554111
44139,1.401126e-05
44147,1.5884681e-05
44150,0.00025411206
44156,0.00055771205
44165,4.7876707e-05
44167,0.9989182
44171,0.00028483034
44172,0.9992436
44173,0.0045389403
44174,5.1125404e-05
44176,0.00011246754
44187,0.00051737134
44188,1.88454e-05
44191,8.15936e-05
44200,0.00088307867
44205,0.15218465
44207,4.633761e-05
44209,0.99784493
44210,6.3823522e-06
44217,0.9989273
44218,0.99895227
44221,0.9990522
44234,0.9986222
44236,0.0004323958
44237,2.3741914e-05
44238,0.10059783
44240,0.9997681
44245,0.0023048478
44246,0.00038189706
44249,0.9973615
44250,0.0001826823
44252,0.0010513784
44260,0.9994005
44269,1.0921612e-05
44288,1.6995209e-05
44290,0.99932694
44291,0.9964928
44295,0.99830925
44304,0.99977416
44310,0.00030939726
44320,0.0055464967
44324,0.0001953468
44326,0.0007746004
44331,0.00044254021
44339,0.00018415031
44344,0.9923947
44347,0.00052794896
44348,0.00047441202
44349,0.0010238478
44356,0.00029408833
44357,3.9925367e-06
44362,0.0002886637
44367,0.00031574952
44371,0.00022822776
44376,0.00011375342
44377,9.580604e-05
44378,0.000280008
44383,0.9994128
44386,0.99916446
44387,0.0005672792
44393,7.74577e-05
44396,0.9996123
44398,0.00027898236
44399,4.4745193e-06
44404,0.0005104488
44405,0.00025617247
44413,0.000629377
44414,0.99906725
44417,0.00030343767
44419,0.004475364
44428,0.0003379475
44430,0.0005842764
44436,0.00020129762
44440,0.00031222773
44442,0.102438964
44446,0.0006574061
44450,0.0004107647
44453,0.0019509974
44454,9.291979e-05
44460,0.013469511
44464,0.0010362674
44467,0.0009790686
44468,1.9653107e-05
44473,0.00054341863
44483,0.00012899273
44484,0.0010803733
44485,0.0004362406
44487,0.0003229832
44489,0.00885332
44492,0.00021748261
44494,0.99918276
44495,0.0001822265
44503,0.9994142
44504,1.1577007e-05
44508,0.00018358105
44512,5.6694766e-06
44514,0.0704985
44529,1.0626497e-05
44530,0.9995285
44531,0.11939622
44535,0.0005951872
44536,0.00070715393
44553,0.00079367845
44555,0.00033208024
44558,0.9999621
44560,0.0009227488
44561,0.0011228069
44564,0.993328
44569,0.0012032544
44575,0.0002022187
44587,0.08190051
44588,0.9972446
44592,0.00040603493
44593,0.00019804762
44598,0.06491614
44601,0.00041038997
44604,0.00016205246
44607,0.99901843
44613,0.00022408325
44615,0.99939775
44619,0.999265
44625,0.99716634
44627,0.0011907876
44628,0.9986172
44636,5.3618755e-06
44637,0.9980714
44642,0.99906415
44649,5.824142e-05
44653,1.1026234e-05
44657,0.00055151054
44658,0.00035359885
44664,1.2141054e-05
44666,1.2717072e-05
44667,0.00047978727
44668,0.0004993858
44669,7.1058457e-06
44672,0.00013804674
44677,0.0003643128
44679,0.0020294085
44680,0.00047462934
44684,0.00890111
44695,3.4421708e-05
44696,0.99865866
44697,0.0007135743
44711,0.06975076
44714,2.6342137e-05
44715,1.5755433e-05
44720,0.14902729
44725,0.001339607
44728,7.68302e-05
44730,0.0011943033
44735,0.99890447
44737,0.0005235573
44739,0.00010083268
44741,1.2495284e-05
44744,3.7769698e-06
44745,0.99938345
44754,0.99899846
44757,5.371256e-05
44759,0.9957859
44766,0.00052590156
44767,0.99937445
44769,0.00046564298
44771,0.9999542
44772,9.5383075e-05
44776,0.0005168875
44781,0.9988758
44782,0.00051870727
44784,8.943278e-06
44792,0.00028008624
44800,0.078044705
44802,1.2159733e-05
44803,0.000105637584
44804,0.99946827
44805,0.99875665
44810,0.0003307781
44821,0.9982982
44823,0.00063105935
44825,0.00032735203
44826,1.0964807e-05
44828,0.00040940565
44829,0.00021344058
44834,0.99996555
44840,0.9992299
44842,0.00044983465
44844,0.10135492
44847,0.00013175132
44857,0.00046229523
44860,0.9949248
44864,0.0003271776
44874,8.901291e-05
44876,2.2126493e-05
44877,0.00040339827
44879,2.904508e-05
44881,0.00036037713
44890,2.1606093e-05
44899,0.0001620427
44902,0.99867415
44903,4.7496036e-05
44904,0.091368705
44906,0.00066960184
44908,0.00023900524
44909,0.0004433032
44916,0.00011626229
44917,0.0025791274
44919,0.00072934345
44921,0.000158377
44925,0.00042520592
44927,6.942293e-05
44928,0.001126861
44929,6.344841e-06
44943,0.07273939
44944,0.00015878423
44945,0.99855715
44948,0.00011824483
44952,0.0004586269
44955,0.0005986357
44957,0.9985586
44959,0.9882647
44961,0.008415273
44962,0.0002295113
44966,0.0010167495
44971,0.9997632
44972,0.97620595
44975,0.0003868325
44976,9.5271125e-06
44977,0.99845433
44979,4.0086097e-06
44980,0.0002736935
44981,0.995133
44982,1.9225865e-05
44986,0.00030885029
44991,0.0005419326
44993,0.0011678092
44995,0.0015734298
44996,0.00020773547
44997,3.728841e-05
44998,0.99944705
45007,0.0005424806
45013,0.9977985
45014,5.634744e-05
45015,0.99651057
45016,0.00068629894
45018,9.444691e-06
45020,0.004776553
45028,0.00020191602
45033,0.9977817
45036,2.2429513e-05
45044,0.0001913698
45050,0.9993975
45063,0.99537706
45064,4.9968683e-05
45071,1.6107306e-05
45076,0.8775455
45077,0.03118326
45080,0.00014404625
45088,9.4160105e-06
45089,1.0865285e-05
45091,0.9975044
45094,0.058105085
45099,0.07697837
45108,3.9429084e-05
45111,0.06990013
45127,0.003078342
45135,0.00019170513
45137,4.337989e-05
45139,0.10359689
45140,0.00036892114
45142,0.0022824132
45143,0.117471896
45163,0.00038468777
45171,0.0012800181
45172,0.00020722765
45174,0.00024562672
45179,0.0003246998
45189,0.04056774
45194,0.00022806048
45197,1.675119e-05
45211,0.8779001
45224,1.682153e-05
45229,0.00022192702
45230,0.00040788273
45236,0.0009172121
45237,0.99891007
45240,0.062204618
45242,0.00013747794
45251,0.0013120639
45261,0.000106477084
45271,5.6145225e-05
45280,0.0006308688
45281,0.0007722861
45289,0.99975926
45291,8.9217036e-05
45292,0.00045708995
45294,0.00031271958
45297,0.9997619
45301,0.00024707522
45303,0.0004620584
45305,1.2163339e-05
45306,0.99995005
45312,0.99819344
45315,0.00027713168
45316,0.0025927678
45317,0.00033503346
45327,7.4828895e-06
45329,0.9999784
45331,0.0005078764
45333,0.0019643155
45337,0.00076519203
45338,0.00032006294
45340,3.7593654e-05
45341,4.5483207e-06
45350,0.00020903889
45355,0.0001563053
45358,0.00019344618
45361,0.00025036454
45367,0.9982059
45377,0.99731606
45378,0.00030827164
45379,0.010582564
45382,0.00036507437
45383,0.99670714
45388,6.7267654e-05
45391,5.2038718e-06
45395,2.1963584e-05
45401,0.00093901344
45402,1.8246064e-05
45406,0.014469841
45411,0.0019738164
45412,0.99823606
45413,0.00083670556
45416,0.00075794314
45420,4.0904724e-06
45421,0.011602545
45423,0.00026408726
45435,0.9988907
45443,0.9999627
45455,0.00016101448
45461,0.0005195084
45472,0.0009269768
45485,0.0801899
45490,0.0831037
45506,0.99996185
45507,0.0004897605
45513,0.9953642
45514,0.00014784987
45519,6.6922184e-06
45520,0.0038762358
45521,0.000314626
45522,0.00015604365
45528,0.089981146
45532,0.9063968
45536,0.00019319734
45539,1.1771199e-05
45545,0.00025022277
45546,0.00048826676
45553,0.0012428405
45556,0.9153554
45557,0.00021108502
45567,0.00015588096
45575,0.9991524
45578,0.0001819482
45580,3.3999226e-05
45589,0.001180571
45590,0.00021377805
45592,2.6770838e-05
45603,0.0005938695
45604,0.00022190798
45606,0.0016826174
45611,0.00073307776
45617,0.08652642
45620,0.8587868
45625,0.00030220806
45627,3.7374743e-05
45628,0.0011337115
45633,0.9988117
45638,0.00024211692
45642,1.0407625e-05
45643,0.0004423015
45647,0.9937649
45650,0.0004462707
45653,0.0009977891
45654,0.89849555
45658,0.00034323847
45661,0.004012179
45670,0.004443106
45673,0.038971357
45685,0.05621655
45691,0.00050220574
45693,0.9985794
45694,0.99673235
45696,0.99962044
45700,0.6754347
45703,0.9995239
45708,0.9989773
45711,0.09547759
45714,1.264139e-05
45717,6.538945e-05
45721,0.00052520726
45722,6.277446e-05
45723,0.9973627
45726,0.0007563705
45733,0.00039418915
45735,9.579352e-06
45737,0.00023473239
45743,0.0019132594
45746,0.00052614696
45749,0.9943281
45751,0.9996674
45752,0.99877316
45757,0.9955272
45759,2.5170582e-05
45764,0.0006815062
45768,0.008990814
45781,0.98606086
45785,0.00025011282
45798,0.99944645
45801,1.6918622e-05
45808,2.6880049e-05
45814,2.466622e-05
45815,0.99967945
45816,0.000263001
45825,0.99978155
45828,0.0019188704
45831,9.503825e-05
45832,0.0004571553
45834,0.13724901
45844,0.00033874926
45847,0.9999603
45848,0.00035949406
45853,0.0015532848
45854,0.00012442631
45856,0.0001462662
45861,0.99969804
45862,0.0024882406
45871,0.9976928
45882,0.00034028853
45891,0.00060621725
45893,0.00033162118
45898,0.0020136242
45901,0.99964774
45905,0.9992686
45908,0.0011346607
45911,0.0012640313
45919,0.0004501969
45928,9.647916e-05
45931,0.006166078
45934,0.0006287625
45938,0.0025585333
45940,0.9994956
45944,0.8591352
45950,0.9993062
45953,0.08419419
45954,0.06695696
45960,0.00010234854
45965,0.00019477098
45967,0.00012985327
45968,0.056944177
45976,0.00039134762
45977,2.4637682e-05
45978,0.00012610921
45985,0.06365504
45986,0.9996625
45994,0.00026354694
45997,0.00019601101
45999,0.07750383
46000,0.13691002
46001,0.00013735896
46006,0.00059009285
46010,0.00069085316
46011,0.99996555
46012,0.999493
46016,0.99894077
46025,0.9934149
46027,0.00013560585
46029,0.0011222819
46036,0.0011030298
46041,0.0004913384
46043,6.117087e-06
46050,0.99993694
46053,0.0027263241
46059,6.364613e-05
46060,5.2918426e-06
46063,5.5738452e-05
46070,2.6562917e-05
46071,0.9994894
46076,0.00029892987
46078,0.00048770718
46081,0.000121746736
46084,5.5796103e-05
46087,0.00015968611
46092,0.00082183874
46093,9.257124e-06
46096,0.0005188109
46105,2.1172667e-05
46110,0.995665
46114,1.902382e-05
46116,0.99890804
46120,0.00019413428
46121,0.999485
46127,0.9999546
46132,1.333061e-05
46136,0.003170922
46138,0.99592304
46140,0.00027019615
46142,0.00034640846
46143,0.99845314
46145,0.0005347107
46151,7.3440874e-06
46156,0.004932616
46160,0.0012425362
46161,0.0032072957
46172,0.00033094938
46186,1.1478374e-05
46187,0.00046672902
46199,0.99517727
46201,0.000143447
46205,0.0006348611
46210,0.9908698
46220,0.007174392
46222,1.9396139e-05
46227,0.00038183373
46231,0.0018129349
46237,0.99378765
46244,0.00022862568
46247,0.0013375322
46250,0.00042544267
46251,0.00044106515
46252,0.00030231324
46253,0.001135462
46256,0.0010917942
46257,0.99939084
46259,0.99835855
46261,0.0011124066
46263,0.06256053
46265,0.00020959091
46266,0.9996319
46270,0.00016404243
46273,0.0003469475
46277,0.9991049
46284,2.2040189e-05
46288,0.00015103014
46291,3.5018544e-05
46304,0.0023929693
46306,7.310571e-05
46320,1.3047021e-05
46321,0.9401749
46323,0.99382174
46327,7.113178e-05
46332,0.0004057716
46336,0.9984819
46339,1.5172494e-05
46341,2.4579082e-05
46342,0.00013419999
46343,0.99396425
46345,0.060549296
46349,0.99733883
46354,0.00050684676
46356,0.000269871
46363,0.00081308954
46366,0.00045368363
46367,0.00082167075
46369,0.00010163216
46373,0.99861896
46376,0.0007085577
46381,0.9992693
46388,0.0003989917
46389,0.00046991333
46390,0.9960037
46396,6.70182e-05
46400,0.000456002
46404,0.007829204
46408,0.99493945
46409,0.99995553
46410,0.0001530509
46411,0.0008402782
46413,0.10378743
46416,3.687014e-05
46419,0.99819946
46428,0.005308327
46432,0.9994161
46433,0.000119698634
46434,0.0004308521
46438,1.4317733e-05
46442,0.00041817554
46443,0.00033615707
46446,0.0014008618
46449,0.00068385067
46456,0.9203892
46469,0.9990398
46473,0.00049083633
46474,1.9573352e-05
46483,0.0005866186
46486,0.0006419173
46490,0.00017918013
46494,0.99524754
46495,0.030711064
46499,7.823204e-06
46503,0.00014497183
46506,0.00022785726
46518,0.0004293701
46519,0.0006307163
46526,0.10111235
46528,0.99911135
46533,0.00052112737
46540,8.387598e-05
46543,2.4096062e-05
46548,0.99871314
46549,3.945688e-05
46553,0.00012003697
46555,0.00011980678
46557,1.8101347e-05
46561,0.0005169792
46567,2.1741827e-05
46568,0.94233346
46571,0.00018435778
46580,0.0007489752
46581,0.00016266193
46582,7.0731426e-06
46592,0.07625697
46594,8.371452e-06
46595,0.000779329
46597,0.9994987
46599,0.0011386242
46602,0.00043418264
46612,0.9995776
46623,0.00040182163
46625,0.9997807
46630,0.0012472074
46642,0.99971443
46645,0.00025324232
46648,0.0007656639
46659,0.00046611283
46662,0.0017604026
46670,0.0005328285
46671,0.00035126475
46678,0.9979552
46681,0.9908862
46687,0.0015036287
46688,2.4542074e-05
46689,0.94992596
46690,0.00010342727
46697,7.660946e-06
46709,4.971906e-06
46711,0.9981236
46717,0.0003960408
46718,0.0011313003
46719,0.00032864316
46720,0.00021775464
46722,0.0012599617
46726,0.00034745212
46729,0.000120845376
46731,0.00033188306
46732,1.863866e-05
46750,0.999821
46752,0.00029959064
46754,0.00068848045
46763,0.009751407
46774,0.00066987827
46776,0.00032915207
46780,0.99746835
46784,0.0010274354
46786,0.00022868735
46791,0.00029377954
46793,0.8529799
46796,8.075349e-06
46806,0.9959164
46820,0.9996644
46824,0.0007061414
46826,0.07492515
46830,0.0002506712
46831,0.00016543809
46837,0.0009867746
46840,0.9982291
46841,0.9983911
46842,0.00051497895
46845,3.5474965e-05
46846,0.99885774
46852,0.00019995778
46855,0.000615471
46860,0.000353915
46866,1.1902117e-05
46868,0.0004972789
46871,0.0006983232
46873,0.000406702
46874,0.001520232
46882,0.99896
46888,0.048301138
46893,0.00032330886
46896,0.0014619972
46898,0.035366774
46900,0.00030397475
46907,0.00027825
46908,0.9999579
46911,0.00042850204
46912,0.00017354
46914,0.99885416
46915,0.9978479
46916,1.0836982e-05
46919,0.00057203986
46921,0.0004903154
46927,0.0003493007
46932,0.000511904
46933,0.9973671
46934,0.9996501
46948,3.928069e-05
46952,0.99916935
46954,0.00041615177
46956,5.8385842e-05
46963,1.7732174e-05
46964,0.9932609
46966,0.000120202705
46969,0.00011863798
46971,0.9989563
46973,0.0025671916
46974,0.08605611
46980,1.738828e-05
46985,0.078851044
46987,0.004947784
46998,3.737599e-05
46999,0.00012738901
47002,0.9994199
47003,0.9958646
47006,0.0017335387
47007,0.99870694
47013,0.05780931
47015,0.00090036006
47017,0.0033926924
47026,0.068650715
47032,4.7416893e-06
47033,1.9218349e-05
47035,0.0011911273
47044,0.00057489687
47048,0.0001860027
47050,5.7333003e-05
47055,0.00014747128
47056,0.99952483
47062,0.00047951748
47067,0.00037187294
47070,0.00021839027
47072,1.5945057e-05
47075,3.3489345e-05
47076,0.99947256
47079,0.9988668
47080,0.00017705685
47084,0.0008202411
47086,0.00014912999
47091,1.3266059e-05
47097,0.99420553
47100,0.0005571818
47102,0.9976077
47103,0.927498
47106,0.9124719
47109,0.00067967153
47113,0.9987204
47114,0.0005944468
47121,6.2579284e-06
47133,7.198791e-05
47137,0.0004208736
47138,0.00014997004
47139,0.79063314
47140,0.9998615
47143,0.99939406
47145,0.00038086833
47147,0.005996901
47149,0.00016845796
47150,0.13683166
47152,0.0003415771
47155,0.9999505
47157,0.9991535
47164,0.9985391
47169,0.99861443
47174,0.00047090565
47184,2.721726e-05
47188,0.00076474296
47189,0.00037283666
47192,0.9999567
47193,0.07905782
47194,2.4446514e-05
47196,0.00015927765
47210,0.016992835
47215,0.0023335835
47218,0.9993711
47220,0.00017084916
47222,0.9996252
47227,0.0006505728
47228,0.08878038
47233,0.9025885
47237,7.285234e-06
47238,5.52921e-06
47239,0.99918777
47240,0.015305743
47243,0.9940698
47250,0.1943357
47251,0.00602852
47252,0.00014479969
47253,0.110248454
47254,7.114698e-05
47258,0.99879277
47260,1.7522516e-05
47263,0.9987962
47264,0.00022302623
47269,0.99995184
47274,0.00013833848
47277,3.6638282e-06
47278,0.00017935636
47282,1.118657e-05
47286,0.00036248795
47288,0.00094518665
47291,0.9987733
47292,6.0592203e-05
47296,0.00016693588
47300,0.99719715
47304,0.00015059052
47306,0.00036281932
47307,1.1312561e-05
47309,0.0005859994
47315,0.9999565
47316,0.9986324
47324,1.1070814e-05
47325,0.00027990364
47326,0.99912184
47327,0.9985221
47328,0.00016658382
47336,0.0001319418
47342,0.00019189219
47346,6.4022264e-05
47347,0.0005179622
47351,0.00052756944
47364,0.07941126
47365,0.0015966175
47375,9.194498e-06
47376,0.00010594566
47384,0.0029120466
47390,4.367648e-05
47395,0.99780554
47398,0.9997439
47411,0.9992637
47416,0.99949324
47417,0.00048588036
47418,0.00021854087
47425,4.553223e-05
47434,9.7953205e-05
47456,3.979866e-05
47457,0.9996105
47465,0.00079865195
47466,0.9990096
47472,0.00010820772
47475,0.0003229038
47478,0.00027039176
47479,6.468772e-06
47487,0.9994766
47497,0.0007076052
47498,1.2086699e-05
47503,0.0010460907
47509,0.00017241087
47516,0.0013493373
47520,0.00018578982
47524,0.95328104
47525,4.137553e-06
47537,0.0006483226
47541,0.0020627503
47550,0.99257576
47551,0.0014953427
47555,0.0032125881
47560,0.0038972802
47563,0.00019296462
47565,0.00046864137
47571,0.99969435
47574,0.9993166
47583,0.00082766695
47585,0.99861825
47590,0.00019637035
47600,0.0003701949
47608,0.99641114
47611,0.0009806845
47614,0.0016992715
47615,0.00038361532
47620,0.0013144929
47627,0.99976236
47632,0.00010973311
47633,0.0019044382
47634,0.9999579
47636,0.00015198506
47637,0.0003530589
47641,0.99905294
47654,2.6548432e-05
47655,0.0003604433
47662,2.775263e-05
47663,1.1370102e-05
47667,0.0039195362
47669,0.00016900063
47671,9.961649e-06
47672,0.00036398994
47675,0.99995494
47676,0.0005995373
47691,0.00042231963
47692,0.0002724545
47696,0.00011310779
47697,0.000104692925
47699,0.9994598
47706,0.99455005
47714,0.00015694958
47715,0.00044140776
47717,1.10237315e-05
47718,0.0011400926
47720,0.0003572205
47722,0.0014401012
47737,0.9976618
47742,0.12737717
47744,0.00016917345
47751,2.9583487e-05
47753,0.00018073368
47755,0.004166292
47758,1.3480505e-05
47760,0.99909115
47768,0.9998011
47773,0.9987748
47777,2.5390356e-05
47785,0.0007072206
47787,0.0012989307
47790,0.00015593284
47801,4.422975e-05
47804,0.9987471
47809,0.00020968246
47811,9.6624135e-06
47814,0.99966097
47815,0.9988667
47823,0.00024207054
47828,1.08391005e-05
47831,9.016567e-06
47839,0.0006606407
47840,2.2859847e-05
47853,0.00021839463
47860,0.00021347376
47871,0.00024781673
47876,0.998949
47877,0.03667259
47878,0.00022894
47886,0.07392207
47887,8.043878e-05
47891,1.3799353e-05
47894,0.0010450832
47899,3.1102092e-05
47903,0.00017445066
47906,0.000292668
47914,2.1725744e-05
47915,0.00037785582
47916,8.21613e-06
47920,0.00023898951
47926,7.165998e-06
47928,0.9981877
47929,7.0596034e-05
47930,0.00016341716
47939,0.00016508621
47942,0.0005702214
47945,0.0023831679
47947,0.00016664133
47949,0.00029234897
47955,0.0012459329
47956,0.00020395059
47962,1.0046206e-05
47974,0.0011720329
47977,0.9960444
47978,3.2659602e-05
47996,0.13045198
47998,0.0016896809
47999,0.017851062
48010,0.00014895234
48016,0.9982108
48017,0.00013602388
48018,0.12501323
48021,0.00052069617
48030,0.0006115944
48033,0.000112999565
48035,0.0005598742
48041,1.3112207e-05
48044,2.0356136e-05
48046,0.000913882
48047,0.000296325
48050,0.9988211
48058,0.0042572664
48065,0.0003657284
48066,0.0028168357
48075,0.0002452032
48081,0.00055398466
48082,0.00073863164
48090,0.11684498
48098,0.99975413
48104,0.0003065428
48105,6.200607e-06
48107,0.00051520084
48110,0.9999647
48115,0.99584514
48119,1.2057273e-05
48120,3.511566e-05
48122,0.0002287118
48127,0.00039153852
48131,0.00011953552
48136,6.443115e-05
48144,2.425609e-05
48147,0.9993531
48150,0.098180376
48152,0.81434375
48171,0.99917907
48174,0.00032209148
48177,0.0025632298
48181,0.0004193206
48194,0.00058268366
48199,0.99934405
48200,8.1560764e-05
48203,1.0614191e-05
48205,0.0006861231
48207,0.00032679076
48210,0.21877849
48211,0.8330354
48219,0.00068478065
48221,0.9996195
48223,0.110711366
48237,0.0013538207
48240,0.0009915758
48241,0.00010895528
48245,0.00010171874
48248,0.9997167
48253,1.1860387e-05
48259,0.0005226327
48260,0.9994709
48261,0.000296451
48262,0.00018808736
48268,0.000112336995
48271,9.6983995e-06
48273,0.00028838587
48274,0.0011439257
48279,0.00028384465
48286,0.056205302
48289,2.6307944e-05
48295,0.09775264
48301,0.000311125
48304,0.00016479213
48306,0.00020425962
48315,1.4010939e-05
48316,0.99805695
48319,0.00014786934
48320,0.0010275602
48323,0.00020964009
48334,0.998978
48336,0.9050932
48341,0.99823844
48342,0.06616621
48350,0.00039458091
48363,0.99847263
48370,0.0008499766
48377,0.00052068895
48384,1.39127815e-05
48397,0.99825376
48403,0.013118931
48405,0.99971074
48406,0.0006248159
48413,0.99986506
48414,0.0007582642
48417,2.3087567e-05
48423,0.00051293656
48428,0.00058953156
48431,0.99954754
48434,0.9978179
48437,0.00012812347
48438,0.101643816
48441,9.306868e-05
48447,7.127627e-05
48450,1.1139271e-05
48458,0.99378115
48462,0.00034148773
48464,0.09638753
48465,9.558366e-05
48467,0.104768254
48469,0.00013776401
48480,0.0001961187
48481,1.20624945e-05
48485,0.00023910141
48494,0.0004097768
48496,0.99023813
48514,0.9186222
48521,0.9975089
48524,5.2426713e-05
48526,0.0006275633
48528,0.00030228123
48538,0.0005058585
48540,0.9989497
48545,1.93038e-05
48551,0.99540293
48552,0.00011874686
48556,0.00054603885
48558,0.000108951856
48563,0.00014737653
48564,0.0002913395
48566,0.0004448016
48575,0.00031219437
48576,0.11787244
48577,0.99945766
48580,0.0016121538
48584,0.0005421002
48585,0.0010042948
48588,0.114250824
48604,6.130892e-05
48610,0.00014858424
48615,5.6614535e-05
48620,0.0002656332
48626,0.00028948387
48627,0.00089473405
48635,0.00033523666
48639,0.001233644
48643,0.99666506
48650,4.7980175e-06
48656,0.99886525
48658,0.07708981
48660,0.00044495304
48662,0.024460623
48682,0.8322603
48684,0.00010976262
48688,0.00031990308
48689,0.00036736237
48693,0.0005429708
48694,0.99823123
48695,1.0678021e-05
48699,0.99924254
48700,0.00042354706
48715,0.0078952
48728,0.00022316046
48735,0.00015526326
48736,0.00033566728
48742,0.00023779641
48743,1.222692e-05
48745,0.00025718464
48746,0.9979857
48748,2.2564867e-05
48757,0.00024860527
48759,0.00587593
48772,0.00021729172
48777,0.0014877567
48787,0.9918841
48788,0.082421444
48795,0.0006106517
48798,0.00049107475
48799,0.00036651632
48807,0.00746385
48810,8.315215e-05
48811,0.00017075388
48812,0.998009
48816,0.9982729
48819,0.0007864412
48823,0.00020720808
48829,0.0005305657
48831,0.99985373
48833,0.99922645
48842,0.00036187336
48844,0.00045265857
48849,0.10339162
48851,0.00012977257
48855,1.3850508e-05
48856,0.0003618204
48859,0.00030734783
48863,0.9991567
48871,0.9979285
48872,0.00027683988
48873,1.5956954e-05
48874,0.00022958792
48876,0.13959982
48877,8.728074e-05
48878,0.9997602
48879,0.086421706
48882,0.00012727997
48887,0.99797744
48890,0.00021364336
48895,0.16918308
48897,0.0004084
48899,0.000704829
48904,0.99613285
48910,0.0008939667
48912,0.99869955
48915,0.00012416164
48919,0.9997943
48922,0.0001602508
48925,0.9997167
48926,0.9997563
48928,0.0006392438
48929,0.0012671696
48932,0.0007330665
48943,8.988713e-05
48951,0.08899714
48957,3.555137e-05
48960,0.9991277
48961,0.0005235214
48977,0.00010193625
48979,0.0004173681
48981,0.00013727974
48982,0.00015203883
48986,0.996031
48996,0.00079313107
49007,1.4078162e-05
49008,0.00032292472
49009,0.00068136066
49011,0.0012199379
49014,0.000121090045
49015,0.0036757193
49024,0.0006903266
49025,0.008294229
49026,9.959645e-06
49027,2.9884966e-05
49033,0.99914145
49043,0.00086259464
49046,0.998863
49061,0.00013210194
49063,0.00016417903
49065,0.00094211317
49068,0.99682695
49073,0.00027708203
49075,0.0006034562
49082,0.09457112
49083,0.9989772
49087,0.00015436736
49089,0.00021610451
49093,0.00031963206
49099,0.99996686
49105,0.00010925502
49112,0.9974648
49113,0.9869162
49126,0.99703324
49131,0.8234221
49136,9.783578e-05
49140,0.00030940995
49146,0.097720966
49147,0.0001300555
49151,0.9953204
49156,0.0041417726
49160,0.0007444325
49162,8.673505e-05
49168,0.99769706
49169,0.00030537776
49175,0.00025152997
49176,0.0002306901
49181,0.0012027834
49182,0.0010951009
49186,9.3739545e-06
49194,0.08823478
49200,6.7763885e-06
49209,0.0002041099
49210,0.0012168869
49211,0.011359385
49215,0.0018960075
49222,0.0029151954
49230,0.99830353
49234,0.9988871
49240,0.9988796
49242,0.9993204
49245,0.00034467372
49246,0.0004222508
49247,0.00041339587
49256,4.6783443e-05
49259,0.00033598903
49268,1.7969822e-05
49272,0.00093467935
49279,0.0016679633
49280,0.998645
49281,0.99996054
49282,0.00019596504
49284,1.3589732e-05
49285,0.00038423
49289,0.0003167771
49293,0.00012975474
49294,3.932657e-05
49296,0.00026888042
49298,0.00052106206
49300,1.755602e-05
49303,3.0612857e-06
49306,8.91612e-06
49307,0.00083587086
49308,0.00013476436
49310,0.99934644
49311,0.0005502147
49314,0.93356675
49321,0.00010406229
49322,0.000120753466
49324,0.00520812
49326,0.99538285
49336,0.0024057112
49338,5.7848974e-06
49347,0.000102600265
49350,0.00012783278
49351,0.00020127803
49352,0.98728496
49353,0.0015406801
49355,0.09020712
49369,0.00061860785
49372,0.9990375
49379,0.0009425935
49383,0.9989059
49385,0.00045637638
49387,0.07984333
49392,0.00032187352
49393,0.04148885
49396,5.5816495e-06
49401,0.78349584
49404,0.00024288085
49405,0.00032348337
49412,0.9937202
49419,0.99699056
49421,0.0013219349
49422,0.00023374059
49424,0.00037128385
49426,0.0006045506
49428,0.058739595
49431,0.003188237
49433,0.00043712498
49439,0.0008984914
49440,0.9999287
49441,2.3000366e-05
49443,0.99856853
49448,0.00011154124
49450,3.135888e-05
49454,0.00050530554
49466,2.6472437e-05
49467,0.00029254527
49468,0.0002614225
49482,7.35578e-05
49483,0.9999337
49484,0.00031844765
49488,0.9955491
49489,0.0005871993
49493,0.9989893
49495,0.00032148036
49501,0.00018835676
49505,0.00019748231
49506,0.03392577
49507,0.99992204
49508,1.2043953e-05
49511,0.005401538
49523,5.4345505e-06
49525,0.00050766824
49526,0.08399223
49527,0.0019425582
49528,0.11116128
49529,0.8554627
49530,0.9996433
49534,0.00034554576
49535,0.000908086
49538,0.00051075255
49543,9.061737e-06
49545,0.001839826
49546,0.00018361818
49548,0.00018978183
49550,0.00079672923
49552,0.99614453
49553,0.0002345796
49559,0.99189997
49563,0.000351052
49564,0.0005756181
49566,4.517873e-05
49578,0.14735666
49579,0.00040776376
49586,0.0013239565
49589,7.794295e-06
49597,1.3270956e-05
49598,0.9958644
49607,0.00011323611
49617,0.99823004
49623,1.0232728e-05
49624,0.9957396
49626,0.00025700498
49628,0.00012959041
49632,0.0011676963
49634,0.7809569
49635,9.896693e-05
49638,0.99995255
49640,0.00054437254
49641,3.81869e-06
49644,0.00025788468
49645,5.0751467e-05
49652,6.253946e-05
49653,0.008311631
49659,0.0002301944
49661,1.7986538e-05
49663,0.99877495
49666,0.9943509
49668,0.00079442153
49670,0.99685967
49674,0.99955016
49682,0.00015928296
49683,1.330729e-05
49685,0.99893075
49686,0.0864029
49691,0.9989182
49693,0.013574869
49695,1.2169791e-05
49701,0.00046798377
49702,0.999181
49703,5.9415074e-06
49704,5.660794e-06
49708,0.00015842973
49709,0.00032623357
49711,0.001247021
49714,0.0011046103
49718,0.99963
49721,1.157129e-05
49722,0.0001904847
49730,0.06048231
49732,0.9915377
49734,0.0007578153
49738,0.00015973364
49739,0.00010733493
49741,0.054164764
49742,0.00017513415
49743,0.99895835
49750,0.007475958
49751,0.99848336
49752,0.00032090253
49759,1.0215684e-05
49760,0.000273604
49761,0.06635536
49766,0.0006927107
49768,2.186736e-05
49774,0.99874383
49777,0.99819994
49780,0.99980575
49789,3.417723e-06
49795,0.03577877
49797,0.0051631466
49798,0.0008318448
49802,0.00017493822
49805,0.0010511652
49809,0.0013452292
49811,0.0003742101
49822,0.00050615927
49825,0.9984837
49831,0.00010109378
49838,0.08158983
49839,0.00031669435
49843,4.962771e-05
49847,2.469277e-05
49848,0.046660267
49850,0.00071169547
49855,0.107131585
49856,0.054325532
49858,1.20491695e-05
49859,0.00057157304
49862,7.252944e-05
49863,0.004340325
49864,1.8911274e-05
49865,0.99991405
49866,0.9992085
49867,0.9987123
49871,0.0015542464
49873,0.0003883207
49875,0.00045397523
49879,0.99649954
49882,0.9959651
49885,0.9988042
49890,0.00042143045
49896,0.050903752
49898,0.00013630303
49900,1.2455166e-05
49903,0.00041676595
49906,0.00032802808
49907,0.99920744
49908,0.026450196
49909,0.0011651014
49911,0.000249209
49915,0.0005398127
49923,0.00025248938
49931,2.4887999e-05
49932,0.00093372696
49937,0.0005543782
49940,0.000464165
49946,0.00045743037
49947,0.8355136
49950,0.982487
49961,0.9991831
49962,9.25206e-05
49968,0.9983968
49971,0.00017395965
49973,0.0005463093
49980,0.99943274
49981,0.9996165
49989,0.00070573273
49991,0.9986721
49993,0.0013717618
49994,0.0006084261
49998,6.194024e-05
50000,0.00096045993
50008,0.9964557
50010,0.0008032714
50011,0.9982597
50012,0.99954104
50013,6.9565285e-06
50015,0.092734985
50016,4.308663e-05
50021,0.00052523677
50026,4.129434e-05
50027,0.9993819
50028,0.0006402303
50031,0.90375835
50054,0.015437649
50058,1.0944863e-05
50062,0.11695445
50063,0.00024655563
50065,0.00035630728
50069,7.514359e-05
50070,0.00028999656
50082,0.00011427953
50084,0.9996463
50086,0.00019556428
50087,0.9913189
50091,2.834539e-05
50097,0.00039287235
50099,0.9979948
50109,0.000104769424
50111,9.504342e-05
50114,6.951813e-05
50118,1.6689895e-05
50119,0.00012791326
50122,0.00039496383
50123,0.0002825686
50130,2.3884413e-05
50136,0.000108457105
50142,1.4689826e-05
50144,0.99899966
50147,0.999321
50156,0.9989367
50159,0.0003148138
50161,0.00036584208
50168,0.9966619
50169,0.0003552025
50170,0.00027236668
50174,0.007622855
50179,6.276057e-05
50187,0.99936813
50188,0.999335
50189,1.8405117e-05
50191,0.00025378275
50196,0.0001319725
50199,0.00092037633
50203,0.00075925014
50206,0.99921274
50207,0.996557
50209,0.9995963
50211,0.00011867509
50215,0.00043526298
50218,0.00017417243
50223,0.9999578
50225,0.9983316
50231,2.3963858e-05
50232,0.083657116
50237,0.00017524992
50238,7.724058e-06
50242,0.0001081938
50243,0.00037365808
50245,1.3837201e-05
50262,1.3471522e-05
50263,2.4664223e-05
50268,1.2888172e-05
50269,0.00017579469
50271,0.09721506
50272,0.00012500594
50280,0.0001177684
50283,0.00046834574
50286,0.00065513916
50291,0.0005474691
50293,0.00032820608
50296,0.049466908
50301,0.0034719014
50302,0.9988444
50303,3.1750958e-06
50304,0.99890006
50306,0.00040856004
50314,0.9997174
50322,0.9991998
50323,0.97083485
50324,0.042108007
50327,0.00021041789
50331,0.00038180078
50338,0.00076858694
50339,0.9991912
50343,0.9994167
50344,8.6859036e-05
50345,0.00013592055
50359,0.0008580564
50370,0.00015998483
50374,0.00034925077
50379,0.00072828605
50382,0.00016037415
50388,0.0001239076
50389,0.0004353493
50392,0.99922526
50395,0.00027138946
50398,0.0018748125
50404,8.699735e-06
50407,0.009562673
50408,0.9942106
50413,0.00026420763
50423,0.0002845475
50424,0.00050421385
50428,0.00020573004
50432,0.00019884972
50443,0.00041073107
50444,7.1527524e-05
50446,0.9997626
50447,0.09909403
50448,1.0526159e-05
50451,2.7883201e-05
50467,0.00010138069
50468,0.004469674
50469,0.0006412229
50470,0.99574226
50474,0.00045572233
50475,0.00025055342
50477,0.0019187827
50481,0.9994869
50482,0.9939633
50484,5.8290596e-05
50488,0.0008865091
50496,0.0044935714
50497,2.0085608e-05
50499,0.0010791853
50503,0.0017690108
50513,0.0001577237
50518,8.108168e-06
50519,0.9995415
50522,0.0007888656
50532,0.00037183412
50533,0.0027865614
50538,0.00072542386
50541,0.9975841
50543,2.6270764e-05
50545,0.9991685
50548,0.00011876284
50549,0.000580366
50554,0.00025929764
50555,0.0013045409
50562,0.00039354034
50575,0.99623364
50576,0.9999361
50581,0.007696128
50584,0.00015883752
50587,0.00036917604
50590,0.004105435
50601,0.0003260989
50604,0.00693921
50608,0.00060256687
50609,0.00059019524
50610,0.0003862118
50615,0.00019832201
50616,9.063302e-05
50622,9.156835e-06
50626,0.00055000576
50630,0.9945657
50642,0.0010049174
50644,0.9948525
50665,0.99993527
50668,0.00043888486
50672,0.99868244
50677,0.000112138674
50679,0.00028939667
50680,0.00020806374
50681,0.00019474517
50682,0.99964607
50688,0.0025023774
50692,0.016572073
50693,0.00020763704
50696,0.9992218
50697,0.0017096455
50698,3.0391662e-05
50702,0.00011398155
50713,0.9968941
50718,0.0003827693
50720,0.00018575828
50721,0.00021286076
50726,1.2037581e-05
50734,0.009899288
50736,1.2708852e-05
50737,0.9997049
50738,0.0004465373
50753,0.000531613
50754,0.8944389
50756,0.99603456
50759,0.002024865
50771,0.00035347667
50772,6.0832648e-05
50774,0.0003159079
50775,0.0015586169
50783,0.9987066
50785,0.9948402
50787,0.0004148014
50793,0.99818724
50794,1.707732e-05
50795,0.0022313464
50799,0.0011730035
50800,0.796209
50802,0.00017002034
50804,0.00025455726
50811,1.0633613e-05
50812,4.1637617e-05
50818,8.55118e-05
50819,0.99630487
50823,0.0024124864
50825,0.9987727
50826,0.0006611005
50829,0.00054649805
50831,0.9996687
50832,0.9988807
50833,3.2096839e-06
50840,0.045523174
50850,0.9994665
50859,0.9995004
50860,0.9997124
50870,0.0022840144
50874,0.0004984789
50875,0.00019036721
50877,3.6309826e-05
50878,0.00020538294
50880,0.022191491
50882,0.99265677
50898,0.00024380191
50901,0.00012546773
50902,0.001805841
50910,0.00017599158
50911,0.00012677704
50912,0.0005879091
50916,0.015950482
50917,0.00013999443
50921,8.397746e-05
50925,0.0011900959
50929,0.7407047
50930,0.00046184528
50938,9.3775765e-05
50944,8.268614e-06
50945,0.00080004474
50949,8.134422e-05
50950,0.00024025819
50957,0.00019745425
50965,0.104935095
50966,9.85903e-06
50969,0.00018965178
50972,3.006193e-05
50973,0.00087371015
50975,0.00017562328
50977,0.00071829394
50982,0.00034924858
50987,0.011177261
50989,0.0012627094
51001,1.6643578e-05
51006,1.497124e-05
51007,0.00029603302
51010,0.056433994
51011,0.99624604
51012,0.105367504
51020,1.0037471e-05
51022,1.1754631e-05
51023,2.1820655e-05
51026,9.925461e-05
51028,0.9985869
51030,8.976782e-06
51042,0.9997032
51046,1.0272944e-05
51053,1.1639111e-05
51057,0.99812704
51059,0.0004251307
51064,1.9741394e-05
51069,0.0006647197
51076,0.079848155
51082,0.00056426745
51086,0.00016957948
51089,0.00066552823
51100,0.870852
51104,0.0052211215
51105,0.05188194
51112,0.00021855712
51124,0.0005747763
51128,9.896314e-06
51129,7.9049805e-06
51135,0.14583234
51138,0.022441132
51142,0.00015747905
51144,0.00020480392
51149,0.0001415225
51160,0.99814785
51161,0.00023924735
51168,0.00018432914
51172,0.0745082
51174,0.00024482477
51175,0.997317
51185,1.4725592e-05
51189,0.00042919494
51194,3.0736485e-06
51196,0.9943522
51197,2.0689078e-05
51200,1.7312976e-05
51205,0.00011268052
51209,0.00041462787
51210,0.00020522322
51211,0.005363576
51216,0.0019458652
51230,0.0007910701
51231,0.00034109273
51239,0.9985972
51241,0.00041228687
51245,0.0011991931
51250,0.0015033687
51254,0.9354013
51256,0.0067073
51261,0.00055875065
51264,0.0009779601
51268,0.00053598866
51270,0.000697411
51271,0.0011279231
51275,0.00022414094
51277,0.9111384
51281,0.00044474757
51316,0.062163018
51318,0.008572139
51323,0.039388668
51327,0.0009635212
51330,0.9995727
51333,1.4005662e-05
51334,0.00037765774
51335,3.6443691e-06
51342,0.0013240706
51345,0.00020452973
51349,0.99978715
51350,0.012694516
51354,0.0009798957
51358,0.0009387482
51359,0.00081215607
51361,0.00032713116
51373,0.99843544
51382,0.99737096
51388,0.00034007835
51389,0.00027948074
51390,0.99973744
51392,0.9926484
51393,0.00059240585
51396,2.4932944e-05
51398,0.99914646
51399,0.0007803519
51402,0.0070089507
51410,0.9993911
51411,0.0004310651
51414,1.6049116e-05
51415,0.07015247
51418,0.00010983068
51435,0.00015338256
51450,0.99986255
51452,1.3825117e-05
51453,0.00039498264
51457,0.00017031548
51458,1.0660958e-05
51459,0.92425394
51461,0.9983333
51462,9.217768e-05
51464,0.0005908284
51465,0.9997068
51475,0.0008301202
51481,0.9969036
51483,0.99651814
51485,0.9985904
51492,0.00030527965
51497,0.07630058
51511,0.000654852
51512,0.0701553
51514,0.12020434
51517,0.0009118845
51518,0.00030457438
51521,0.00040213126
51523,0.00016259201
51525,0.99959177
51529,0.00038193655
51531,0.00059703254
51533,2.582609e-06
51539,0.79674166
51541,0.0005776908
51542,0.99930024
51543,0.00038121632
51544,0.0008680058
51547,1.2329236e-05
51551,2.2007885e-05
51556,0.00023274563
51559,0.00013180573
51562,0.00020012449
51563,0.0015702493
51565,0.0012997679
51570,0.0014232193
51577,0.99911445
51579,1.1153473e-05
51580,0.00042720567
51586,0.9986493
51593,0.99387795
51594,1.8933164e-05
51596,0.00025869266
51601,0.00017303671
51603,0.9995159
51609,0.0004641336
51612,7.66232e-06
51614,0.99952674
51615,0.10618303
51618,0.998701
51623,0.8428793
51630,0.00012517974
51632,0.00017927669
51634,0.0010920219
51636,1.16089695e-05
51640,0.9964707
51641,0.99657923
51647,0.9993911
51650,0.9984289
51652,0.00017399449
51654,4.002264e-05
51657,0.0005423842
51666,0.0002525096
51667,0.00037878918
51673,0.00046302754
51676,0.999033
51677,0.07456727
51680,3.3574146e-05
51683,0.00031204292
51686,1.3638679e-05
51691,0.00019423685
51694,0.0014061126
51706,0.9988306
51707,0.00015300611
51710,0.99996936
51715,0.9991683
51722,3.7958762e-05
51727,0.00045616674
51738,7.600602e-05
51741,0.9985879
51742,0.00035355284
51753,0.000636799
51754,1.1195556e-05
51758,0.00032457168
51759,0.9993006
51772,2.6034108e-05
51773,0.00029424764
51782,0.99925834
51798,1.2707823e-05
51801,4.971667e-05
51807,0.9943778
51814,0.9908359
51818,0.00040936412
51820,0.0005482344
51825,9.9046236e-05
51828,0.00020862572
51829,0.00014680233
51834,0.9994148
51836,0.99599445
51840,0.9977963
51847,0.9984332
51851,0.00042617435
51856,0.00092909724
51857,2.0672412e-06
51859,0.00014932023
51861,5.5611825e-05
51865,0.00036248536
51874,0.9999666
51879,0.00015927493
51883,0.99777275
51884,8.55937e-05
51888,6.007641e-06
51891,0.99830097
51913,0.8875982
51914,6.7480323e-06
51917,0.0012733653
51919,0.9999676
51920,0.9996828
51943,0.00076260127
51944,0.83586055
51946,0.00038377588
51955,4.7275294e-06
51961,0.066995576
51963,0.06837398
51965,6.812617e-05
51966,0.0005553709
51970,1.3640044e-05
51972,1.0101705e-05
51985,0.00020893865
51987,0.00024255036
51990,2.1148393e-05
51996,0.0011088538
52002,0.0652861
52005,0.0005139445
52007,0.99626356
52012,0.05826765
52016,0.999067
52025,0.00067967514
52027,1.0671943e-05
52029,0.9977951
52032,7.2583885e-06
52034,0.99864084
52040,0.99975544
52041,0.00018587204
52042,0.0015628672
52044,0.003105787
52049,0.0011954097
52053,0.00020337422
52056,0.00057658204
52059,0.00035496202
52061,0.00041756802
52067,1.2511572e-05
52073,0.0008390296
52079,0.00020590509
52080,0.0003540897
52083,0.0006741561
52090,0.00018088143
52101,9.2356466e-05
52103,7.895404e-06
52104,0.00023636648
52117,0.00026080362
52122,0.0009302744
52123,0.0008261773
52128,1.4215325e-05
52129,0.0017751624
52131,0.00059960043
52136,0.0006311902
52137,0.00015190536
52139,0.9997639
52141,0.00018086316
52150,1.4983825e-05
52159,0.00027837578
52162,0.0005266771
52163,0.0021266483
52165,0.0005045326
52168,0.9992649
52170,9.536425e-05
52173,3.6539604e-05
52177,0.0005616243
52178,0.0006073059
52182,0.0011504221
52195,0.00015196983
52197,2.5353556e-05
52200,0.000305804
52206,0.00033559208
52210,0.9982545
52211,0.99953246
52218,1.0092423e-05
52223,0.0004941631
52229,1.0016482e-05
52235,0.0007764787
52238,0.00020594889
52239,0.0017418398
52240,0.0009899192
52241,0.0005305755
52247,0.0035893384
52248,0.99924386
52261,0.0005208272
52262,0.01742774
52263,0.99883527
52265,0.9999075
52269,0.99902153
52270,6.261931e-05
52272,8.930255e-06
52277,0.99973077
52279,0.000473538
52281,0.683323
52285,0.0002538648
52293,2.8240027e-05
52296,1.3137453e-05
52303,9.3880626e-05
52317,0.99926347
52318,0.00024514899
52320,0.00044855714
52321,0.99997103
52328,0.00030575966
52330,2.7266546e-05
52334,0.0016572216
52347,0.9930334
52348,0.00067792844
52351,2.1849039e-05
52352,0.00033024023
52355,0.0005043554
52359,2.025689e-05
52360,9.1955306e-05
52363,0.000617258
52370,0.0006862211
52371,0.99994314
52383,3.761926e-05
52386,8.402078e-06
52394,0.998701
52398,0.00036199702
52399,0.0006140607
52400,8.212127e-06
52406,0.00020904347
52410,0.00041604528
52411,0.98243225
52415,0.00040781466
52418,0.00011325349
52419,0.0018936322
52422,0.00021087159
52425,0.00797434
52428,0.007217906
52429,0.9998196
52433,0.006099091
52434,0.00050400436
52439,0.00026459104
52453,0.9997472
52456,0.00040494927
52466,0.0007164928
52479,0.00066537753
52482,0.0028086114
52483,0.0003475901
52489,0.0002254615
52490,6.583793e-06
52498,2.8729846e-05
52509,0.00011760836
52511,0.9985606
52512,0.0006108671
52516,0.99501425
52518,1.0485712e-05
52529,0.00040315592
52530,0.032017846
52532,0.00014866855
52533,0.99938905
52541,0.00059779553
52544,0.9995382
52551,2.2819291e-05
52557,0.00075344543
52559,0.99678445
52563,4.0309613e-05
52570,3.991702e-05
52572,0.00044002366
52573,0.07120534
52576,0.00030135384
52583,0.9992632
52584,0.99577844
52590,0.0003708779
52593,0.0004821996
52594,0.0015845275
52598,0.9991804
52600,1.1472344e-05
52601,0.116995394
52603,0.00032127448
52606,0.8722578
52610,0.08429461
52621,0.0018715122
52622,0.85420454
52626,0.99972624
52628,0.99971884
52635,0.9993843
52639,8.605004e-05
52640,0.00015495061
52644,0.0007583661
52653,0.99608165
52661,4.8820428e-05
52668,0.00011237246
52669,0.0027358544
52672,0.00069499493
52682,0.0008680686
52683,8.8542554e-05
52686,0.9955675
52689,1.02455e-05
52691,0.11159225
52698,0.99977905
52699,0.00659954
52710,3.8325663e-05
52712,0.00062569755
52719,0.06530929
52722,9.436529e-05
52728,6.9767393e-06
52735,0.00051056565
52736,0.00023347243
52738,0.0005863511
52741,0.00011262595
52775,0.000105716084
52780,0.0002645426
52789,2.2648257e-05
52793,0.0005439047
52794,1.7470624e-05
52795,0.0018820489
52796,0.0004283938
52798,0.999238
52817,0.9997031
52825,2.0783089e-05
52832,0.9975401
52833,0.0014136059
52835,0.00024341822
52836,0.7872827
52843,0.00082868105
52847,4.9343575e-06
52853,0.9997043
52854,7.054011e-05
52865,0.0005021816
52870,0.9970758
52877,0.0004971936
52879,0.0005022414
52886,0.0005662315
52887,1.982189e-05
52890,0.9995479
52893,0.00014319296
52894,0.0003775314
52895,0.00056639966
52899,0.9981477
52908,0.0006137459
52909,0.0007343674
52910,0.0010773245
52912,0.0002445919
52926,0.00568845
52936,0.99761367
52938,0.0011390027
52944,0.00017879561
52948,7.682338e-05
52949,2.5506168e-05
52950,0.9987047
52954,0.00019703843
52955,0.0007689184
52958,0.00043217104
52959,0.00023794702
52960,0.0005006221
52962,0.0003729867
52965,5.164472e-05
52966,0.00011059167
52969,0.9992393
52971,0.8746218
52972,0.00034767212
52975,3.484303e-05
52978,0.00038157045
52981,1.0834337e-05
52984,0.0001240672
52992,0.99809045
52994,0.00016154164
52995,0.0002265795
52999,0.99747294
53007,0.00017603957
53008,0.076156475
53012,0.0006249353
53017,0.99833506
53020,0.00034555103
53025,0.0017402223
53027,1.5624762e-05
53029,0.9882571
53030,0.0003323114
53037,0.9987112
53041,0.99860233
53046,0.01427945
53053,0.00019423297
53056,0.00028835423
53061,0.00063380675
53065,0.99662006
53067,0.0008117867
53074,0.060679093
53075,0.99810034
53079,0.0016919546
53080,0.98965853
53085,0.00019289876
53086,0.000229274
53087,0.0004957757
53094,0.99473566
53104,0.0706408
53107,0.0004773292
53113,0.0069356686
53114,0.00016372817
53117,0.0070499927
53124,0.000119226344
53127,0.00023856151
53129,0.00015280228
53130,0.0003317976
53134,0.00037668116
53135,6.771252e-06
53136,5.5982586e-05
53139,0.00018081212
53140,0.00014032375
53142,0.99995375
53144,6.710319e-05
53145,0.9992091
53146,2.0727844e-05
53150,0.00010391405
53154,0.99946517
53155,2.6091597e-05
53164,0.00015066004
53165,0.9967775
53166,0.99925536
53168,8.332615e-06
53169,0.99690187
53173,0.9992305
53174,0.00021128416
53178,0.0048004515
53182,0.9962314
53185,0.9993316
53188,0.8251708
53190,0.0010788348
53192,0.0033892018
53194,0.012299286
53198,0.0008600942
53200,0.0050730524
53201,2.7301774e-05
53217,0.00023700738
53219,7.846434e-06
53221,0.0022666578
53228,0.99476695
53231,1.1268147e-05
53235,1.4202765e-05
53237,1.7547132e-05
53244,0.8444497
53250,0.0006188632
53252,0.0002665447
53254,0.00014731583
53256,1.1915712e-05
53265,0.0005080575
53273,5.8255424e-05
53274,0.99848336
53275,0.0037721545
53281,0.9997265
53286,0.0008090637
53290,0.00052193843
53293,2.8344308e-05
53294,0.0005215831
53315,0.00035338197
53321,0.042987045
53322,1.213677e-05
53324,0.99889344
53326,0.0015480409
53329,5.5255937e-06
53332,0.0001089504
53334,0.00039659467
53336,0.0006545035
53341,0.00022855419
53342,0.85575086
53343,0.00082898466
53344,0.0008901449
53345,7.376031e-05
53352,0.00070628576
53355,1.16525825e-05
53356,0.0005152821
53366,0.0001899366
53380,0.015097956
53381,0.00019593813
53386,0.0012797675
53387,0.99987984
53388,0.00057107967
53392,0.99706453
53393,0.81109834
53397,0.00035275592
53400,1.2341093e-05
53402,0.99904317
53407,0.00035865096
53408,3.708823e-06
53411,0.0005989259
53413,0.9999504
53421,3.6373873e-05
53424,0.00032250045
53427,0.99932253
53428,0.0003200687
53430,4.872448e-05
53433,0.0014925628
53440,0.00034593043
53447,0.99823856
53451,0.00041484626
53458,8.471437e-05
53460,0.9997155
53461,0.0019941772
53466,7.570871e-06
53469,0.99866533
53471,1.7469574e-05
53472,0.99888474
53474,0.0015003635
53475,0.0010358202
53476,0.001384877
53485,1.137354e-05
53486,0.09708001
53487,0.0011740251
53491,8.732395e-05
53495,0.99565375
53497,0.0003638935
53499,0.9993625
53500,0.00078162336
53501,0.098302774
53506,0.00021469255
53515,0.00021475583
53519,0.9999387
53522,0.9992287
53526,0.0009883859
53534,0.0003571723
53536,0.92821467
53540,2.2032309e-05
53541,0.99812907
53545,0.00055087724
53547,9.286709e-05
53552,0.0006004125
53556,8.5471926e-05
53561,0.0018165618
53565,0.9985353
53566,0.00038234022
53569,0.002200825
53573,0.99951744
53575,0.9914231
53582,0.0016027618
53589,0.0005978713
53592,0.99869674
53595,0.00065639627
53600,0.99856156
53601,0.99836653
53602,0.99827325
53603,0.99888664
53604,0.99996376
53616,0.9989768
53627,0.00010713971
53628,0.9974076
53632,0.0006471478
53641,0.0015252046
53644,0.00051750353
53662,1.2164662e-05
53666,0.9987696
53675,0.00044175438
53676,1.924922e-05
53682,0.99936944
53686,0.00025690478
53690,0.00021706663
53692,0.1254154
53704,0.0002775156
53707,0.9993749
53710,8.915172e-05
53716,0.07470174
53717,0.99957377
53718,0.00017990582
53723,0.9991341
53724,0.9991374
53727,0.00047832646
53730,0.013300932
53732,0.0003455214
53739,0.9914893
53749,0.00028419885
53752,5.447123e-06
53753,0.9982999
53765,0.00090914086
53770,0.9986241
53774,0.82437885
53776,0.0003098885
53779,0.9978847
53780,0.00059335993
53781,0.9996165
53788,0.00012451164
53789,0.06515702
53798,0.001826988
53806,0.00014710499
53807,0.00012408022
53808,1.2141146e-05
53809,1.5639356e-05
53811,0.0004812085
53812,0.0010624704
53813,0.0003683899
53820,0.00027796417
53822,0.00036449052
53828,0.00018372272
53837,0.00025199493
53839,0.00018191124
53840,0.0002696277
53848,0.00074536237
53862,0.9991529
53869,0.0011782398
53871,0.00019380951
53875,0.00010002356
53881,0.00014629395
53882,0.00015673274
53883,0.99958163
53896,5.0369214e-05
53903,0.009123952
53904,0.999366
53906,0.0010310423
53908,0.99545455
53917,0.00021047969
53921,1.4171077e-05
53923,0.00023406552
53926,0.0001065933
53934,0.008195278
53938,0.0005861486
53948,0.9964479
53950,0.00015396133
53953,0.99692553
53956,0.00015148228
53957,0.7796341
53962,0.00022269327
53966,0.99985766
53967,0.99897647
53969,0.00034640369
53973,0.99669987
53975,0.0011085153
53994,3.293628e-05
53997,0.9997141
53998,0.00019297494
54005,0.999012
54009,0.99709177
54012,0.998315
54017,2.4397603e-05
54025,0.08170186
54029,0.998054
54030,0.00041704535
54031,0.06039696
54032,0.0025576015
54039,0.00020904308
54045,5.713428e-05
54049,0.9992587
54056,0.999037
54057,0.0004327909
54060,0.00031102626
54069,0.0012040662
54080,0.00012584637
54082,0.00032908114
54084,0.00018746716
54085,0.00022718673
54088,0.9996393
54092,0.00056218856
54096,0.9993973
54099,0.00024662405
54103,0.00016025461
54107,0.0001892096
54111,0.9476882
54119,0.00023764458
54120,0.0005382295
54126,0.00049875287
54137,0.9997956
54139,0.87432975
54145,0.00075611036
54147,1.1606778e-05
54148,0.0011575702
54149,2.2854441e-05
54153,0.00027522218
54156,0.00046313944
54157,0.00019251935
54159,5.7456426e-05
54163,0.00045186188
54169,0.9979512
54172,0.0012122039
54179,1.5743177e-05
54190,0.87376016
54192,0.00013001918
54195,0.00048498868
54199,0.9977925
54201,0.9985403
54202,0.99882203
54205,0.9992778
54208,0.9987453
54231,0.009700329
54232,0.99855584
54233,0.00033414987
54234,2.384993e-05
54238,0.00036164848
54241,0.00026116267
54245,0.0002636603
54247,0.0048236796
54259,1.1501933e-05
54260,0.99967587
54261,1.0814372e-05
54263,1.5345573e-05
54264,6.119426e-05
54266,2.3357994e-05
54270,0.0006492031
54274,0.0002293374
54278,0.0008202666
54279,4.3759985e-05
54282,0.0005977722
54285,0.999411
54286,0.9988613
54287,4.241474e-05
54291,3.8344195e-05
54292,0.9993686
54293,0.998547
54297,0.00041324165
54300,0.97970814
54301,0.00040247163
54304,0.9969279
54305,0.00017136407
54308,0.0011868723
54316,0.0040960936
54319,3.6853617e-05
54320,0.12456317
54325,0.00014185392
54326,0.9955129
54331,0.0002029018
54332,0.00027437802
54334,0.00033938186
54337,0.00033956973
54339,0.00051054446
54340,0.0003831619
54346,0.9991007
54352,0.00019166638
54354,0.99867946
54364,0.00024412177
54365,0.0026183173
54372,0.00025549144
54378,4.1084393e-05
54381,0.0011345893
54385,0.99704677
54393,0.07414109
54397,0.00078351045
54399,0.0003298117
54404,9.7623946e-05
54422,0.00024285397
54427,0.0003480044
54429,0.9949515
54432,0.9983676
54440,0.00010720921
54442,0.999305
54444,0.99923515
54445,0.0002860896
54446,1.625816e-05
54448,0.9994764
54449,8.297699e-06
54450,9.297741e-05
54452,0.00020229314
54456,0.00012446962
54460,0.99913627
54461,0.001367921
54462,9.39918e-06
54464,0.99964786
54468,0.00020361152
54469,0.9999585
54470,0.0014763261
54485,0.03790407
54487,0.00015093856
54496,0.00033446445
54497,0.00044453627
54524,0.0002997009
54526,0.00022262428
54529,9.8821416e-05
54532,0.00047841057
54533,0.9942827
54534,2.2900125e-05
54545,0.00018421827
54546,0.00025450825
54551,7.865164e-06
54568,0.00016681971
54569,5.584551e-06
54572,0.00042928188
54573,0.0006086285
54580,0.99778557
54592,6.116357e-05
54594,0.0006726659
54599,0.0002219687
54600,0.6311265
54602,0.98349935
54604,0.00045424578
54606,0.9974474
54610,0.99939656
54611,0.00028751505
54613,0.00030590402
54615,0.0002807787
54622,2.3153934e-05
54627,0.00040188635
54629,0.00051276694
54630,0.9988796
54632,0.00021073029
54634,0.00027188024
54637,0.12792864
54638,2.9316234e-05
54639,0.0007376134
54647,0.00019941154
54648,0.9775983
54652,0.9988733
54657,0.045181926
54661,0.99360836
54669,6.4785534e-05
54673,0.00016588402
54681,0.059265383
54684,0.00014530009
54695,0.00075316476
54705,0.99994206
54706,0.99989307
54720,0.99946266
54721,0.00024329525
54727,0.00013774943
54731,0.00023933244
54733,0.00012792327
54739,0.00079355744
54741,0.00028359797
54747,0.99895227
54750,0.055237394
54751,0.99995494
54752,0.00021174258
54756,0.00075288344
54757,0.00057562225
54762,0.99996173
54767,0.0007142012
54772,0.00033770487
54773,0.0004508149
54774,0.99917275
54779,0.00040922637
54780,0.9896315
54787,0.00014942791
54796,0.00017141423
54797,0.009907764
54807,3.308553e-05
54813,2.146367e-05
54815,0.99800676
54818,1.4417647e-05
54820,0.99890566
54834,0.0015719136
54835,1.0460972e-05
54842,1.2987383e-05
54846,0.00030280132
54850,0.9985592
54854,0.00026865516
54855,0.003197543
54856,8.635764e-06
54857,0.0032013177
54860,0.68799114
54871,0.013949958
54872,0.0008307018
54874,0.0003461333
54878,0.99984014
54880,0.00021926803
54884,0.99909556
54885,0.0011662258
54891,0.00029464485
54893,0.0002634653
54900,0.00058958324
54911,0.00011157922
54913,1.5418787e-05
54914,0.00034616416
54916,0.00039186675
54918,0.9991242
54932,0.9985233
54940,0.99842227
54943,0.00018956282
54948,6.555003e-05
54949,0.9998055
54950,0.002573098
54954,0.999166
54955,0.9937457
54958,0.0600208
54964,0.00026142376
54966,0.9992803
54967,0.99915004
54968,0.9988555
54977,0.00017838913
54979,0.00042792482
54988,0.08290104
54991,0.00024878737
55005,0.0016747031
55014,0.9995216
55021,0.000277189
55024,2.8328095e-05
55028,0.00035952646
55030,0.0004160893
55036,2.9346584e-05
55040,0.9992512
55042,0.0006275708
55048,0.0003968042
55049,0.9978514
55056,0.9968047
55057,0.00053327484
55059,0.00019358272
55065,0.06699133
55073,1.1937152e-05
55074,0.0038632771
55076,0.06214439
55080,0.0013538522
55085,0.9995665
55087,0.998251
55089,0.00038289555
55090,0.0001293847
55091,4.1199903e-05
55092,0.000717594
55104,0.00025962022
55106,3.0302152e-05
55107,0.9720087
55111,0.0016458969
55113,0.0009219723
55117,0.9953685
55124,0.9922936
55131,0.00021973056
55141,0.9222204
55150,0.0001662964
55156,0.00029708623
55161,0.0005291313
55176,3.420691e-05
55183,0.00029307566
55186,0.00021402157
55187,0.9993086
55190,0.068118125
55191,0.9979742
55193,0.0002336343
55194,0.9987895
55196,1.6440832e-05
55201,0.005538649
55207,0.00073756493
55208,0.99981374
55211,5.540363e-06
55212,0.99053687
55213,1.6256206e-05
55223,0.00027061408
55224,0.0026744872
55234,0.999361
55241,0.99996483
55244,0.999617
55245,7.823455e-05
55248,0.99994624
55249,9.170879e-05
55250,0.0002460836
55261,1.3030371e-05
55283,0.0031989675
55288,0.9826634
55289,2.210656e-05
55290,0.00068825803
55294,0.99959403
55296,0.000309356
55298,0.00013104679
55304,0.0002734731
55307,0.00037200286
55329,0.99922836
55335,2.1599848e-05
55344,0.0004185594
55349,1.15081975e-05
55352,0.049050853
55353,9.577746e-05
55359,0.00010179802
55362,0.00016123342
55367,0.00035997352
55370,0.9995042
55371,0.0006851194
55376,0.0004589829
55378,0.012477808
55379,6.5089707e-06
55382,3.2962234e-05
55415,0.0005484212
55416,0.00011519968
55420,0.00024799636
55423,0.00054088887
55426,0.00013178324
55427,0.000737547
55433,0.00033421995
55439,0.99829024
55441,3.169307e-05
55442,0.0016469291
55446,0.00075665745
55454,0.9997702
55455,0.998762
55456,0.010665188
55462,0.9989435
55475,0.00044121253
55487,1.0897101e-05
55488,7.484895e-06
55496,6.000558e-05
55502,0.001712303
55504,0.001286118
55510,0.99369204
55511,0.0004600517
55513,0.00012568267
55518,0.080166206
55525,0.0018108573
55526,0.004163003
55528,0.009754953
55529,0.00032676334
55538,0.00019025018
55550,0.998434
55551,0.00016955943
55571,0.0016302585
55572,0.0006729198
55585,0.000402775
55597,0.00020127918
55606,6.6872167e-06
55610,0.004437012
55612,0.99657685
55615,1.2194002e-05
55616,0.00060341286
55617,0.00018311533
55618,0.999303
55619,0.9037879
55620,0.00035872156
55622,0.9967468
55638,0.00045899363
55642,0.9962668
55644,0.00013985008
55646,0.99857974
55647,6.4392574e-05
55653,0.006953508
55655,0.99969935
55658,7.0200695e-05
55660,0.00050839805
55661,0.0001283973
55665,0.0012831026
55669,4.2867e-05
55672,0.99987257
55676,1.1076791e-05
55680,0.00012859788
55682,0.0013490134
55683,0.99903727
55685,0.00027657053
55687,0.00085474865
55688,0.00023837756
55689,0.0011152842
55702,0.047170598
55706,0.9999548
55710,0.0001497914
55719,0.99869376
55720,0.0006588971
55721,2.2578062e-05
55722,0.08892083
55723,0.0004677666
55739,0.000126886
55741,0.0003992346
55749,0.00034362366
55754,0.00049928133
55755,2.7766026e-05
55761,0.00048635926
55762,0.00042998797
55771,3.6158776e-06
55774,0.0001624115
55775,0.0001402808
55776,0.0015434546
55778,0.00031006907
55779,0.00057675136
55784,0.0020144207
55788,0.9990941
55791,0.000103614235
55799,0.00042466473
55804,0.0012494267
55805,0.00026866182
55806,0.9980477
55808,0.10738465
55809,0.9985154
55811,8.819512e-05
55813,0.0001632345
55816,0.00077397807
55820,0.00050532504
55821,0.00015352975
55822,0.00011544116
55824,0.9990639
55826,0.0005591561
55827,9.331703e-06
55830,2.994913e-05
55835,0.045935873
55838,0.9999342
55843,0.001072219
55844,0.0010718309
55852,0.815987
55853,9.6243006e-05
55857,0.9991873
55859,0.052462623
55861,1.1273597e-05
55864,0.00012408472
55865,0.99559754
55866,0.9981178
55871,0.00014117302
55881,0.00049028784
55882,0.00026660162
55887,0.00048442456
55895,0.001076556
55900,0.00023682756
55911,0.0007200673
55913,0.9999579
55916,1.038593e-05
55917,0.00033308723
55918,6.378738e-06
55919,1.4930833e-05
55925,7.329886e-05
55931,2.163801e-05
55933,0.00022540387
55935,6.496674e-05
55936,1.4653728e-05
55937,0.9937271
55939,0.00018557771
55941,0.0013869354
55944,0.99885714
55945,0.8979198
55946,0.0006891832
55955,9.664846e-06
55967,0.0011846042
55972,0.00022900921
55977,0.9997503
55982,0.0018875946
55983,0.0004895684
55988,0.00021289443
55997,0.00083148654
55998,0.9595567
55999,0.0004505565
56002,0.00053122325
56006,0.00022695378
56011,1.6775537e-05
56012,0.00078603893
56014,0.00013520017
56021,0.00028380542
56024,0.00018104933
56026,0.0005978044
56034,0.995741
56035,5.9460936e-06
56041,0.0001365657
56043,0.0008123202
56047,0.0016356668
56049,0.9984836
56051,0.000107657
56052,2.2289483e-05
56053,0.9865694
56054,0.00017470718
56058,0.0011134949
56065,0.0009466544
56067,0.9951774
56068,0.99511814
56071,0.0009229291
56075,0.059649285
56078,0.0006240871
56079,0.9462066
56086,0.026072968
56089,0.84300363
56095,0.0001234161
56101,1.26626255e-05
56109,0.82990015
56111,0.99648833
56115,2.294936e-05
56118,0.16931698
56119,0.99894434
56121,0.9983765
56131,0.00029756073
56135,0.8751073
56137,0.02672008
56138,0.0002147069
56141,0.8925021
56147,0.00019688574
56150,0.00022460881
56159,0.99936634
56163,0.007647202
56170,3.924351e-05
56181,0.999231
56198,0.9935854
56200,0.99740463
56204,0.00024424447
56208,0.95534647
56215,0.00028869012
56230,0.00015945925
56238,0.00028596935
56241,0.77794117
56242,1.5391888e-05
56245,0.9990164
56247,0.0009788236
56249,0.120164655
56250,0.00035170722
56254,0.071170114
56255,0.00062671036
56260,0.0046619354
56262,0.9984113
56266,0.00022096252
56267,0.00026399535
56271,0.9995552
56274,0.0002669417
56276,0.00013153943
56281,0.0004195027
56287,0.0001794063
56288,0.00043696354
56291,0.9996512
56295,1.2026713e-05
56297,0.00041612066
56299,1.2239999e-05
56304,0.9998122
56305,0.0016782362
56312,0.00043080177
56317,0.007960274
56319,0.99936825
56321,0.00087872334
56322,0.9972017
56328,0.0002626587
56331,0.0003765399
56333,8.8245935e-05
56334,2.5960795e-05
56339,0.00011069569
56342,0.0011681308
56360,9.099928e-06
56362,0.99727875
56363,0.00074951607
56364,4.8388676e-05
56365,0.0044936375
56366,0.00011119748
56367,0.0025595315
56368,0.9999337
56369,0.0003048396
56370,0.000114907074
56373,0.0002988022
56374,0.99955124
56382,0.00059048866
56398,0.9987852
56404,0.00041787786
56409,0.0018094039
56413,0.99686843
56414,8.9226105e-06
56419,6.626217e-05
56421,1.1497744e-05
56422,0.0015972082
56427,0.00012376106
56430,0.050229352
56432,0.00038280667
56436,0.00016677199
56438,0.98444486
56467,0.99757403
56470,5.746633e-06
56476,0.00016605019
56477,0.99990916
56478,0.00014344427
56482,0.1124377
56493,5.430417e-05
56494,0.00023382463
56498,0.00043895116
56501,0.99724674
56508,0.0001749097
56510,0.0015474639
56513,0.00076596614
56516,9.523334e-06
56522,0.99801934
56523,0.99996805
56525,0.0005221947
56533,0.83730495
56539,0.0004497847
56549,0.00061313086
56554,0.9956045
56556,0.0005495051
56558,0.00093972444
56560,0.001134718
56562,0.00065917126
56563,1.03977145e-05
56567,0.00033148399
56568,0.9942457
56571,0.99706835
56572,0.9995616
56573,0.00088501855
56574,0.24742015
56579,0.999081
56593,4.4884484e-05
56601,0.0006039105
56610,0.00013992864
56614,0.0003209252
56617,0.00059269444
56620,0.00029489948
56626,0.9981048
56627,0.0013608568
56632,4.7923615e-05
56633,0.99964786
56635,0.00034469675
56644,0.00034550048
56645,0.99880636
56658,0.00092846586
56659,0.9943257
56660,1.3708548e-05
56662,0.06361987
56663,0.00019315275
56667,0.99873286
56668,2.7811286e-05
56674,7.0778646e-05
56680,0.00077800185
56681,0.0012579652
56684,0.0030311418
56689,0.00061740633
56696,6.186026e-05
56699,0.0002285008
56701,0.0003222475
56704,0.99028945
56705,0.9988342
56706,0.00054912944
56707,0.0003208802
56713,0.99970055
56717,0.015761664
56721,2.9708419e-05
56722,9.820554e-05
56730,0.0023199054
56736,1.8627588e-05
56737,9.61733e-06
56739,0.99852294
56740,0.00031755873
56742,1.2806537e-05
56744,1.474912e-05
56747,0.00015576134
56750,0.0001603246
56751,0.0017605351
56759,0.005974397
56761,0.0005145089
56763,4.5839543e-06
56769,3.4756675e-05
56770,8.1639555e-06
56772,3.2519906e-06
56780,0.99990165
56782,0.093678005
56791,8.221287e-06
56793,0.00024994952
56798,0.00019372378
56805,2.4534376e-05
56807,0.9993949
56818,0.000119905744
56819,0.001825524
56827,8.621948e-05
56834,0.001235615
56835,0.00069619843
56836,0.0004334166
56838,0.99674463
56839,3.160404e-05
56840,0.00017724857
56844,0.9964689
56846,0.00040493326
56848,8.59034e-06
56850,0.002283531
56855,0.99802077
56858,0.0001362821
56869,0.0024363562
56874,0.0008906857
56881,0.9947454
56883,0.11480077
56889,0.00020278731
56890,0.00015090374
56894,0.0005356243
56898,9.3831395e-06
56901,0.0018897698
56908,4.574043e-05
56915,0.07317007
56921,0.8395837
56925,0.99861693
56926,0.79002625
56927,0.008388759
56933,0.99696785
56936,0.00015456781
56938,0.00019504211
56942,0.00022090692
56943,0.00015330256
56945,0.9997634
56951,0.00044697165
56955,0.0006506389
56964,0.0013525493
56965,0.11013213
56978,7.749505e-06
56980,0.00018118697
56987,0.00020388176
57000,8.452307e-06
57002,0.9952539
57009,0.9999206
57016,0.00047002512
57018,0.99995434
57025,0.00081251253
57026,5.5728517e-05
57027,0.00043624226
57031,0.095609955
57034,0.00043390997
57036,0.9938782
57038,6.810596e-06
57039,0.99996376
57044,0.00012193449
57048,3.821379e-06
57049,0.00041854125
57056,0.9984255
57057,0.000106929154
57061,1.0664791e-05
57064,0.00040377263
57066,7.370237e-06
57067,0.9986499
57069,0.00041737384
57076,0.00015067455
57081,1.2208278e-05
57084,0.00021057704
57085,9.134283e-05
57086,1.5014407e-05
57093,0.0050343196
57098,9.996244e-05
57099,0.106926896
57104,0.0008951852
57105,8.882789e-05
57113,0.9984492
57120,1.5216835e-05
57126,0.9991917
57130,0.00036644016
57136,0.00048194642
57137,0.0004141625
57139,0.9996822
57140,0.999433
57143,0.00017039606
57147,0.99887496
57149,0.99995625
57151,0.00034150123
57153,0.0009177021
57155,0.9832585
57157,0.0914864
57158,0.00034160347
57163,0.0008648088
57169,9.695311e-05
57171,0.99576277
57172,0.00085255486
57175,0.9943
57176,0.00027907256
57177,0.00023021393
57184,0.0001629207
57185,0.00022502273
57186,0.0006252609
57187,0.00038035383
57189,0.99769384
57192,6.7955916e-05
57194,0.00011109245
57202,0.99974376
57203,0.00010736144
57207,0.0004149254
57208,0.0007409846
57217,0.998985
57218,0.0001274816
57220,0.00027709128
57221,0.9992192
57222,0.0005502701
57227,1.1093971e-05
57232,0.9986884
57244,0.08558889
57246,0.99901485
57253,0.0004888787
57264,0.99993694
57267,0.000988821
57269,7.669966e-06
57270,0.0107662035
57271,0.0072593335
57273,0.98665977
57274,0.99970216
57276,1.1173977e-05
57278,0.00029924721
57279,0.9996158
57287,1.7784165e-05
57292,2.0434227e-05
57295,0.00012838971
57297,0.0009850088
57300,0.9996669
57306,6.065711e-06
57312,0.0001896977
57316,0.000618018
57318,0.00025355592
57319,0.9243411
57320,0.00016991972
57321,0.9945661
57322,0.9964741
57323,0.99948454
57327,0.00057487795
57328,0.9991198
57333,9.3298295e-05
57336,0.00010305436
57340,0.0003494086
57342,0.0012468541
57344,0.00046606286
57346,0.9808828
57348,0.00020906441
57356,5.3362328e-05
57365,0.000451193
57366,0.00017673857
57368,1.5790782e-05
57370,0.99908566
57376,0.0022042298
57378,0.00045592047
57385,0.00025712213
57394,4.0472736e-05
57405,0.002791086
57409,3.529254e-06
57411,0.0001247799
57414,0.00018159706
57416,0.00033523887
57419,0.00033729314
57422,2.546167e-05
57429,0.00037530437
57432,0.9965145
57433,0.00015608354
57438,0.9996885
57439,0.00020179956
57442,0.0008148879
57449,0.99856466
57450,1.5767488e-05
57461,0.00036840572
57462,0.0012014902
57463,0.9991621
57467,0.104473226
57474,0.99912566
57475,3.226982e-05
57483,0.00017953121
57492,0.9996257
57497,2.5957504e-05
57499,4.880426e-06
57508,0.00043176423
57513,0.00039516343
57515,0.0005012113
57525,0.00033523474
57532,0.0001967844
57534,3.5160596e-05
57536,0.0013262571
57541,0.00017710666
57542,0.99643564
57548,0.999498
57559,0.000637563
57560,1.0771308e-05
57564,0.00089608214
57565,1.8748493e-05
57583,0.00030440485
57585,0.0029058743
57588,6.529356e-06
57589,0.00023058848
57595,0.00021009472
57601,0.7030485
57609,1.5223236e-05
57613,0.00025559717
57623,0.99948645
57629,0.00051519985
57631,0.0012140516
57638,0.99466234
57649,8.731237e-05
57650,0.00038080444
57651,1.41479595e-05
57658,1.0302406e-05
57665,0.0007527676
57666,6.982175e-05
57672,6.4867304e-06
57677,0.00039100437
57678,0.0005641768
57681,0.0003953422
57682,0.0003610372
57686,0.0037460043
57692,0.87948406
57694,1.8549643e-05
57700,0.004818349
57703,7.852253e-05
57711,0.00011758448
57715,0.049425393
57718,0.00022590885
57725,0.00052478415
57733,2.7470905e-05
57734,0.000132481
57738,0.0005330078
57739,0.0009653847
57743,7.367525e-05
57745,0.006308174
57746,1.752305e-05
57748,1.821894e-05
57749,0.9990772
57750,0.99793774
57757,0.00050085766
57758,0.0004993758
57759,2.846216e-05
57760,0.00026777573
57780,0.99919647
57781,1.2376179e-05
57782,0.00014513863
57787,6.232656e-05
57789,0.00019378068
57796,2.3992807e-05
57798,1.2637256e-05
57801,0.00075674977
57802,2.4073253e-05
57805,0.0007839145
57812,0.00018502964
57813,0.9130694
57816,0.00032101636
57823,0.0005353201
57830,0.0015860528
57832,0.00022190882
57843,0.99531
57850,4.288949e-05
57856,0.00024017115
57864,4.0707187e-06
57871,0.14459507
57874,0.00016196069
57876,0.00029631483
57878,0.9910726
57884,0.0004627449
57889,0.0006147367
57898,0.00011386987
57901,6.543861e-05
57902,3.9210143e-05
57909,0.99919194
57912,6.760941e-06
57918,0.0011381941
57923,0.9988305
57925,0.99686795
57939,0.0005419362
57940,2.60911e-05
57946,0.00023687002
57948,0.99959034
57958,0.0010055006
57959,0.0004350927
57961,9.328905e-05
57971,0.08425613
57977,0.0004942213
57979,0.054822333
57982,0.011001413
57989,4.9132555e-06
57997,0.00029057666
57998,0.0045462195
58008,0.9970983
58012,0.9998691
58014,1.1771861e-05
58016,0.0011202466
58022,0.9994253
58026,0.0009882037
58040,0.99700326
58042,9.501731e-05
58048,0.087560445
58051,0.00020752147
58055,1.7014345e-05
58060,0.0024402055
58075,0.9993561
58078,0.00051339
58080,0.00075998664
58081,0.0006816958
58083,2.4531146e-05
58089,0.9987972
58091,0.9997003
58093,0.00026617062
58094,0.00020232632
58096,1.0840094e-05
58097,0.9967445
58110,0.99939203
58111,0.9980623
58114,0.00014424555
58118,0.99874026
58120,0.0015426045
58131,0.9993876
58139,0.9993574
58144,0.00021897702
58145,0.00054089894
58146,9.895371e-05
58147,0.0004163091
58152,0.00015163633
58163,0.00019123302
58167,0.99994516
58177,0.00026163447
58192,0.9983157
58193,0.9990595
58194,0.0012036522
58201,8.662718e-05
58212,0.000195494
58213,0.011317957
58223,5.574925e-06
58228,0.0011431337
58231,0.000118401214
58232,0.9991116
58235,0.0007158069
58237,0.00018946652
58243,0.057413466
58250,8.3044855e-05
58254,0.000112141235
58256,0.99808156
58261,6.2038484e-06
58266,0.99965596
58275,0.0004945071
58294,0.99902284
58303,0.0007571533
58309,5.2591557e-05
58310,0.00011137035
58311,0.99989176
58316,9.452957e-05
58319,0.00014916342
58326,0.0002983351
58335,0.00025130273
58342,0.0011108901
58347,0.9994019
58355,0.9939652
58357,1.613398e-05
58361,1.0678255e-05
58362,2.160294e-05
58369,0.0031684407
58373,7.382962e-05
58376,0.9865848
58379,0.9928631
58380,0.9995509
58382,0.9989937
58391,0.00038540925
58395,5.2985797e-06
58399,0.00022303218
58403,0.88964355
58406,0.0007229101
58407,0.9992429
58410,0.0007126232
58414,0.0019077683
58427,0.99918264
58429,0.00044958087
58431,0.0005660259
58435,0.0010919175
58436,2.3339335e-05
58439,0.00042049584
58440,0.000198483
58441,0.9995592
58442,0.0004433336
58444,3.3124322e-06
58445,0.0008207834
58454,0.00022502037
58458,1.1861665e-05
58460,8.494791e-05
58461,0.9996309
58475,0.0007368139
58477,0.0003233748
58488,0.0006022769
58491,2.4461811e-05
58496,0.009872199
58508,0.00016736827
58510,3.6152513e-05
58511,0.0032441576
58512,0.99370074
58515,0.99930096
58516,0.0005871223
58528,0.9984915
58529,0.00038195896
58530,0.0012317894
58533,0.17837296
58535,0.0005023992
58544,0.7330394
58547,0.0013227522
58549,0.99827564
58550,9.458942e-06
58554,0.06355594
58557,0.9976997
58562,0.9998031
58569,0.7955106
58570,7.8948324e-05
58579,0.9994355
58581,1.7169912e-05
58582,0.00020350439
58598,0.00021049453
58604,3.9872816e-06
58607,0.0003410979
58611,0.00012011116
58612,0.0834112
58618,0.0012435048
58626,0.0012703756
58636,0.00018943235
58643,3.7561829e-06
58646,0.92900103
58647,0.00040581494
58652,0.00027857386
58653,0.9922692
58658,0.000435604
58670,0.9970361
58673,0.094188176
58675,0.0006151719
58676,0.00058488233
58678,0.0014362541
58679,0.99944776
58685,0.017415145
58693,1.02795975e-05
58695,0.00018945403
58698,0.99761873
58699,0.9992847
58716,0.00029117428
58719,0.00013712929
58722,1.6820375e-05
58736,7.170837e-05
58739,0.99940693
58742,0.00030234898
58743,0.00039908604
58746,0.9991704
58759,0.7833172
58763,0.00018443304
58765,0.00015483466
58766,0.00038579485
58768,0.060800128
58769,0.052500833
58776,7.134977e-06
58778,6.655779e-05
58779,0.9996964
58780,0.999539
58784,0.0025576672
58790,0.00020219189
58791,0.99967825
58792,7.8665735e-06
58795,0.00032869863
58805,0.00031898
58809,0.9909223
58812,0.0003007723
58813,0.99951935
58818,0.9987143
58823,0.00043788675
58831,0.9997955
58835,0.09951503
58842,0.99896073
58847,0.0004181249
58855,0.8042652
58858,0.00028636277
58859,0.99560356
58863,0.008050221
58865,0.00029653075
58875,0.10963375
58884,0.0005090718
58885,0.9994444
58886,0.10064814
58891,0.0027305344
58894,0.025095288
58896,0.00041709325
58898,9.6345575e-05
58902,0.00051337236
58904,0.0841132
58911,0.0068171816
58912,0.0004743883
58913,0.00045062325
58915,0.9990061
58916,1.2425969e-05
58918,8.978134e-06
58920,3.9713846e-05
58923,0.00014752669
58924,0.99964654
58925,0.9992447
58929,0.99939895
58933,0.00062825
58934,0.0005420165
58936,0.0004426805
58938,0.99930215
58950,3.087381e-05
58951,0.00019619388
58952,0.99773955
58954,0.0004020406
58959,0.9275193
58972,0.00078867277
58978,3.257804e-05
58985,0.00019073187
58986,0.9995764
58989,0.00023467421
58994,3.4103658e-05
58996,0.99906164
58998,0.00015951582
58999,2.9646779e-05
59001,0.0004783401
59006,0.99887425
59009,3.7898648e-05
59011,0.0002017863
59014,0.00029963435
59017,4.064354e-05
59018,0.99906296
59033,0.00021606701
59036,0.0010577757
59037,1.0386852e-05
59041,0.0069196136
59043,0.99650145
59047,0.0001677362
59054,0.0005186504
59062,0.99869305
59066,2.5910487e-05
59071,0.9894851
59075,9.363277e-06
59079,2.4837496e-05
59080,8.992836e-05
59085,0.00023516722
59086,0.00025692658
59087,0.9999615
59092,7.2123444e-06
59094,0.00031271687
59095,0.9988605
59096,1.2168908e-05
59100,0.9992632
59105,0.0002517963
59109,9.7400596e-05
59110,0.9995059
59116,0.0004024185
59118,0.0002371568
59120,0.00023008054
59122,0.9986197
59128,0.99893516
59131,0.9995783
59134,0.0001824614
59135,0.00014458846
59140,0.0004602026
59147,0.0002780853
59151,0.00065233547
59153,0.00066586665
59154,0.0002398645
59156,0.9990804
59157,7.299578e-05
59159,0.99785775
59167,1.5019161e-05
59169,0.00068998494
59176,0.0008801684
59177,0.99896336
59178,0.00012904847
59180,6.9468624e-05
59190,0.99995625
59192,7.520574e-05
59194,0.00016700274
59198,0.9999633
59200,0.00022095916
59209,0.0030617106
59210,0.00094493775
59216,0.0006994105
59219,0.0006834942
59221,0.03651141
59222,0.0006112311
59223,0.0005672773
59228,0.87427527
59236,0.99900454
59237,0.00024205692
59243,0.0002080806
59248,0.03066417
59250,0.00015713931
59252,0.00017007207
59254,0.0014586735
59258,0.99409676
59259,0.99924266
59263,0.00041362966
59271,0.0002595633
59277,0.000108541426
59278,0.00026120027
59285,1.8534683e-05
59286,0.0051564397
59290,0.0022282656
59292,0.0032483558
59293,0.00026605418
59297,0.076177195
59298,0.00032956907
59303,6.1188084e-06
59306,0.0009729929
59314,0.99886143
59316,0.999961
59317,0.00023202618
59326,0.00021597021
59331,0.00060933345
59333,3.0218116e-05
59338,8.485534e-06
59342,0.00023897491
59344,0.060198322
59351,8.072346e-06
59352,0.0002422236
59353,4.8841524e-05
59357,0.06306551
59359,0.00058094907
59369,0.0002901293
59374,0.0017657762
59386,0.053455006
59389,0.9993231
59390,0.9983695
59393,0.99850625
59396,0.00022978566
59398,0.9987154
59400,0.0033057875
59406,0.00070139696
59409,5.643508e-06
59414,0.00026677936
59416,0.99708015
59420,0.9999387
59424,0.0009246441
59429,0.00010778981
59435,1.2494795e-05
59436,0.00010699138
59439,0.11396401
59441,0.99852484
59443,0.00084327924
59447,6.278805e-05
59450,0.00026454288
59453,0.9996793
59455,0.9989126
59459,0.0002116461
59463,0.00036172074
59465,0.09325711
59468,0.00072108366
59470,0.00041499955
59472,0.00019921143
59475,1.1134396e-05
59476,0.00033215494
59478,0.00030697096
59479,0.00014673389
59489,0.10762567
59490,0.9987914
59493,0.0023702935
59501,0.99945873
59503,0.9989097
59504,0.000404452
59505,0.9992411
59511,0.061990514
59512,2.9101115e-05
59517,0.0005826995
59522,0.99995947
59524,0.0002021279
59532,0.00034822145
59537,1.3574617e-05
59540,0.00021259728
59545,0.000117865915
59551,0.00044356863
59562,0.0029020123
59563,9.789035e-06
59565,0.9986927
59567,0.9995448
59572,6.2730294e-05
59573,0.054840136
59576,0.00051300257
59577,0.0004719453
59585,1.7826087e-05
59591,0.00013389246
59592,8.845032e-05
59593,0.9989969
59605,0.0006337397
59613,0.0014619358
59614,1.50193055e-05
59616,0.00050518394
59622,7.431156e-05
59625,0.82981277
59627,0.00029474124
59632,3.2300242e-05
59633,0.99723744
59634,0.00012228625
59635,0.9990777
59638,0.0002689799
59640,0.00016111846
59645,0.9996099
59650,0.00046265515
59660,2.2785716e-05
59667,1.79285e-05
59673,0.99851376
59674,0.98548955
59682,0.00015724258
59691,0.99996173
59698,0.00048734096
59700,0.00034534044
59702,0.05860343
59705,0.00029832884
59715,0.00030397737
59717,0.99914944
59718,0.0008816103
59732,0.9986658
59738,0.999335
59741,0.062544495
59750,0.99559635
59751,0.0024537772
59757,0.9970693
59763,0.00038539033
59765,1.6544293e-05
59771,0.007903309
59773,0.0002541496
59780,1.0186139e-05
59785,0.0004202554
59787,0.00051605114
59789,0.99973494
59796,0.9993144
59806,0.0011269603
59810,0.00022698168
59811,0.0008576015
59814,0.0033418539
59817,4.7565763e-06
59818,0.99870634
59821,0.9955308
59834,0.00021558302
59837,0.00086662156
59844,0.00728458
59848,0.06916
59852,0.00021911526
59853,0.99742126
59854,1.4612197e-05
59859,0.0004645373
59865,0.00014859543
59870,0.9991934
59871,0.000583209
59875,0.0011993577
59877,1.9813537e-05
59883,1.22748215e-05
59885,0.011347438
59888,5.6442685e-05
59894,0.9989151
59896,0.00038546234
59903,0.00022969213
59904,0.0010235363
59905,0.9994955
59908,0.9987973
59909,0.99637705
59913,0.05745442
59917,0.00058703695
59919,2.5717096e-05
59924,9.18809e-06
59926,0.9991423
59929,0.99964845
59938,0.00040303834
59939,0.99860555
59943,0.046959143
59947,0.0002252305
59949,0.0006586635
59951,0.0010140346
59953,0.054819938
59955,0.11179793
59960,7.3520285e-05
59962,0.9978073
59970,1.1944804e-05
59981,0.0010626207
59983,0.0012007218
59989,0.99934906
59995,0.00030589817
59999,0.00021466943
60001,0.0001985165
60008,0.0043104887
60010,0.0026929483
60011,0.9999249
60012,0.99870837
60013,0.91429645
60038,3.123999e-05
60045,0.9990482
60057,0.0025440038
60061,0.00025658897
60069,0.00040148754
60074,0.00061003014
60075,0.0004500581
60079,0.00023650895
60082,0.997855
60090,1.3847801e-05
60092,0.0012662002
60104,0.00016154702
60108,0.001394636
60111,0.9999672
60115,0.00024025771
60116,0.00059611996
60134,1.4743213e-05
60137,1.9904726e-05
60141,0.9933981
60146,0.0013773324
60150,2.5513904e-05
60156,0.00036414544
60158,0.00019333333
60159,9.372883e-05
60163,0.00016331857
60171,5.4864427e-06
60177,0.9025147
60178,0.004648116
60184,0.0003547355
60189,0.00014352048
60192,0.09417376
60194,0.00017438579
60215,1.1629847e-05
60217,0.000102252845
60218,7.917382e-05
60224,6.242542e-05
60226,5.405184e-05
60227,0.000291539
60230,0.99224746
60234,0.9966108
60245,1.2916607e-05
60248,1.5171525e-05
60255,3.0437723e-05
60258,0.0002800339
60259,0.00040601304
60264,0.0020086172
60265,0.00064622913
60266,0.07735932
60271,4.3535714e-05
60279,0.00358332
60280,0.0013914733
60282,0.0029134648
60291,0.00019033601
60295,4.232502e-06
60296,4.8169615e-05
60297,0.0005095495
60299,0.999432
60300,0.99450076
60301,9.452083e-05
60305,0.00036321036
60307,0.00016871595
60309,5.7903173e-05
60311,0.997785
60313,0.0003732332
60316,0.7682183
60329,0.99545527
60338,0.0019228095
60349,0.99784625
60351,0.0003950403
60358,0.99992025
60362,2.4394252e-05
60378,0.007973046
60382,0.0062877773
60395,0.0016929415
60396,0.00014325482
60397,0.058230024
60407,0.8073368
60408,9.77965e-05
60415,0.0018435646
60418,0.0012677122
60421,0.0006194321
60423,0.8586023
60427,0.00026794072
60432,3.3002183e-05
60433,0.0005637291
60437,0.00042866074
60439,0.00022365655
60455,0.00038280577
60461,0.06956433
60465,0.00024721283
60468,3.3711922e-06
60469,3.9380382e-05
60477,0.00036817542
60485,0.0005441103
60486,0.000335252
60495,3.2499786e-06
60496,0.000107145024
60503,1.6200724e-05
60506,0.00020568944
60507,7.131938e-05
60511,0.9989644
60513,0.9950264
60515,0.99937576
60516,0.0005349054
60522,0.00069390854
60527,0.000512099
60528,0.00035912244
60533,0.9975502
60534,0.8661739
60539,0.9988318
60543,0.00032250903
60546,0.00060638716
60555,1.7204758e-05
60561,0.00035995207
60563,0.0002803609
60568,0.0006173713
60569,0.00039363507
60577,3.4100634e-05
60580,8.740276e-06
60584,4.9709765e-06
60588,0.99607193
60591,2.0875079e-05
60598,0.00031243556
60602,0.00046050997
60607,1.029555e-05
60608,0.998185
60618,0.99933535
60621,0.00022275359
60624,0.00024140536
60628,0.00037375998
60630,0.88377476
60631,0.00018641124
60636,1.0644631e-05
60642,0.99699783
60643,0.015010088
60644,0.000801154
60645,1.531753e-05
60647,0.0003134455
60654,0.0005639303
60666,0.00029037395
60667,0.00019066021
60673,0.95946604
60676,0.048447564
60693,0.00080949126
60696,0.99793833
60702,0.0010440279
60706,0.0059110746
60707,1.5222236e-05
60708,0.00042322217
60709,0.9996674
60724,0.9991202
60725,0.0007784461
60729,0.0003972059
60731,0.9994209
60742,1.4588374e-05
60747,0.0006994281
60767,3.9113243e-06
60768,5.36889e-05
60769,0.9968444
60771,0.0008348496
60780,0.80054474
60781,0.0772078
60783,0.000714965
60792,0.00047602196
60794,0.0019814698
60796,0.0005457521
60798,1.0826105e-05
60802,1.5797561e-05
60810,0.00034108068
60813,0.999305
60815,4.796257e-05
60817,0.009296815
60826,0.99819666
60828,0.0004958088
60830,0.0013320715
60831,0.99894863
60838,0.8146508
60839,0.00037077768
60840,0.99772817
60844,0.002406549
60845,0.99943
60855,3.7938422e-05
60857,0.99968266
60859,0.9998865
60863,1.1045526e-05
60865,0.0034845995
60871,0.0021612418
60873,0.00075765356
60876,0.99875414
60878,0.00022329178
60879,0.00033655006
60881,0.0007866203
60886,0.00086528563
60888,0.00023012001
60892,0.99794585
60893,0.009296296
60894,0.00032278342
60896,0.9903403
60901,0.9995017
60903,2.5311858e-05
60907,0.00072095374
60915,0.04828313
60917,0.9987459
60922,0.99947256
60923,1.6027672e-05
60926,0.00044724398
60929,5.119711e-06
60935,0.98977983
60940,0.9996996
60941,0.9988707
60946,0.00031888118
60948,0.00010757551
60949,0.0005816954
60951,0.004121545
60954,0.00011326029
60955,0.00049972936
60960,0.00024699068
60962,0.000117871874
60972,0.008493061
60973,0.0014915484
60975,3.1086853e-05
60976,6.821952e-06
60977,1.8805042e-05
60994,2.0626845e-05
60995,0.000116721174
60997,0.0006748777
60998,0.9980287
61000,0.00023838028
61003,0.99835676
61010,0.0031865903
61012,1.5445721e-05
61017,0.99973375
61019,0.0016898287
61026,0.9978504
61031,0.00050809066
61033,0.00020068914
61034,0.0006662205
61037,0.9974832
61042,0.00028757207
61044,0.9997491
61046,0.00016628912
61049,1.9460838e-05
61050,0.09902085
61067,8.941513e-05
61073,0.00011393308
61080,0.00011280663
61082,0.9989256
61083,0.0008395403
61087,0.9995425
61090,0.9842355
61098,0.00012088307
61103,0.9981964
61104,0.99342763
61109,0.0010674029
61110,0.9995946
61119,0.9990368
61120,0.9996094
61122,0.99884844
61126,0.0002669455
61127,0.99835867
61131,0.0005508127
61133,1.2374398e-05
61134,0.0013830871
61135,0.99996436
61138,0.00054931897
61143,0.08188216
61152,0.9949915
61156,0.00030125846
61158,0.0002530671
61164,3.258071e-05
61174,0.0016721316
61175,1.6531203e-05
61176,0.014075328
61178,2.796994e-06
61179,0.9991774
61182,0.99462694
61187,4.6773835e-06
61190,0.05993948
61202,0.00010266681
61203,0.00029492957
61206,9.583602e-05
61207,0.00028140476
61210,0.00063394237
61216,0.00038679672
61217,0.000266391
61226,0.0005704796
61227,0.9988733
61230,0.9971347
61231,0.00022942029
61233,4.8601454e-05
61252,0.00012440566
61258,1.197311e-05
61259,0.9996117
61264,6.9968584e-05
61266,0.99663013
61277,0.00014895362
61280,1.1406202e-05
61282,0.00016857011
61283,0.004395071
61286,0.00014917522
61294,0.014052847
61302,0.000431279
61303,0.00019430854
61304,0.00017411132
61307,0.000612009
61310,8.738067e-06
61314,9.108341e-06
61319,7.5118605e-06
61320,0.00039703993
61329,0.9973672
61330,0.0013448482
61331,0.003352991
61336,0.00035964782
61337,0.9995789
61342,0.00011898739
61347,0.00047558677
61351,8.079402e-05
61354,0.07026104
61360,0.99694073
61363,0.0004986528
61364,0.9997135
61368,7.871566e-05
61372,0.00040252742
61382,0.99759907
61383,0.99592435
61391,0.07894546
61392,6.6678615e-05
61396,0.00032736917
61403,0.00024874182
61404,0.0004299652
61405,0.00024756594
61407,0.00080802396
61409,0.00035355924
61410,0.00012426576
61412,0.00030545492
61416,0.00029325427
61417,0.002493903
61420,0.005814499
61425,0.00027125314
61429,0.00014027693
61436,0.9980216
61439,8.337065e-05
61444,0.0004916876
61446,0.9994423
61449,0.9986292
61452,0.0004929277
61457,0.98890734
61459,0.000114478025
61460,0.99303645
61462,0.00023981006
61464,0.9921813
61465,0.00080913655
61467,0.9992747
61472,0.0009489033
61476,0.0004877874
61478,0.0004876725
61480,0.0006896957
61481,0.0016791557
61482,0.00028738898
61486,0.9944365
61487,0.0008626871
61489,0.0009062138
61493,0.0014450034
61496,0.9974849
61498,0.0003583203
61502,0.003175086
61503,0.99862456
61506,0.00022722181
61511,0.0001542398
61515,8.4021354e-05
61519,9.746763e-06
61530,0.0004724255
61531,0.00022224084
61534,0.00021119474
61535,5.2792093e-05
61541,1.3519257e-05
61558,0.00024745314
61560,0.057041526
61562,0.12816168
61563,1.972376e-05
61564,4.6152516e-05
61567,0.00019337167
61571,0.99920976
61575,3.2004784e-05
61579,0.00042629664
61580,2.5194046e-05
61588,0.0004010624
61590,0.0001661701
61595,0.0003858706
61596,0.004495833
61598,2.5058327e-05
61599,0.001452672
61602,0.00014472335
61624,2.0479136e-05
61625,0.00047463144
61631,0.99960524
61632,0.00031800836
61634,0.0112763075
61642,0.00010776422
61643,0.064259216
61646,1.920796e-05
61657,2.6962356e-05
61662,3.509074e-06
61665,0.9992482
61672,0.99967575
61673,8.273828e-06
61674,0.0036342028
61684,0.07266528
61690,0.9983026
61693,0.008464844
61695,0.9972332
61697,2.4414267e-05
61703,0.0005043797
61705,1.3468914e-05
61708,0.000112613285
61710,0.00017245559
61716,0.9959621
61725,0.00018046868
61731,1.0488192e-05
61732,1.1919724e-05
61740,0.99894625
61743,6.0356626e-05
61744,0.99994576
61746,0.9988324
61748,0.9983051
61749,0.9975962
61752,1.712878e-05
61758,0.00043521423
61761,0.05228867
61765,0.9993482
61766,0.9990453
61771,2.7138909e-05
61772,0.9995528
61783,1.1561628e-05
61784,0.0026516505
61785,0.00022283856
61798,0.11136117
61800,0.00044841308
61803,0.00056167465
61806,0.9988018
61809,0.0011266614
61811,0.00074532087
61815,0.045396667
61817,0.00018987469
61824,2.0784833e-05
61825,0.0002639956
61830,4.984059e-06
61831,0.00021851942
61836,7.868714e-05
61838,3.7313737e-05
61850,1.243843e-05
61856,0.00018758248
61859,1.1022828e-05
61879,6.52414e-05
61884,8.748556e-05
61888,0.0016546218
61891,7.88436e-05
61895,0.9986534
61899,0.9994875
61902,0.00082129234
61905,1.3284795e-05
61909,0.0002923682
61912,0.9996965
61921,0.99960774
61923,0.9987645
61924,0.00019918199
61925,0.0065451004
61926,0.9988176
61927,0.00020613275
61928,0.9985964
61934,0.0047627524
61940,0.00060180726
61943,0.09498575
61944,0.00025758537
61949,0.00029414106
61952,0.9997688
61958,0.00077817205
61965,0.99958414
61966,0.0002461277
61974,0.008555737
61975,0.00020833372
61978,0.0023224542
61984,0.0005251237
61989,0.0019654722
61992,5.6196757e-05
61997,0.004421662
62005,0.9936452
62006,1.046682e-05
62007,0.00039498697
62010,6.662525e-06
62014,0.00020105478
62016,0.0012682835
62024,0.0027885004
62025,0.00019885712
62029,0.99887544
62030,0.00062952936
62034,0.00045909427
62047,0.03401042
62048,0.99964607
62049,0.018298544
62050,0.9994591
62052,0.0011935612
62054,0.0012542868
62060,2.7067083e-05
62061,0.9989466
62063,4.500423e-06
62064,0.9937828
62068,0.0015041478
62071,1.3686196e-05
62076,0.0016231764
62078,0.00032613592
62080,0.0001595283
62081,0.00056467013
62082,0.9975048
62085,0.0001596068
62087,0.0009958977
62090,2.8296772e-05
62093,1.2291116e-05
62095,0.99899584
62097,0.00032260254
62103,6.5340846e-06
62110,1.49878415e-05
62111,0.00018456305
62114,1.1805308e-05
62125,0.99592716
62128,0.99984276
62130,1.3510351e-05
62133,0.00018831347
62139,0.0004341011
62140,0.0007353076
62145,0.00086915493
62146,0.99173564
62155,0.071734145
62158,9.441548e-06
62161,0.026571741
62167,0.00059868704
62170,0.99923253
62171,0.0003116567
62173,0.040418178
62174,0.00019361798
62178,0.00022227982
62181,0.10452408
62185,0.0007794348
62186,0.99901545
62187,0.0056365686
62188,0.99926037
62195,1.1412176e-05
62198,0.0002552431
62204,0.0003360438
62208,0.0006532456
62209,0.00010571537
62211,0.007042396
62212,0.00020573947
62215,0.0015986407
62217,0.99995315
62225,0.01168097
62229,9.75789e-05
62233,1.7935205e-05
62234,0.061903723
62238,0.008337119
62239,0.00019490568
62242,3.1124346e-05
62246,0.99740285
62259,0.00026523435
62261,0.9985844
62265,0.049729828
62273,0.00040970123
62274,0.0007109487
62275,0.0012612718
62279,8.878752e-06
62280,0.04805656
62282,0.9989767
62293,0.08567649
62298,8.007976e-05
62299,0.0005414676
62308,0.00015929907
62316,4.481327e-05
62319,0.99892765
62323,0.9991949
62325,0.99880004
62329,0.00075055636
62330,0.0009931476
62331,0.000106950065
62336,0.00027473638
62337,0.00036413816
62338,0.00021071984
62340,0.9915991
62357,0.0005362043
62358,0.9997224
62359,0.00083513086
62363,0.0030969633
62365,0.073437415
62368,0.99981993
62370,0.99846005
62371,0.00060993276
62374,0.92607945
62375,0.00034069672
62381,0.0010919684
62387,0.074250065
62391,0.0031351577
62401,8.2016395e-06
62402,7.019266e-05
62405,0.00020225071
62408,0.00036933375
62409,0.09941077
62422,0.0014887006
62426,0.00086948666
62428,4.5516692e-05
62431,0.00036176693
62435,0.003962046
62437,0.00026327648
62445,0.001914642
62449,0.000357006
62452,0.00034353475
62459,0.00012888368
62466,0.9999578
62467,0.00040134942
62471,0.0004937982
62480,0.0010531046
62484,0.00010072101
62493,0.0016034074
62498,0.0008321298
62501,0.00059000205
62503,0.00034450373
62505,0.00040887328
62508,0.99859816
62512,0.0558539
62515,0.07116287
62520,0.00021467987
62521,0.99903524
62524,0.996798
62527,0.0005636928
62536,0.9909373
62537,0.018536855
62540,0.00010554113
62558,0.00022862435
62562,0.00064507354
62563,0.00019604857
62565,0.00041170558
62566,0.99960583
62567,0.994898
62570,0.0004150619
62576,0.9995466
62580,0.00085511437
62587,0.00028463354
62588,0.999967
62597,0.00023727983
62602,0.00025100197
62605,0.0001886508
62608,0.99987316
62611,0.00023638722
62612,0.9992754
62616,0.08586384
62617,7.3328854e-05
62618,0.000130522
62623,0.9872595
62626,0.0008924787
62627,0.00015741195
62631,8.095969e-05
62634,0.0022328098
62636,0.0006482719
62640,0.99671054
62647,1.9582967e-05
62652,0.00048212195
62657,0.0001116237
62668,0.00030783284
62669,2.6856835e-05
62670,0.9988519
62672,2.8641321e-05
62673,0.0006325642
62679,0.999171
62680,1.2179009e-05
62681,0.9947307
62682,0.00029939934
62686,9.292061e-06
62695,1.1052754e-05
62697,0.0002285363
62698,0.00035956467
62699,1.4209185e-05
62702,6.70391e-05
62709,0.0005872955
62710,0.0005598793
62718,0.00031189123
62721,8.801608e-05
62724,0.00075485226
62729,3.2115095e-05
62736,0.99289304
62742,1.1957352e-05
62746,3.3096447e-05
62747,0.99832326
62748,0.9996536
62749,5.3919293e-06
62750,1.0529482e-05
62751,2.4056453e-05
62754,0.00015166859
62762,0.9998006
62764,0.0008440989
62766,0.9995183
62779,0.0002860738
62782,9.466396e-06
62784,0.99841607
62788,0.99894327
62791,0.9974468
62796,0.99371654
62799,0.00030513067
62803,0.0022939665
62804,0.0010163181
62811,1.7088985e-05
62814,0.99926645
62815,0.8488006
62819,9.874464e-05
62820,0.07402764
62823,2.6031948e-05
62825,0.05793669
62826,3.2353204e-05
62827,0.9956928
62841,0.00015594592
62842,0.0032095097
62843,0.99996555
62847,0.99923515
62850,0.000593949
62851,0.0005376665
62852,0.9983821
62859,1.0980713e-05
62860,0.00061934884
62861,0.00055960397
62864,0.00031115615
62867,0.00013638078
62871,1.7015855e-05
62873,0.033297077
62878,3.8497677e-05
62887,0.0001796785
62889,0.0016778398
62890,2.4398722e-05
62892,0.00011891286
62893,0.98326045
62898,6.495615e-05
62905,0.99565756
62909,0.99882764
62912,0.99967
62914,0.00024942152
62923,0.000546897
62928,0.0045051435
62937,0.00014283811
62938,0.99678874
62939,0.0009107144
62944,0.00019956219
62946,0.999366
62957,0.00025737548
62958,0.00014288879
62970,0.0013472473
62971,0.00037345174
62976,0.999962
62982,0.00025502345
62984,0.99995756
62985,0.9990029
62988,3.8244827e-05
62991,0.89729756
62993,0.00010665553
62997,0.0040687425
63006,0.00020765884
63010,0.08916902
63019,0.9992773
63020,0.0009076085
63023,0.9999212
63024,0.99869365
63025,0.7508939
63027,0.00031845676
63028,0.008244799
63030,0.000117974305
63032,0.000127068
63033,0.00011478234
63037,0.0100337
63042,0.9999511
63043,0.99914825
63046,2.7403425e-05
63047,0.00019179945
63049,0.99665666
63054,0.00062347687
63056,0.0020510012
63073,0.0008648414
63074,0.0005931985
63078,1.2041507e-05
63081,0.99967146
63082,0.9991172
63083,0.058902424
63084,0.0003256773
63086,0.000113933624
63087,2.3390605e-05
63089,0.00022184703
63091,0.004347471
63098,0.0007574607
63099,0.0003101418
63100,0.0012449624
63102,3.5199242e-05
63131,0.99929774
63132,0.0009405929
63136,0.0003892664
63148,0.00017850059
63150,0.99957854
63153,6.029245e-06
63157,0.0779015
63160,0.9993838
63161,0.00050916476
63164,0.9916747
63175,0.99873215
63191,0.9981504
63196,0.9955857
63205,0.9997557
63208,0.00015546533
63210,0.0009214161
63211,0.0005574086
63217,0.00019109175
63218,0.058095343
63223,0.00012542335
63233,0.010822577
63235,0.00047580377
63237,7.6601345e-06
63246,1.2230699e-05
63254,0.00027753357
63255,0.9871545
63275,2.9733928e-05
63282,0.9992836
63291,0.99822694
63299,8.119983e-05
63302,0.000106417705
63309,0.00027631936
63313,0.9984658
63318,0.9961893
63326,3.5113047e-05
63333,0.9997421
63334,0.998541
63338,0.066550024
63340,0.99994683
63346,0.13750038
63349,0.00032229727
63353,0.00034700325
63357,1.2372828e-05
63359,0.0001429831
63361,0.00018228976
63376,0.00035216924
63377,0.00015433792
63394,0.0067436
63398,0.000103292834
63400,0.9210634
63407,0.00024668424
63410,0.00063656457
63411,0.00023447002
63415,0.99882835
63418,0.00012582536
63419,0.00052093546
63420,7.675191e-06
63421,0.99971014
63423,5.7546013e-06
63431,0.014862134
63436,0.9996295
63437,2.0450194e-05
63438,0.99969316
63459,0.9988686
63461,0.9998419
63464,3.8435614e-05
63466,0.0034644322
63473,0.57179296
63475,0.00016106885
63476,1.6102513e-05
63484,0.00036059503
63486,0.0002310815
63489,1.0405829e-05
63492,0.00023557947
63494,0.000185765
63496,0.00032770674
63497,8.985516e-05
63503,0.0006634984
63504,1.3412491e-05
63505,0.00088617805
63506,7.1503855e-05
63510,0.0003858548
63514,8.4142506e-05
63523,0.019958278
63526,0.0012976903
63529,7.766006e-05
63530,0.0003481358
63538,0.00035563807
63539,0.00019706343
63549,2.5793901e-05
63550,0.00053782156
63552,0.9995326
63553,0.00089011306
63560,4.3068598e-05
63571,0.0008741711
63572,0.999519
63573,0.0014377054
63578,0.041188654
63581,9.2268085e-05
63589,0.055619925
63591,0.9991442
63598,0.062597744
63620,0.00018164796
63624,2.28268e-05
63630,7.249403e-05
63631,0.9953194
63636,7.2834414e-06
63638,1.0372202e-05
63644,0.99166614
63649,0.00032548144
63652,0.0866044
63655,0.001070511
63656,0.0005796421
63660,0.001920524
63664,0.10110403
63667,5.962504e-06
63671,0.9988745
63681,0.011008388
63682,0.0026466388
63683,0.9989416
63684,0.0019518324
63687,9.850965e-06
63695,0.9971795
63707,0.9995364
63709,0.0006332612
63715,0.999496
63721,1.2596827e-05
63725,0.99725574
63729,0.9988397
63730,4.3812805e-05
63736,0.00026050268
63737,0.00012007383
63741,0.0010562787
63742,0.9993587
63743,0.9980172
63746,2.3412029e-05
63752,0.0002720563
63753,0.0003533254
63759,0.001253781
63764,0.47377297
63765,0.00077852735
63768,0.00046504926
63776,0.9983016
63792,6.474194e-05
63796,0.9130266
63797,6.646499e-05
63812,0.0002595737
63813,0.8417768
63814,8.984197e-05
63815,0.00041604627
63820,0.00019099975
63827,0.0022454497
63831,0.00020454377
63839,0.00046468654
63840,3.577802e-05
63843,0.00081882416
63848,7.318998e-05
63849,0.0010810719
63852,7.887556e-05
63853,8.200012e-06
63854,0.9955382
63855,0.00015141153
63857,0.0003142156
63858,0.056501333
63861,0.99995255
63865,0.9993278
63866,0.00010996126
63869,0.0012201436
63879,0.00014641159
63881,0.0028366784
63888,0.9999509
63889,0.00021157022
63902,0.00037524322
63904,1.65492e-05
63906,0.99772877
63908,0.00047753192
63909,0.00020805065
63911,0.79067546
63918,9.783885e-05
63931,1.2721487e-05
63939,0.059318677
63942,2.7129154e-05
63943,3.8504655e-05
63944,0.0007753648
63946,0.99886703
63948,0.9993569
63949,0.0813815
63953,0.0006853898
63957,1.7330321e-05
63958,0.0033968673
63963,0.0004728044
63964,0.9994506
63973,0.9985531
63976,0.00045988354
63977,0.0014966034
63984,0.00046512485
63986,2.5010102e-05
63988,0.00054532656
63994,0.9893038
63998,2.6861955e-05
64000,0.10899627
64001,0.99484235
64002,0.99689853
64006,0.0004190127
64015,0.10254229
64023,0.9975101
64031,0.99522084
64032,0.0002142194
64052,0.08081122
64056,0.00050559995
64058,0.00010578849
64061,0.064455226
64064,0.0016423707
64066,0.83951133
64069,9.633771e-06
64070,0.99996734
64074,0.0010881175
64081,0.00029060408
64083,0.0008829449
64085,0.9969318
64087,0.00064622326
64090,0.0012573173
64092,0.9989949
64110,0.0001642943
64111,7.477817e-05
64112,0.81035066
64116,0.00026038222
64120,2.9723808e-05
64125,0.074699365
64126,2.8193638e-06
64134,0.9962727
64135,0.0002937109
64136,0.00026568357
64137,0.9993285
64138,0.0004442048
64147,0.00027035
64154,0.0005162088
64155,9.256002e-06
64157,0.00012697667
64158,0.9951035
64163,0.00024604323
64164,0.0006296575
64172,0.0751985
64176,0.99947053
64182,0.99995184
64192,2.6168722e-05
64193,1.3357589e-05
64203,0.9968399
64207,0.9950747
64212,0.00034827556
64215,0.9961481
64228,0.0006641311
64229,0.00021314122
64235,0.1182156
64238,0.99979883
64243,0.00032246017
64246,0.00012489394
64247,0.9974598
64248,0.98864543
64252,0.9963343
64256,2.5536345e-05
64259,0.0001269918
64262,0.999371
64264,0.0006231685
64265,0.0002457893
64267,0.24012263
64272,0.0113919685
64273,0.00022222579
64274,9.0355665e-05
64285,2.7560647e-05
64289,0.0006341421
64290,0.00015332273
64293,0.0004678297
64305,8.003784e-05
64313,0.9866723
64319,0.00017714094
64321,8.8780296e-05
64327,2.5797812e-05
64331,0.0012905126
64333,1.0809629e-05
64335,0.00014744722
64342,0.00012578134
64344,1.0945208e-05
64345,0.004527168
64348,0.00063213625
64350,0.00017293014
64351,0.00033144795
64353,1.1880073e-05
64355,0.00058356125
64360,0.99961865
64363,0.99849653
64364,0.00026601614
64370,0.00040244035
64386,0.00057431136
64387,0.99921393
64388,0.00039692695
64389,9.8592034e-05
64399,0.99846363
64402,8.726558e-06
64404,0.00053349294
64409,0.00020227404
64412,0.9998888
64418,0.07933737
64419,0.074279994
64424,0.00022274168
64431,0.00066307996
64437,0.0010223405
64438,0.00022473004
64439,0.0008079916
64440,0.00023254578
64449,0.99936026
64451,0.001184979
64454,7.189538e-06
64456,0.0029268377
64461,0.99889356
64466,0.9991068
64467,0.1599347
64471,0.99961436
64478,0.00039627796
64481,0.99994683
64483,0.009618774
64485,0.00046332934
64494,0.0003622691
64500,0.9999639
64502,0.0006994228
64505,1.4034836e-05
64507,0.00013648109
64510,0.0002966897
64511,0.0007018218
64513,6.999338e-06
64518,0.9987708
64526,0.0003345907
64534,0.9993357
64541,0.9997193
64547,0.9925885
64551,0.024201872
64552,0.00055497297
64557,0.00022514077
64558,0.0007325173
64564,2.4674691e-05
64566,0.0001200325
64572,0.00036547988
64574,1.5688249e-05
64577,0.00035093405
64586,1.0735394e-05
64587,0.00044100228
64594,0.99556255
64595,0.0059797945
64597,0.0002719645
64601,0.00031765865
64602,0.0020867137
64608,0.00048232946
64611,0.99873954
64615,1.1760696e-05
64640,0.0006167767
64643,0.00046286624
64647,0.00052047835
64650,8.157212e-05
64654,0.00038295687
64655,0.0025464757
64656,0.00056921056
64657,0.9993393
64659,0.0002886989
64663,1.8123112e-05
64665,0.9996915
64675,3.7122787e-05
64685,0.99996114
64687,0.0044703553
64690,1.1190528e-05
64693,0.9997937
64697,0.00043293077
64699,1.898719e-05
64708,0.053438827
64711,1.5252154e-05
64715,0.994038
64721,0.0010048102
64722,8.321593e-05
64729,0.0005162826
64734,0.00018283007
64737,0.999146
64744,0.00011563528
64746,0.0011486767
64759,1.2919786e-05
64760,0.00073466456
64764,0.9996501
64765,0.0018699124
64771,0.9895391
64776,0.00029268194
64779,0.99969614
64781,0.00024821612
64791,0.00072179764
64793,0.00010108993
64796,0.0010927233
64800,0.00012248546
64803,0.00028889274
64804,0.0001834528
64805,0.00016773988
64809,0.99893826
64810,0.00015666116
64812,0.9991025
64815,0.00088346284
64823,0.0007443814
64824,0.00032206537
64836,0.00021605486
64839,0.00019682606
64853,0.00018555702
64854,0.00048043893
64859,0.0007191175
64861,0.0004887436
64867,0.0003689915
64870,0.99919003
64871,2.4937392e-06
64876,0.09805294
64884,2.4136698e-05
64885,1.154095e-05
64886,0.99693465
64890,9.1950125e-05
64894,5.3474546e-06
64896,0.00020549694
64897,0.00035324876
64898,0.9990853
64900,0.9999479
64901,1.5683207e-05
64903,0.0010039065
64914,0.9986039
64915,0.00019351848
64916,0.00058805535
64921,0.00019119598
64922,1.2418612e-05
64945,0.0002672822
64955,0.9990571
64960,0.00041235817
64965,0.006456276
64968,1.118737e-05
64979,0.0025589485
64981,1.1142097e-05
64983,0.0005431139
64988,0.0037766907
64990,0.0011041731
64995,0.00017011393
64998,0.0008293461
64999,0.00019492612
65002,3.8478924e-05
65005,1.8617093e-05
65006,0.00010626448
65009,0.00018362884
65010,7.889421e-05
65015,0.0008949494
65020,0.00052136637
65026,0.000727594
65027,0.99921167
65028,0.99976593
65036,0.0018343979
65042,0.00014179712
65054,1.0186916e-05
65059,0.00029732336
65060,0.00061288924
65061,0.9088409
65063,0.99536055
65067,0.0005463283
65072,0.00012962465
65073,1.767703e-05
65080,0.00028343496
65082,0.14469771
65084,0.03585232
65095,0.9945726
65100,0.0008694146
65102,0.00044237595
65103,0.0006883239
65106,0.00029719615
65111,0.042172533
65115,1.936182e-05
65124,0.0005934162
65130,0.0013869584
65131,0.0002003112
65137,7.051523e-05
65144,0.01299199
65148,8.975147e-06
65154,0.0006772684
65156,3.703128e-05
65161,1.1036565e-05
65162,0.0003671187
65164,0.00031354828
65165,0.00023344616
65167,0.011160299
65169,0.00018774478
65172,0.9994929
65174,9.973459e-05
65176,8.64754e-05
65180,0.0005274513
65185,0.00060700066
65199,0.00013931755
65201,0.9987237
65206,0.00044236644
65207,0.00036708123
65208,0.00020204812
65210,0.00017017135
65215,1.20388895e-05
65220,0.00025765342
65222,0.00046326395
65231,0.0003869481
65247,0.999445
65254,0.9996748
65255,0.9993438
65257,0.9985801
65259,0.9979724
65278,6.9102454e-05
65280,0.0024032064
65285,0.999445
65286,0.000525019
65291,1.2219286e-05
65295,0.0011658219
65299,0.00013567647
65303,0.00041553416
65307,0.0002679149
65309,0.00010935686
65320,0.00018139595
65321,0.0009013811
65326,0.99820197
65332,0.9940224
65336,0.0001963623
65340,0.0009650123
65349,0.0005862782
65350,1.2190037e-05
65351,0.07850531
65360,0.000602029
65363,0.00035631153
65364,0.99378765
65365,0.00028939586
65366,0.0004885552
65367,0.00014683999
65371,0.00018089144
65372,0.0005893147
65375,1.0903951e-05
65383,0.00020242955
65384,8.780164e-05
65388,0.0002997075
65389,1.0235109e-05
65391,0.0019831273
65403,0.0007116727
65404,0.00013362347
65405,3.7231723e-06
65407,0.00021095989
65412,6.1238993e-06
65414,0.00023367864
65422,0.00014606133
65426,0.0003428926
65433,9.581857e-05
65437,0.00074744085
65439,0.9970891
65446,0.999086
65449,0.999711
65452,0.99984336
65453,1.6479433e-05
65454,0.103402294
65456,0.00014674956
65457,0.00036626763
65458,6.6678425e-05
65461,0.9991035
65476,0.94790804
65478,0.00066496804
65486,0.9949162
65489,1.1936583e-05
65494,0.9945504
65496,0.0001873135
65498,0.0009018205
65500,0.00020876642
65505,0.079244986
65511,0.00028387064
65513,0.00041260297
65515,0.00021329471
65518,0.0004723195
65524,0.000102565544
65530,0.99926764
65532,9.17464e-05
65540,0.0005952862
65541,0.0075130556
65556,0.00039533657
65559,0.9946877
65562,0.004844812
65570,0.9985397
65577,0.004217522
65588,0.9990958
65592,0.999108
65598,0.0010163825
65601,0.999658
65603,0.00020078618
65606,0.0015424364
65611,0.052668452
65616,5.0451854e-06
65618,0.00015089927
65622,0.00044698874
65625,0.08405866
65635,0.06922932
65636,0.0005294398
65638,9.475979e-06
65639,6.979931e-05
65642,0.0012112194
65654,4.0906165e-05
65659,1.9706764e-05
65664,0.9987808
65666,0.00013648278
65675,0.002804336
65679,0.00017231112
65682,0.99896455
65686,4.001761e-06
65691,0.00036841276
65692,0.0006413378
65694,0.00035005977
65697,0.00046547834
65699,0.99792886
65704,1.1454699e-05
65707,1.1639478e-05
65710,1.2026348e-05
65712,0.0015543707
65714,0.9996536
65715,0.9979576
65717,1.6960852e-05
65719,4.5181105e-06
65720,3.5341116e-05
65727,0.9976671
65729,0.0001385048
65732,1.2286194e-05
65736,0.0004297788
65747,6.930379e-06
65748,0.0003492216
65755,0.00037161793
65765,0.9989711
65769,0.00074675307
65780,0.9999502
65781,0.00049584213
65783,0.00018170755
65784,3.6040776e-05
65792,9.560332e-06
65794,0.0011648152
65796,0.9993081
65798,0.00013183175
65802,0.9976228
65805,0.00037053597
65822,0.9996246
65825,3.6973706e-06
65827,0.00023761512
65831,0.00031045804
65833,0.0007685042
65838,0.0013382381
65840,1.021658e-05
65841,0.13656445
65845,0.06052793
65848,8.488529e-06
65849,0.9976687
65850,0.00081493845
65851,0.00087551563
65852,0.00044038138
65854,1.280931e-05
65858,0.00010959832
65861,0.0008207396
65869,0.00036977287
65873,0.0007193012
65880,0.00024437837
65884,0.99975556
65885,0.00010199002
65888,6.258483e-06
65889,0.99996173
65890,0.0011684229
65899,0.00012767698
65900,0.0025412368
65904,1.3600492e-05
65907,7.421043e-05
65910,0.9991493
65915,0.00023224908
65924,0.00071457087
65931,0.9978225
65933,0.99935836
65936,0.0004443564
65937,0.00024321243
65943,0.99923944
65945,3.264354e-06
65952,2.4002258e-05
65960,6.540012e-05
65965,0.00040690115
65966,0.00029740616
65975,0.9993137
65980,0.00015738524
65983,0.002976095
65985,0.99962854
65986,0.009350774
65989,1.1026802e-05
65990,0.9962442
65996,0.9988575
66001,4.3732784e-05
66003,0.001108114
66004,0.9999449
66009,0.99962795
66010,0.109835364
66015,0.0005989036
66017,0.00016195497
66018,0.0003994282
66020,0.00035085744
66022,0.00013913978
66026,0.054651357
66030,0.00029924838
66040,0.8759468
66047,0.00080385804
66053,7.472656e-05
66061,0.9983177
66068,0.00020166935
66083,0.0009775776
66086,1.4041356e-05
66088,0.00012955631
66097,3.0487718e-05
66108,0.999508
66115,1.024848e-05
66119,0.00022716312
66120,0.010788994
66123,0.99772567
66126,0.0013713496
66129,0.99925023
66135,0.0074352776
66137,0.00011284181
66140,0.00028671217
66148,1.38256055e-05
66159,0.00010772795
66160,0.0004525846
66167,0.06830462
66168,2.7579237e-05
66170,7.816366e-06
66172,0.00075159996
66179,0.9999213
66187,0.994212
66191,0.00038619371
66193,8.0919535e-06
66194,0.00036984554
66195,0.82546014
66198,0.0023397908
66202,0.9987079
66205,0.9998934
66206,5.722409e-05
66212,0.9995209
66214,0.00048907445
66215,0.9996178
66217,0.00016053449
66222,0.00013532618
66226,0.99931276
66233,0.0011603676
66236,0.00070188136
66238,0.00058631785
66244,0.00020010752
66246,0.0004255662
66252,1.21938965e-05
66253,0.0002353711
66256,0.00056596386
66258,2.2880675e-05
66263,0.99654937
66264,0.00044162152
66271,0.9968483
66273,0.9973726
66276,0.00025350298
66281,8.581952e-05
66286,0.00041709066
66287,0.0002561302
66288,0.00035071248
66289,1.14405175e-05
66302,6.4619835e-06
66303,0.00013200987
66304,0.00025609895
66305,0.000516479
66310,2.2781089e-05
66312,0.0004969832
66314,8.641992e-06
66319,2.0412006e-05
66321,0.9967069
66330,0.00040064452
66334,0.0018358538
66337,0.0004410246
66340,0.0004562896
66344,0.99935967
66347,0.0005076373
66350,1.5192692e-05
66351,0.00011116843
66352,0.99948335
66364,2.070556e-05
66365,0.00072700175
66367,0.00015646798
66375,0.99602354
66376,2.5696749e-05
66388,0.0009901059
66392,0.00018131277
66397,0.00031822975
66401,0.00029705281
66404,0.9977018
66406,0.9942211
66410,0.83029336
66411,0.00025635547
66416,0.9967996
66424,0.00050296006
66426,0.00096268754
66427,0.00027634174
66430,0.00023887011
66434,0.8608403
66435,0.00023636714
66438,3.5361176e-05
66440,0.00010579121
66451,0.0002922149
66452,0.00016205724
66453,0.00030035194
66456,0.9983854
66461,0.0005993293
66462,8.516974e-06
66464,0.00013960093
66465,0.0001655181
66466,0.9988707
66470,0.99585897
66474,4.2358515e-05
66477,0.0015537995
66480,0.0005201324
66483,0.00093671965
66486,0.00018575226
66490,0.13275337
66492,0.00029678896
66499,0.61917776
66509,0.0005579271
66512,0.0023100642
66516,5.602603e-06
66530,0.00028399733
66539,0.00042800396
66544,0.00049135665
66545,1.1825894e-05
66547,0.00012699555
66548,0.00027014746
66551,0.000555963
66560,0.9936708
66563,0.0003586048
66567,0.99901736
66570,9.836815e-05
66574,0.09862262
66583,0.00056617643
66585,0.00027368643
66587,0.00037810102
66589,0.00040403908
66590,0.1914868
66595,0.00019806802
66603,0.07115593
66604,0.0009290516
66608,0.9981109
66609,0.0007043684
66613,0.9989869
66615,0.99988127
66617,0.00010031106
66618,0.017641123
66624,0.0799655
66630,0.0073781363
66633,0.9990771
66649,0.99868506
66653,0.0035007643
66656,0.99423164
66662,0.00038398596
66667,0.00023240945
66672,0.00020620294
66673,0.99955124
66676,0.99790156
66677,0.99898595
66683,0.16059883
66686,0.00016750972
66693,0.00016723221
66695,0.9978955
66705,0.00013907213
66709,0.00047181733
66710,9.842492e-05
66713,0.00020426742
66715,2.5904734e-05
66717,0.9982286
66719,8.861646e-05
66720,0.00022125727
66721,0.99966764
66723,0.9986033
66726,0.0317471
66734,0.9985796
66747,8.218222e-05
66749,0.0007436118
66751,0.00013259512
66759,0.000813971
66769,0.00016360458
66773,4.7288457e-05
66774,1.6602045e-05
66777,0.99899286
66780,0.00025569662
66782,0.003395144
66787,0.0015347734
66788,0.9985342
66790,0.00023162943
66793,0.9997769
66794,0.001267087
66795,0.9989391
66803,0.0013979997
66806,0.00024865125
66810,0.87248933
66820,0.00024930335
66823,0.00017826485
66825,0.00016822024
66830,0.0019139816
66832,0.00010639609
66835,0.07282478
66839,0.000500291
66842,0.9991579
66843,1.1597362e-05
66845,0.00029824267
66846,4.548742e-06
66850,0.00016876166
66857,0.00053345633
66861,0.00044763897
66864,0.0017574413
66865,0.9987633
66876,1.0447622e-05
66881,0.000520361
66884,0.00065345335
66886,0.9994344
66887,0.00045186855
66894,0.00021231954
66896,0.9996363
66900,0.99919003
66901,0.9977673
66906,0.99847156
66923,4.3973207e-05
66944,8.869238e-05
66947,0.9978908
66948,0.00019922854
66949,0.0005393431
66956,0.99853754
66957,0.00014437601
66958,0.99994206
66961,8.754465e-06
66967,0.00034997417
66968,0.99957484
66971,0.0004079321
66978,0.035230525
66982,0.0034923041
66987,0.00046027364
66989,0.0010151308
66992,1.0988653e-05
66993,0.9991516
67000,0.99174434
67002,1.1987907e-05
67005,0.004034439
67006,0.9988462
67007,0.0034311265
67008,0.00044105024
67009,4.6484813e-05
67012,0.00045393954
67014,0.00027114066
67023,0.00072378624
67031,0.0003882532
67032,2.9010645e-05
67035,0.00043670408
67036,3.4711966e-06
67037,0.0012737025
67040,0.88521343
67041,0.0009504379
67042,0.0035083464
67044,1.1858961e-05
67061,0.0004935876
67063,0.99910957
67068,0.00023915544
67069,0.00025388246
67075,0.00047401423
67077,0.00020339187
67083,7.660553e-05
67085,0.0026341106
67087,0.0009392403
67096,0.008466025
67098,0.00029317406
67106,0.99995744
67107,0.0016688132
67110,1.4898148e-05
67113,0.9957659
67116,0.0007564757
67119,0.99769825
67129,0.99388653
67136,0.9986534
67140,0.9985751
67142,0.00016974725
67144,0.0008575925
67146,0.00041809003
67147,0.90903974
67150,0.0030159643
67155,0.00010987258
67157,0.82951015
67162,1.6086582e-05
67164,0.0005051495
67174,0.9999473
67175,0.00012665452
67180,0.00015643353
67183,0.9996357
67186,0.9936221
67197,0.0007723998
67198,0.00031182432
67199,0.0052360417
67206,0.9986808
67208,0.00023829984
67209,0.00012074851
67211,0.9998374
67212,0.999539
67213,0.00012752342
67216,0.0002755459
67219,0.00024748663
67239,0.0008420608
67240,0.00077441154
67242,1.1634206e-05
67247,0.9989021
67250,1.4366726e-05
67252,0.07878263
67266,0.019992933
67268,0.9883709
67278,0.00028199426
67288,0.00037280328
67291,0.9994893
67293,0.010203341
67307,0.00015977399
67309,0.9987477
67311,0.0017600498
67316,0.00044389963
67317,0.9999559
67322,0.00016662132
67329,0.9987447
67333,0.0011163556
67336,0.9987344
67338,0.00018920186
67339,0.99507153
67344,0.00014686868
67348,9.847321e-06
67349,6.68415e-06
67351,0.85532206
67352,3.0213709e-05
67354,0.00010073686
67361,0.00011525681
67366,5.2582786e-06
67370,8.551295e-06
67371,1.5725276e-05
67373,1.3499611e-05
67376,0.00025763793
67379,0.0013925915
67380,0.0005888857
67383,0.00015714606
67385,0.00017045213
67394,5.3980344e-05
67395,0.99947125
67396,0.9894085
67401,0.00056631165
67411,0.00023880706
67413,0.001650124
67414,0.00044724272
67422,0.00033567272
67429,0.00020737115
67449,0.00022733126
67455,0.0018536116
67456,0.0005590895
67457,0.9977914
67459,0.0002990319
67461,0.0006707023
67464,0.00034431426
67467,0.9982839
67468,0.00018690209
67469,0.00016939266
67478,0.9998462
67479,0.010543438
67482,0.0001544909
67483,4.681551e-06
67488,4.578713e-05
67490,0.0006755006
67491,0.993034
67492,0.0001057904
67509,0.0016833656
67510,0.0072343256
67511,0.9839453
67517,7.6733624e-05
67521,7.9704776e-05
67525,7.6526456e-05
67527,0.0012887764
67529,0.0004312293
67535,4.371248e-05
67541,0.00029149873
67544,2.1165219e-05
67547,1.9603409e-05
67552,0.00039456342
67554,0.0005275918
67558,6.655899e-05
67559,4.7176705e-05
67562,0.00018465969
67565,0.99970573
67581,0.994007
67582,1.2328787e-05
67587,0.9838239
67590,0.00018447806
67593,8.650443e-05
67595,8.76341e-05
67599,8.899368e-06
67602,0.9999579
67603,0.0005009202
67605,1.8161694e-05
67612,3.0552128e-05
67622,0.99994266
67627,2.2263948e-05
67635,0.99949837
67636,0.0013553313
67638,1.0976535e-05
67643,0.0003895528
67645,0.0001622188
67648,5.2705378e-05
67651,0.00025154123
67655,0.00019048905
67657,0.000101477315
67660,0.00016941527
67663,0.00015910507
67666,1.605913e-05
67672,0.00040842316
67681,0.9236657
67682,0.00029778184
67684,0.9953993
67685,0.00013773971
67686,0.9987986
67689,0.008413952
67690,0.00051907107
67691,1.5590542e-05
67695,0.99898404
67697,0.9997534
67698,0.99904007
67703,0.99995506
67704,0.0004885226
67710,0.99349666
67714,6.435557e-06
67722,0.99979633
67730,0.00038051757
67732,1.6398038e-05
67738,0.9995473
67742,0.00200395
67747,0.99979824
67753,0.99714166
67762,4.3536424e-05
67763,0.9993819
67764,0.0002200142
67765,0.00050961657
67767,0.99595225
67769,0.9998785
67774,0.00046100808
67782,0.00024647478
67783,0.00077590137
67787,0.9990907
67791,0.0015288033
67793,0.00066439953
67799,0.9978769
67803,0.0001256108
67811,0.00026291126
67824,2.0350002e-05
67828,0.0002180349
67829,0.9996661
67833,0.00012740432
67842,0.9990885
67846,0.99892753
67849,0.0009894016
67852,0.002818407
67855,0.00015376841
67861,0.9962366
67867,0.00010390057
67870,9.431118e-06
67882,0.00039517038
67889,0.9993437
67894,0.00013006406
67907,0.99869734
67908,0.0010009878
67910,0.0005122674
67914,0.014854743
67925,8.731644e-06
67927,0.0028948602
67928,3.1587675e-05
67929,0.999652
67941,0.000840482
67945,0.00026601943
67946,0.0001503601
67947,0.0009261576
67948,6.6346515e-06
67950,0.9972234
67955,0.0005303086
67956,0.00022512575
67957,0.068594486
67964,0.0006141584
67965,0.00044766907
67967,0.00077959674
67968,0.0028832748
67969,0.00035623732
67971,0.0029247692
67973,0.0044442825
67975,1.0090903e-05
67983,0.0009444593
67986,0.00019951501
67994,0.9996866
67996,0.98777884
67997,0.00029286646
67998,0.00020255698
68005,3.247518e-05
68007,0.98416454
68010,1.4009683e-05
68012,0.0005462877
68015,4.7970475e-06
68019,0.00012588585
68023,0.002320017
68024,0.00020218226
68026,9.797609e-06
68027,0.0003025171
68029,8.841447e-06
68030,0.063793704
68039,1.4027931e-05
68041,0.99629325
68044,0.00052119716
68049,0.00019277888
68051,0.0002650177
68052,0.06291238
68056,0.0001087087
68057,0.0010030961
68059,0.0004803668
68062,0.00018138281
68064,0.00045075148
68069,0.0005713636
68070,0.0012307668
68072,0.00040895166
68078,4.293655e-05
68081,0.00019363976
68088,0.0001671509
68089,0.9900782
68092,0.9983163
68095,0.00016866208
68097,0.0012315466
68098,0.00068302767
68101,0.00067106
68102,0.9997851
68109,0.000618579
68113,0.00016540418
68114,0.00020868382
68123,0.00074115227
68124,0.9991303
68125,0.9999342
68126,0.99924505
68130,0.0037814695
68132,5.1800803e-06
68150,0.9962901
68152,0.001144987
68156,0.0001425699
68166,0.00093082455
68171,0.99994504
68186,0.0005110494
68196,0.00014680793
68199,0.017840272
68209,0.00022508025
68211,0.99843746
68218,0.0007272114
68222,1.6082395e-05
68230,0.00037733366
68233,0.00017173047
68235,2.7395223e-05
68238,9.714292e-05
68240,0.00013353596
68241,0.9927672
68252,0.98464483
68261,0.9999672
68262,0.0015374604
68267,0.04316482
68272,9.4525334e-05
68274,2.8287895e-05
68279,0.00043502302
68280,0.0003087125
68289,0.9068059
68291,0.9986553
68294,0.9927216
68295,1.3480365e-05
68296,0.0007857195
68301,0.00015926595
68304,0.0001018385
68314,0.852821
68316,0.00066021143
68317,0.99826884
68323,0.00053610007
68325,0.0010003933
68330,8.998047e-06
68331,0.9948873
68352,0.9761904
68361,6.204109e-06
68372,7.201269e-05
68375,0.00024144218
68389,0.9987219
68391,0.00054356264
68400,0.9995509
68410,3.3050306e-05
68411,0.9982393
68412,0.00038781555
68418,0.00011336435
68419,0.9967913
68420,0.99787676
68429,4.3710506e-06
68433,0.00045935492
68434,1.410181e-05
68438,0.002105093
68440,0.99994457
68442,0.0045925183
68446,0.008335826
68447,1.9354677e-05
68448,0.9984055
68452,0.0014040673
68456,0.009597089
68457,0.0047143134
68459,0.06794935
68468,0.00035804286
68469,0.00032062794
68475,0.0004878018
68476,0.99514765
68487,0.99758255
68489,0.99961567
68490,1.2658375e-05
68499,0.999757
68501,7.250626e-06
68504,0.00053851045
68507,0.00071751466
68508,0.00022694771
68524,0.0005794797
68526,0.00024154005
68527,0.00043666433
68528,0.000651988
68533,0.9968731
68541,0.00024698925
68543,0.00028119743
68544,0.99859864
68554,5.7385238e-05
68555,2.1384316e-05
68559,0.97677124
68560,0.998993
68561,0.00021341901
68571,0.00020426352
68572,0.005019785
68576,0.9943684
68577,0.00041027358
68581,0.00012798647
68584,0.85503674
68588,0.00021772059
68591,0.00011600173
68595,0.0004210024
68602,0.998281
68605,0.9983248
68606,0.7857404
68609,0.0012335213
68612,0.0030905572
68617,0.0016392393
68622,0.038149465
68627,0.00035939316
68628,0.0011213708
68630,0.00090604153
68638,0.99873275
68649,0.9996544
68655,0.000224266
68656,0.997863
68661,0.028709436
68664,0.00029897716
68667,0.14277792
68674,1.242809e-05
68681,0.9976482
68685,0.0002383921
68686,7.70116e-05
68690,0.00035702356
68696,4.9441973e-05
68699,6.0643426e-05
68702,2.723902e-05
68709,0.0003041116
68713,0.0009696771
68717,0.00028204484
68721,0.00023512618
68722,5.050774e-05
68724,0.999974
68726,0.07934535
68732,0.00010614104
68738,2.9940362e-05
68739,0.0004562948
68740,5.9876736e-05
68743,0.00031281885
68746,0.9958003
68747,0.00062829576
68749,0.9997284
68753,0.00012551573
68761,0.00019151492
68767,0.99921024
68770,0.99919564
68773,0.00023696263
68783,0.0006827963
68790,0.0008078176
68791,0.9999354
68795,0.0011871193
68797,1.5118533e-05
68799,0.048577406
68800,0.0009970502
68805,0.048453115
68806,0.0002142911
68808,0.00045259428
68816,0.0006237892
68818,0.0008647273
68820,9.584991e-05
68833,0.9985259
68854,0.0024103778
68856,0.99916553
68859,1.49820235e-05
68862,0.000887407
68873,0.00054929696
68876,0.0008559092
68883,4.492443e-06
68892,0.0007513307
68893,3.0111047e-05
68897,0.00012684258
68906,1.0370936e-05
68909,0.0005992379
68910,0.9965149
68912,0.99978656
68913,0.00016128014
68915,0.0010178157
68917,0.00015791452
68933,0.0022105703
68935,0.00039983334
68946,0.9990544
68953,0.0009490163
68956,0.9996785
68960,0.00067188166
68964,0.00023209435
68967,0.99363446
68970,0.009184407
68979,0.00043620836
68984,0.0014552043
68985,0.010510344
68988,0.000117326206
68989,0.0002539895
68998,0.00047226052
69000,0.0004734554
69004,1.000661e-05
69006,0.0007456647
69012,0.00037354112
69016,0.00026508342
69019,1.4615584e-05
69022,0.0007499301
69023,0.99898356
69032,0.998018
69037,1.032875e-05
69040,0.0025834597
69041,0.0007395712
69045,0.0005009763
69050,0.0007772468
69055,0.00049313845
69062,0.9948319
69064,0.99896574
69074,0.99906176
69078,0.08200261
69079,0.98977697
69080,0.00010519488
69092,6.876447e-06
69093,0.0051526157
69096,0.9971963
69102,0.99917465
69105,0.0003819795
69117,0.00024487986
69118,0.09353583
69128,0.01576768
69130,0.0008651315
69134,0.14093332
69135,0.99653864
69141,0.00039727276
69143,1.2795586e-05
69156,0.9985279
69158,0.99956423
69177,0.00040683366
69182,0.00041014497
69186,0.00025432705
69192,0.011438676
69194,0.00018098322
69198,0.0015850412
69200,1.1501582e-05
69202,0.0006803436
69204,0.99943
69205,0.00040714306
69207,0.00025777996
69210,0.00016740993
69214,0.00068728696
69218,4.6302892e-05
69219,0.82771873
69221,0.0004915173
69223,8.574601e-06
69227,0.88852847
69229,0.99963856
69233,0.00032624477
69244,0.00023070416
69257,0.00014486336
69258,0.000815563
69265,1.1281556e-05
69266,1.4649689e-05
69268,0.995263
69271,2.2103335e-05
69272,0.0005017538
69284,0.00028975503
69287,0.000115533556
69288,0.036708377
69289,0.0003706319
69295,0.0002163486
69296,0.9991314
69298,0.0001530048
69301,1.081562e-05
69308,0.0005406999
69311,0.00032306265
69320,0.0005697189
69325,0.9993493
69330,0.00046247663
69332,0.049421426
69336,0.9995846
69339,0.007059846
69343,0.00063686515
69347,0.00043385083
69352,0.00040463728
69358,0.00075139303
69359,0.0015161935
69365,0.9995968
69370,0.00016402476
69372,0.0003366826
69373,5.5055556e-05
69386,0.000731033
69392,0.99924064
69394,0.9979206
69397,0.00040918836
69403,1.2153993e-05
69410,0.0064199734
69414,0.82500434
69417,8.464116e-06
69425,0.00014696213
69434,0.9960658
69442,0.0007336543
69451,0.9964045
69454,0.0004641637
69456,0.0005525453
69457,0.9999635
69467,0.91233367
69468,0.0005513353
69470,0.00042913892
69471,0.00021639832
69477,0.9065246
69480,0.8989618
69481,0.99969125
69482,0.0011147398
69484,0.9999548
69494,0.0010088725
69503,0.9999311
69504,0.0001834785
69505,2.6128424e-05
69511,0.9987857
69513,0.06186176
69515,0.99675435
69516,0.00065688096
69519,0.011150279
69520,0.00021012538
69526,0.99872214
69528,0.99873024
69533,0.0004236983
69537,0.00064644567
69540,2.9808369e-05
69551,0.00064078433
69556,7.5998355e-06
69559,0.000483996
69566,0.000101938
69568,3.065553e-05
69569,0.11028674
69571,0.060570862
69576,0.00036049137
69587,0.0003661076
69592,0.00021813533
69595,0.00023206735
69598,0.997558
69601,7.599922e-06
69605,6.579694e-06
69606,0.00045442724
69610,0.00040860794
69612,0.085938856
69615,0.14478484
69620,3.9365277e-06
69628,0.000493966
69633,0.08763698
69639,0.00024202945
69641,0.00016256333
69649,0.9944106
69650,0.9960998
69657,0.9998154
69658,0.00614168
69662,0.004662847
69664,0.00017192282
69667,0.00014714553
69673,0.9978155
69679,0.00012747965
69683,0.000113786286
69687,0.00036569842
69690,0.9992835
69692,0.00028921905
69702,0.9983065
69704,0.0004877781
69712,0.0007474974
69715,0.004031892
69723,0.0003983511
69724,0.00038413604
69727,9.72291e-05
69730,0.99986756
69733,0.005949704
69735,0.00043406946
69739,0.8857971
69741,0.0001554342
69742,0.99163425
69743,0.0007453038
69745,0.00077492715
69746,0.9990277
69749,0.998706
69750,0.00071238086
69755,0.00084086973
69762,0.0025231338
69764,0.9250421
69765,0.99992204
69779,1.737502e-05
69783,3.851035e-05
69791,0.00036327064
69794,0.9993942
69795,9.4084695e-05
69799,7.322565e-05
69805,0.00011313616
69807,0.0041869194
69809,0.00010094602
69811,0.036352176
69814,0.001851507
69824,0.0040825815
69828,0.0056119147
69829,0.00010503671
69830,0.0011718867
69833,0.00016770343
69836,0.00012905253
69841,0.00018899792
69846,0.99991333
69851,0.00031545374
69854,0.00011826377
69856,0.00016497969
69857,0.9984309
69858,2.7650289e-05
69861,0.006458066
69870,0.0018737055
69875,0.0002840442
69878,0.0004340103
69886,4.8130863e-05
69895,0.99689215
69898,0.0007790798
69906,0.00034777043
69911,0.000724194
69912,0.0009045584
69914,9.483221e-06
69920,4.785729e-06
69924,0.99709356
69929,0.00023996536
69930,0.00031776013
69932,0.99978536
69934,0.0020713867
69943,0.00017816576
69947,0.00015628593
69948,0.0025782026
69950,0.00054009113
69953,4.7987047e-05
69954,0.011360766
69956,8.691422e-05
69963,0.00016079033
69965,0.00022280987
69966,5.356744e-06
69974,0.00013503757
69976,0.99782133
69981,0.9986424
69986,0.0004808426
69995,0.00013422252
69996,0.0002197844
70007,0.9981237
70017,1.0258474e-05
70021,0.0007325229
70023,3.1702533e-05
70025,0.9973574
70026,0.99809724
70032,0.00036604426
70036,0.0016490205
70037,1.882485e-05
70039,0.993905
70040,0.0023061158
70041,0.000111546135
70043,0.00034683375
70044,5.470075e-06
70046,0.99876946
70054,0.0004088795
70056,0.00016830063
70058,0.99928325
70070,0.9968046
70078,0.0007471303
70080,0.00031832076
70085,0.99455994
70088,0.00069966615
70089,0.00052018394
70095,3.5010014e-06
70097,0.9997229
70107,0.00054898893
70109,2.6219132e-05
70112,0.0020760382
70114,0.00016773892
70117,0.0008723888
70121,0.9963613
70131,0.99771106
70133,0.0001440512
70148,0.99935585
70150,0.00080720236
70152,0.00018277447
70160,0.9994136
70164,0.0006559607
70165,0.00026752107
70166,2.5378931e-05
70168,0.9994855
70170,0.14591667
70183,0.0012197242
70184,0.99965465
70187,1.0137519e-05
70188,0.00012398949
70194,0.99711573
70195,0.00043501408
70203,0.00022909176
70204,8.429936e-05
70222,0.00045339527
70225,0.99824023
70227,7.590636e-06
70230,0.15029328
70231,0.10451402
70232,6.5302656e-06
70240,0.00069547334
70251,0.9995365
70253,0.00036111206
70254,0.003204999
70256,0.00038483244
70259,0.00024291303
70262,0.9991634
70263,0.000671964
70264,0.00010126958
70267,0.00020141684
70268,0.00032865664
70269,0.0026583034
70270,0.0002625185
70271,0.00037179334
70279,8.287142e-06
70284,0.99841416
70289,0.00580295
70291,0.0013197799
70295,7.742691e-05
70300,0.9999347
70301,0.00478882
70308,1.3993045e-05
70310,0.9999504
70311,0.00022038624
70334,0.00021991058
70337,0.00031643512
70338,0.0003665628
70341,0.0022541776
70346,4.826554e-06
70347,0.00019631458
70348,0.006735087
70353,0.99320775
70359,0.99819607
70363,0.99799985
70364,0.9962676
70366,0.0012621051
70367,9.505032e-06
70371,0.00032934855
70384,6.389369e-05
70396,0.0005505434
70399,0.00019861154
70412,0.9985545
70415,0.00024148387
70416,0.9958248
70418,0.9939428
70419,0.00045391725
70423,0.00049196725
70426,0.00077681476
70427,0.99804544
70428,0.8336779
70431,0.0005392771
70432,0.0016237661
70437,0.00016245904
70440,6.0359935e-06
70441,1.7447714e-05
70445,0.99972945
70447,0.9953307
70449,0.99893063
70450,0.0063698455
70452,0.0006022227
70453,0.9995086
70454,0.00037017022
70457,0.9991035
70460,0.99972683
70468,0.0006156734
70469,0.00018806657
70474,0.99983954
70480,9.4675896e-05
70484,0.00025073407
70488,0.9993936
70493,0.00019342866
70496,0.00052777916
70497,0.00015411968
70498,5.6134835e-05
70499,0.9993868
70502,0.00066526374
70511,0.99924326
70513,0.9989792
70521,0.99961
70528,0.9983961
70535,0.000723417
70537,0.00014872925
70546,0.999907
70553,0.094398364
70554,8.4724146e-05
70560,0.00039119416
70564,0.00019337775
70568,0.00012662965
70571,0.00028346552
70575,4.696366e-06
70576,0.00028944056
70580,0.00039527926
70581,1.3387034e-05
70582,1.9888768e-05
70583,0.99877065
70584,0.9983454
70589,0.00059905095
70590,0.00014541208
70593,0.9992274
70597,0.9983885
70617,0.8623339
70618,0.000509017
70620,1.8780955e-05
70621,0.00014936637
70623,9.389021e-05
70628,0.0762682
70629,0.9993961
70634,3.6880476e-05
70635,0.00022250968
70641,0.058921993
70644,0.00048366576
70645,0.0007069036
70653,0.0005129962
70655,5.363834e-06
70659,0.00042858167
70660,1.4231425e-05
70663,0.9993352
70665,0.00045863434
70667,0.00063001824
70668,0.00013328827
70694,0.0034044706
70695,0.999297
70700,0.00020477345
70702,0.99865544
70703,0.00071675435
70704,0.0020008276
70706,0.00032965108
70708,0.081776805
70718,4.5751734e-05
70719,0.00024738803
70723,0.00046929868
70724,0.9985897
70726,0.001130982
70729,0.00022975565
70731,0.99988985
70733,0.00029512675
70737,0.0022135202
70740,0.00011961865
70742,0.99762064
70745,0.9993963
70748,0.0005808184
70750,0.00037247484
70754,0.000541067
70760,0.00024621643
70761,0.99994755
70765,0.0007589014
70767,0.00035529057
70768,0.00011590631
70769,0.998323
70771,0.0058262288
70774,0.8577388
70776,0.00022749517
70777,0.00037052503
70790,0.0003077912
70792,0.0005451496
70793,1.6120875e-05
70800,0.9983821
70805,0.00036400938
70807,8.6145255e-06
70811,0.0006573193
70820,0.8053984
70827,0.9949582
70833,0.010291739
70836,0.9989417
70840,0.11812492
70843,0.00082368276
70845,0.0008283285
70847,4.5602387e-06
70852,4.8110855e-05
70862,9.149956e-06
70865,0.9992933
70868,0.9990496
70870,8.19573e-05
70878,9.700509e-06
70881,0.00036205104
70882,0.99945587
70885,0.9804261
70887,2.0585303e-05
70889,0.80667025
70895,0.0013846186
70896,0.9979938
70897,0.00078961015
70899,0.18484697
70909,0.00013569057
70919,0.00044720908
70920,0.00016081592
70926,0.00076957676
70927,0.0037348256
70929,0.99663514
70933,0.9980013
70934,0.001538654
70937,0.86019766
70943,0.998895
70948,1.818093e-05
70949,0.00014152899
70952,0.9997373
70967,9.494106e-05
70975,3.7302232e-06
70982,2.894421e-05
70986,0.0004325871
70995,8.541571e-05
71010,0.00015970317
71012,0.9994653
71015,0.0003272113
71021,0.0005140675
71023,4.8628855e-05
71029,5.8981386e-06
71032,0.00020015598
71033,6.254769e-05
71040,1.1975155e-05
71043,0.00023995164
71044,0.99961936
71054,0.9999293
71056,0.9988733
71073,0.99362093
71083,0.0003153954
71091,0.00034203363
71093,0.999572
71095,0.0012550218
71096,0.99887556
71101,0.00019702528
71103,1.2683365e-05
71105,0.0013097615
71108,0.999432
71109,0.9949568
71116,0.00040290272
71121,0.0008722599
71122,2.2247455e-05
71131,0.99656206
71132,4.343681e-05
71135,0.0008741774
71139,6.30428e-05
71145,0.99881625
71146,0.0003449663
71149,0.05954554
71151,0.0008717966
71152,0.00057106226
71153,0.00027929054
71154,0.002655334
71157,6.629143e-05
71165,1.4535907e-05
71166,0.9992582
71167,0.9984931
71168,0.99995184
71177,0.00022364163
71178,0.00040578362
71179,0.00012687487
71184,0.9991585
71189,0.024858987
71192,0.9989366
71202,0.00462945
71205,0.0014728324
71206,0.0009036909
71214,0.0005098476
71219,0.815818
71220,0.0003064049
71222,0.00055685156
71226,0.00040184442
71227,0.99992406
71231,0.0008013865
71242,0.0015321771
71244,1.8704435e-05
71246,0.99903715
71250,3.826274e-05
71254,0.9990381
71255,0.0004281556
71263,0.0003598476
71265,0.9986363
71268,0.9973743
71279,0.01086995
71280,6.1643877e-06
71283,0.9997477
71284,0.9999193
71285,0.00022614871
71293,0.0012719865
71296,0.9982262
71300,0.8261614
71311,0.0010877423
71317,0.0001863302
71318,0.00016992749
71320,0.00039119602
71340,0.9079115
71343,0.0016626273
71345,0.88119805
71348,0.00010579656
71349,0.99928004
71350,0.00032485492
71352,0.00038404067
71360,0.06392507
71361,0.017605428
71366,0.99740344
71367,0.99906045
71369,1.051416e-05
71370,0.00026079963
71371,0.0013560918
71381,0.0006457942
71386,0.0012773247
71387,0.99946195
71390,0.80523264
71391,0.0004880404
71405,4.9191167e-05
71412,0.0038619435
71415,0.000430267
71418,0.99934703
71422,0.9989606
71426,0.00057279353
71427,0.00018748271
71429,0.0016106088
71430,0.10485334
71435,0.0011050903
71442,0.9991049
71447,0.9971106
71455,0.12540573
71456,0.0047709025
71457,7.014923e-05
71462,0.0015674864
71464,0.99835074
71468,5.378309e-05
71470,0.99885154
71475,0.00020996114
71477,0.99744177
71480,0.00022754549
71491,1.3538288e-05
71493,0.00014291359
71494,0.99965036
71499,0.9981341
71506,0.00021423289
71509,0.0007508637
71519,8.324958e-05
71521,0.0005834467
71525,0.00029174337
71530,0.18952703
71533,0.016090889
71542,0.9990676
71556,0.00013562848
71570,9.411855e-06
71572,0.00021705069
71573,0.9982048
71576,0.001319487
71579,0.00022321683
71585,0.99961877
71590,0.00045217917
71593,0.9988127
71596,1.947885e-05
71599,9.8337485e-05
71603,0.00019407432
71605,0.99975425
71607,0.0013081752
71608,0.0006317021
71611,0.99832934
71633,8.693822e-06
71634,0.999946
71656,0.0008385006
71657,0.00018262691
71660,0.0003727448
71661,0.0003578956
71669,0.0014591354
71676,0.00023644492
71683,0.00035805636
71688,0.0007153981
71690,0.00045996858
71691,0.00080135936
71697,0.05550699
71703,0.0008236505
71705,0.9988018
71706,0.003629237
71708,0.0006706924
71719,0.00015095972
71729,0.9527411
71734,0.08764374
71735,0.9988194
71736,0.00019393042
71740,0.0015681769
71741,0.0001470266
71743,0.025478605
71744,0.00031174824
71747,1.5360156e-05
71752,0.9989254
71756,0.99945503
71759,0.0003936574
71771,0.048376247
71772,0.13508628
71776,0.0004993986
71782,0.00022638084
71786,0.00016393907
71787,0.0006153933
71788,0.998309
71791,0.00052203867
71796,0.0014603505
71798,0.0013183244
71800,0.00058630947
71805,0.0046357517
71807,0.00022927707
71816,8.442156e-06
71822,0.0001760876
71831,0.00023384826
71834,0.0006817751
71835,0.23279601
71840,2.0310374e-05
71846,0.0004864049
71849,2.0661415e-05
71858,0.9961308
71870,0.08019675
71875,0.00049562147
71877,0.9990324
71883,0.99856335
71886,0.998395
71888,0.00043719105
71889,5.021833e-05
71902,0.0004544138
71908,0.00023589842
71918,8.592065e-05
71930,1.1496637e-05
71931,0.0031528808
71948,2.5318112e-05
71950,0.99960285
71957,0.00029513182
71958,0.00015693027
71962,1.3721483e-05
71965,0.00030032275
71967,0.9958651
71971,1.19963015e-05
71975,0.9997619
71977,0.998662
71987,0.92913204
71988,0.00070568424
71989,0.0036997364
71990,3.2895256e-05
71992,0.057246156
71996,0.99772817
72001,0.00023325082
72008,3.583607e-05
72009,0.9994374
72011,0.00022837971
72032,0.0004980042
72034,0.00010584398
72047,0.8529692
72054,0.0001460747
72060,0.00011642605
72061,0.00022113894
72066,0.0003032439
72067,0.0015253448
72071,7.351383e-06
72079,0.00094933284
72080,1.9364423e-05
72082,4.926576e-06
72095,0.00071277976
72098,7.2353405e-06
72106,0.10401067
72107,0.00033068034
72114,0.83632374
72115,0.00028214
72122,0.00033018546
72123,0.9999615
72128,0.00044464815
72132,0.9986731
72135,0.99531
72136,0.99968827
72137,0.9981511
72138,0.00012817027
72151,1.1732299e-05
72152,4.1053972e-06
72161,0.9992304
72167,0.99932826
72170,0.00036120674
72172,0.9982665
72173,0.00035937072
72174,0.98246336
72175,0.00011041211
72180,0.008861315
72184,1.2279271e-05
72185,0.99914896
72192,1.2405603e-05
72197,0.103996985
72202,1.1254228e-05
72205,5.1386516e-05
72214,0.009723576
72215,0.00024890577
72223,0.9988053
72226,0.074299045
72229,0.00069022697
72231,5.2048695e-06
72237,4.513395e-06
72238,0.9957403
72239,0.99982554
72241,0.0006926133
72242,0.00015894449
72255,0.0004739582
72261,0.00015459686
72262,0.00080621004
72264,0.0021277647
72286,0.9966275
72292,0.00041189205
72294,0.99806255
72295,0.00031106957
72300,0.0028247784
72308,0.0007755288
72311,0.0006427167
72314,0.9983746
72315,0.0002321127
72316,0.99789894
72322,0.0003081165
72327,0.9987779
72328,0.0016655021
72331,7.766442e-05
72337,0.0003743969
72338,0.00049299747
72342,5.1700663e-06
72344,0.00017912188
72345,0.00023619301
72346,0.010708716
72350,0.00032618595
72357,0.000114580245
72358,0.00012767783
72359,0.9983581
72361,0.00087991974
72366,0.99882597
72368,0.06594109
72377,0.10916484
72382,0.00018082763
72385,0.0027310345
72386,0.00017128189
72389,0.00041300672
72393,0.00011300258
72396,0.00010008854
72399,0.00013132086
72407,4.137306e-05
72408,2.3416027e-05
72409,0.9951704
72418,0.00041988216
72419,0.00035493544
72420,8.770767e-05
72421,0.9997416
72425,0.00035434362
72434,0.0009128276
72435,0.0005938709
72438,0.0004400354
72441,0.90498614
72449,0.000421762
72453,0.9996598
72462,0.9995596
72484,9.61974e-05
72485,6.236425e-05
72489,0.0050562024
72492,0.9083577
72495,0.99925584
72497,0.9999031
72498,0.00010136194
72500,0.00058809685
72503,0.00016751628
72504,0.0004235832
72505,5.311128e-05
72506,9.883835e-06
72508,0.9987143
72517,3.0421153e-05
72519,0.8288169
72521,0.99901605
72523,1.081919e-05
72526,0.0007809761
72530,0.0037590747
72531,0.0005585308
72535,0.0002867562
72536,0.00044967988
72537,0.9971522
72538,0.99477804
72539,2.2445154e-05
72541,0.004015412
72549,0.11965687
72553,0.000120355486
72555,0.00034698803
72564,1.2791437e-05
72566,0.9989165
72578,0.9993315
72582,0.99641186
72592,1.09924895e-05
72593,0.0007857393
72597,0.05754437
72598,0.00016653967
72605,0.99977225
72606,0.9985702
72613,0.00021253324
72615,0.000287332
72617,4.948905e-05
72618,0.00039917047
72621,0.00077182485
72625,0.0008998806
72632,0.9996604
72637,1.0343478e-05
72638,0.00035668164
72655,0.00051937666
72656,0.0007001661
72662,9.293504e-05
72665,0.99864787
72670,0.9987204
72677,0.00036265593
72683,0.00010990895
72684,0.9985846
72687,0.00020914913
72701,3.944127e-05
72706,0.00023404522
72709,0.0006735445
72711,8.567326e-06
72714,0.9992932
72716,0.0020455916
72727,6.811708e-05
72729,0.00042355695
72732,0.0003097535
72748,0.99703455
72749,0.0003573883
72751,0.01699238
72754,0.00043514432
72755,0.00016818447
72756,0.00032866825
72760,0.00025660073
72771,0.00016746837
72773,0.8995539
72775,0.00027567966
72776,0.10890215
72777,0.99698013
72781,0.0038261428
72786,0.0005465481
72790,0.99980253
72799,0.0002951957
72801,0.0004597345
72803,0.0037951192
72805,0.99995744
72806,5.9525464e-05
72809,1.2593968e-05
72816,1.818764e-05
72817,0.00094002497
72831,9.737756e-05
72832,3.7346656e-06
72835,6.0923856e-05
72840,0.00014615314
72846,0.89349777
72848,0.00024062062
72851,0.00023589369
72863,0.00034435434
72888,0.9987858
72893,0.0004840465
72896,0.9994734
72898,0.0014042377
72901,0.9976005
72908,0.0009163809
72915,0.0010891655
72917,0.99784315
72920,0.00078741566
72921,0.00026254528
72927,0.0024536022
72938,7.609807e-06
72943,2.3511306e-05
72948,0.9980737
72949,0.00073615136
72954,0.9994307
72961,0.00036094894
72970,0.0010220605
72976,0.0009470576
72978,7.603526e-06
72990,1.387142e-05
72991,0.00042949597
72992,1.535055e-05
72995,0.00022113178
73001,0.0003197811
73009,7.126463e-06
73010,0.99943095
73014,0.00023478479
73017,0.0022457703
73020,2.2142724e-05
73022,0.00021353054
73028,0.99970156
73035,0.98527884
73037,0.00048676692
73040,0.00034565135
73044,0.1102145
73055,0.08259325
73057,0.0045189643
73061,0.0010056233
73073,0.99996793
73075,0.996479
73083,0.00017345944
73086,1.3399054e-05
73089,0.0003956708
73101,1.9897343e-05
73119,0.0002933141
73125,2.5125473e-05
73127,0.0003482724
73131,0.00039892513
73133,0.7767942
73134,4.7878304e-05
73138,7.211612e-05
73142,0.000671842
73150,0.06463347
73151,0.00026280974
73154,0.00015625612
73157,0.001999044
73166,0.99996245
73169,0.00014610465
73176,0.00019821085
73180,4.637033e-06
73181,0.0008111789
73182,0.99931943
73186,0.9985349
73187,0.0010818363
73192,0.002014163
73193,0.0006553246
73204,9.301885e-06
73206,0.0007669288
73207,0.00086976425
73209,0.00037953976
73210,0.00035763538
73211,0.99826777
73214,0.0056664897
73216,2.20956e-05
73222,0.00044449474
73228,0.99866855
73233,0.00034648326
73239,1.0038543e-05
73241,0.9994789
73248,0.0026892154
73249,1.4307605e-05
73251,0.003781441
73252,0.99292207
73253,0.00041924886
73257,0.9991986
73261,0.0017555376
73264,0.0004194641
73267,0.0003087296
73269,0.00037210272
73279,0.0006392676
73284,0.99983513
73296,0.9983612
73297,0.000104291066
73305,2.1478023e-05
73308,0.095004976
73311,0.00171877
73312,0.99893576
73316,0.99996924
73319,0.9959096
73322,0.99931836
73326,0.99898416
73332,0.99880695
73333,1.4071678e-05
73336,0.09821905
73339,0.99912447
73340,0.09585435
73343,6.7197634e-06
73344,0.9976169
73346,0.81726265
73360,0.0010611214
73369,0.00027644978
73370,0.0006222125
73375,9.523669e-06
73381,0.99924904
73387,0.00016988357
73388,1.219335e-05
73390,0.0009525238
73392,0.0004787224
73396,0.00010477412
73397,0.00034533598
73402,0.9989121
73403,0.9997538
73404,0.0495114
73406,0.00013880187
73413,0.00011042306
73425,0.0017430965
73431,0.9997764
73437,0.09570492
73439,0.00040634855
73440,0.99960905
73446,0.88770235
73450,0.00088034576
73458,6.485402e-05
73464,0.0010051357
73466,0.9999299
73468,4.514118e-05
73477,0.9996612
73484,0.0007018947
73489,0.00010719919
73490,0.0006939757
73492,0.00013601649
73493,0.0012535499
73496,0.00048707254
73497,0.00026631635
73499,0.99901044
73501,0.0003207013
73502,0.000523577
73505,0.0009432188
73509,0.04217676
73512,0.9941028
73513,0.09550367
73514,0.0005715488
73520,0.00028092545
73521,0.00053573685
73522,1.0654605e-05
73529,1.6344144e-05
73533,0.9992773
73534,0.00021299435
73540,0.99746704
73541,0.00014186109
73545,0.9978514
73556,0.00053190975
73560,1.22866395e-05
73563,1.6239272e-05
73564,0.0004315235
73569,1.830384e-05
73571,0.8419108
73578,0.00072075764
73579,0.0011880271
73580,0.9981793
73583,0.0003020217
73585,3.0372541e-05
73591,1.3584886e-05
73598,0.00093652506
73600,1.1305303e-05
73608,1.7515784e-05
73610,0.99975353
73612,0.00026304263
73620,1.3091466e-05
73623,1.537968e-05
73624,0.9986451
73628,0.99964356
73638,0.00046991263
73640,0.0035865647
73641,0.0012227404
73649,0.08396664
73655,0.00067634636
73656,0.00020697173
73657,1.466887e-05
73659,0.9999131
73660,0.9983535
73661,0.0026182153
73665,0.00013591316
73671,0.00019093567
73679,0.00016756852
73681,0.99986005
73682,0.1797616
73688,0.9987785
73695,0.00015279019
73696,0.99916863
73698,0.9980585
73700,0.9997335
73701,0.99902415
73702,1.6369991e-05
73705,3.1153864e-05
73711,0.0026035989
73713,2.6517637e-05
73717,0.9971215
73723,0.0011615665
73724,1.6481868e-05
73729,0.99970454
73735,0.0005805679
73736,0.00034516057
73743,0.00054621324
73750,0.00036133005
73758,0.0015248641
73760,5.080318e-05
73761,0.90631217
73762,0.0010325994
73766,0.00036018787
73770,0.99969995
73781,0.00094376534
73782,0.9998221
73787,0.0110154245
73789,0.00024863347
73791,0.99837154
73792,0.0006814688
73793,0.10214578
73796,0.0007260826
73802,0.0031765457
73806,0.9906178
73809,1.03289085e-05
73813,0.89300627
73818,0.00013160054
73832,0.0013751934
73834,0.00022556813
73837,8.928186e-06
73838,0.99578995
73840,0.0018538798
73846,0.0005516712
73849,2.208355e-05
73854,0.00029537838
73873,0.00044359884
73876,0.000441514
73878,0.99917775
73880,0.996689
73884,0.00058465824
73885,0.98961216
73887,0.00056731916
73891,0.0002503791
73892,0.13504201
73893,5.723288e-05
73895,2.4022227e-05
73897,0.00022379542
73903,0.0001349507
73907,0.05369748
73908,0.00049568096
73914,0.0002601696
73915,0.00044719927
73916,0.9992101
73920,2.7928283e-05
73932,0.005135972
73933,0.00022753465
73936,0.0015949856
73937,0.00027799385
73939,1.203035e-05
73940,0.000106727755
73942,0.9843137
73943,0.07343703
73948,0.9970463
73949,0.0008953097
73951,0.0010136879
73955,0.00022208915
73956,0.9989943
73971,0.0025891636
73972,0.00065641035
73975,1.5881804e-05
73976,0.03231296
73984,0.0011372913
73985,0.0002834247
73986,0.00028512703
73989,7.8216726e-05
73991,0.0003076269
73992,9.373624e-05
73993,0.998776
73998,0.9984382
74000,0.9988005
74001,0.9999608
74003,0.00011478628
74008,0.0003513443
74009,6.176092e-06
74010,0.00052608654
74011,0.00010158168
74016,0.9993229
74018,0.9997044
74019,0.030960182
74030,0.16034217
74033,0.005967517
74042,0.00056510704
74045,0.99669975
74050,0.9994855
74061,0.00036215378
74064,0.000581905
74066,1.15585735e-05
74071,0.00018977404
74074,1.4110271e-05
74075,0.00039735343
74083,0.0007624286
74086,0.00034470117
74090,0.00022184703
74093,0.0019141993
74101,0.00018998515
74104,0.00012265072
74105,0.000782038
74106,1.2881905e-05
74113,0.0005145516
74114,0.00045398582
74115,0.00019922131
74123,0.996405
74130,0.00013185877
74133,0.00022194859
74135,0.99936384
74137,0.0003190253
74138,9.5607546e-05
74145,0.00013155698
74154,0.00068595173
74158,0.00037794712
74160,1.21797175e-05
74162,0.0011504962
74164,0.0024354616
74166,0.0003088653
74167,0.0002773392
74170,0.018146679
74173,0.00088453677
74176,0.00052512315
74177,0.99732286
74181,3.1609583e-05
74182,0.00059197657
74186,0.00020647522
74189,0.00041862484
74197,0.0042599253
74201,0.00052541203
74202,0.99945015
74209,0.000136853
74210,0.9992149
74211,0.99918264
74215,0.0005910032
74216,3.256673e-05
74217,0.0034416346
74221,0.0013384172
74226,0.00031746825
74231,0.00017455283
74233,0.9980469
74234,0.99894744
74235,8.159543e-06
74237,0.06333098
74240,0.9966624
74247,0.0002655271
74248,0.039184406
74249,0.00051560835
74251,0.9989679
74252,0.99801266
74261,9.4250045e-06
74263,0.0007824618
74265,0.9984969
74268,0.00060291355
74271,0.99718213
74273,9.743147e-06
74279,0.9999552
74281,0.000110035304
74284,0.0010040345
74287,0.04846301
74292,0.99708086
74296,0.00010140486
74297,0.00040266468
74298,0.050653506
74303,0.00026203564
74304,1.2497011e-05
74310,0.00039580773
74311,0.00020023348
74323,5.204388e-06
74326,5.179038e-06
74328,0.0003835208
74330,0.9996278
74331,0.0008950112
74332,2.2587517e-05
74339,0.0017185311
74351,1.2210584e-05
74352,0.9997278
74362,4.712194e-05
74363,0.9947625
74371,0.0010231609
74374,0.0013841742
74375,0.9995734
74377,0.99948895
74378,0.99967563
74388,0.00012582297
74390,0.9939633
74395,0.00034755896
74398,0.00039130493
74400,0.9989699
74402,0.99954647
74403,0.00017130199
74407,0.0022168865
74411,0.00025568274
74413,0.00022309514
74414,0.9997576
74420,2.7574502e-05
74421,8.4443454e-05
74424,0.00018346084
74426,0.0002993006
74427,0.99879503
74428,0.00081801077
74434,1.566222e-05
74435,0.99928075
74438,0.0075625503
74440,0.00049844204
74443,0.0001605247
74446,1.657618e-05
74454,0.07343526
74456,0.07996379
74471,0.9988028
74478,0.00016197428
74480,0.9907684
74481,0.99969685
74482,0.0002922269
74490,0.9970585
74492,2.7073434e-05
74500,0.0014019602
74502,0.9984048
74503,0.00041251545
74507,0.00024311463
74511,0.00083825015
74519,0.9999329
74520,0.9964915
74523,8.8028166e-05
74525,0.0002641167
74527,0.00067032274
74534,0.9957082
74537,0.00035033654
74544,4.342149e-05
74549,0.00037479846
74559,0.0006445972
74562,0.00018438557
74567,0.0024474757
74570,0.0003948281
74587,0.00033481824
74588,4.6999103e-06
74593,0.00033345548
74607,0.91931885
74608,0.00067872426
74609,0.00022588279
74613,0.99875796
74616,0.90292203
74629,0.009724324
74630,0.8775533
74632,0.9981019
74634,0.00036998765
74635,0.9991672
74637,0.9988758
74639,0.00023866365
74643,0.0010982816
74645,0.00019332541
74650,0.09187895
74678,5.825148e-05
74680,0.99969256
74685,0.9999074
74688,0.00053786306
74693,0.00042559562
74702,0.08258105
74706,8.6062755e-05
74709,2.5034968e-05
74716,0.7072041
74721,0.00086848193
74722,0.09677123
74727,0.00021006988
74728,0.9990625
74729,0.9986494
74732,0.9986959
74739,0.0014091696
74744,0.9986457
74745,0.00042762983
74767,0.00046765112
74769,0.9999671
74771,0.00022816054
74795,0.0003777094
74804,0.00031821607
74805,0.00040667254
74809,0.00069457846
74810,0.00025175262
74813,0.00039979143
74815,0.99925417
74823,2.160708e-05
74826,0.0002581122
74829,0.0023906038
74836,0.004915028
74837,0.99893576
74838,0.00030720516
74839,0.00086171884
74840,9.879908e-05
74855,1.2202424e-05
74859,0.00074184267
74862,0.05728479
74864,0.00074275804
74872,5.084212e-06
74875,0.00020688157
74877,0.00029229518
74879,0.00034204667
74880,0.0020280965
74883,0.0022426012
74889,0.9991943
74895,0.00015680405
74907,0.0016687234
74914,2.228247e-05
74915,0.0006877663
74919,0.00047916884
74920,0.057535615
74921,2.3390583e-05
74931,0.00017500496
74937,0.00070178334
74938,0.0035540285
74939,0.00038375266
74940,0.99568295
74942,0.9997235
74943,0.00022920776
74947,0.0038097152
74954,0.99427575
74956,0.87835914
74958,0.00024128707
74960,0.99928814
74961,1.2260677e-05
74969,0.00013360895
74970,2.3749386e-05
74973,0.0004366575
74974,1.6921593e-05
74976,1.8768207e-05
74979,0.9974064
74980,0.99976796
74981,0.00018960584
74983,0.99859434
74984,0.00032090713
74988,0.12250564
74993,0.00010022501
74995,0.00034626847
74997,0.00013642851
75001,0.99576026
75006,0.0018040636
75007,0.0010158239
75015,0.0017713313
75017,0.99455786
75024,3.8791284e-05
75026,0.0014425849
75029,0.0005788496
75037,0.0057873237
75038,3.5880046e-05
75040,0.0030720618
75045,0.0004870679
75046,0.00018107833
75056,0.00017139234
75057,5.9658272e-05
75062,0.067373976
75063,0.00020916351
75065,1.501687e-05
75070,0.99902654
75074,7.214793e-06
75076,0.00017412876
75077,0.00015757984
75083,0.9996619
75085,0.00015546875
75090,0.00050712685
75093,0.0006510274
75094,0.00026014255
75097,0.00014697292
75098,0.9992995
75107,0.9989573
75109,6.248023e-06
75111,0.99996257
75112,0.00012880136
75118,0.009796769
75124,0.9992286
75125,0.9996024
75136,0.00047247144
75166,0.00011178113
75171,0.00035528108
75181,0.9998969
75186,0.00017480749
75190,0.8820474
75199,0.0011195478
75202,0.0007613473
75204,9.6006615e-06
75206,0.9997594
75207,0.10838796
75211,0.00043194968
75218,0.9981343
75227,0.00082020485
75228,7.5563665e-05
75232,0.99930847
75234,0.00010559609
75235,0.0005810792
75238,0.996944
75241,0.99699426
75251,0.0005696754
75252,0.0011962234
75253,1.1193026e-05
75256,0.08227063
75258,0.00046245765
75270,6.746905e-05
75272,0.00041432973
75275,0.9994295
75276,0.8541129
75282,0.00064686785
75285,0.001082145
75289,0.99988174
75290,0.9995585
75294,0.000771538
75299,0.0002669758
75307,9.779705e-06
75316,0.9991385
75317,0.99978477
75332,0.016995838
75333,0.0006769555
75334,0.99526465
75338,8.29895e-06
75339,1.8479634e-05
75345,0.9976368
75348,0.0013867809
75356,1.8410452e-05
75357,0.00013102031
75370,0.0015633404
75377,0.0008542557
75379,0.000104491446
75380,0.9991773
75382,0.00019059987
75388,0.0024063967
75389,0.0005310866
75390,0.9999658
75395,9.445934e-06
75397,0.00013176037
75400,7.419784e-05
75401,0.0004616567
75402,2.2684182e-05
75403,0.060960673
75407,2.8168428e-05
75409,0.00019370364
75413,2.7819697e-05
75416,0.99609923
75424,2.567649e-05
75432,0.05336963
75440,8.981044e-05
75441,0.8015471
75442,0.047538664
75446,7.5709286e-05
75451,0.000156166
75456,0.9955715
75459,0.89822775
75460,0.0001967634
75461,0.00056955166
75462,0.00019151857
75465,0.8541863
75470,0.000115013405
75474,0.0009610755
75475,0.0009707508
75477,8.727973e-06
75478,0.10639034
75480,1.3542175e-05
75483,0.9978231
75486,8.121106e-05
75487,0.0006814406
75489,0.000108322005
75491,0.00018734224
75499,0.07145847
75504,5.550316e-05
75506,0.056331575
75508,0.9806589
75511,0.00021592532
75515,1.3778799e-05
75516,4.836515e-05
75526,0.0003026267
75531,0.00030876344
75533,0.023029624
75534,0.00034444642
75535,0.765511
75536,0.08511563
75543,0.0001502314
75551,0.99793386
75552,0.00035474633
75554,0.99867415
75555,0.999495
75558,0.00023266043
75562,0.000978364
75569,0.00025156524
75572,0.00023235827
75577,3.541331e-05
75589,3.1212774e-05
75595,0.00040787185
75596,0.00045313215
75600,3.078728e-05
75602,1.8968314e-05
75610,0.004954345
75617,0.9995771
75624,0.9988549
75626,0.9998454
75628,0.813846
75630,0.00050139957
75633,1.33100575e-05
75637,3.0539436e-06
75639,0.0025247606
75645,0.00022036416
75647,0.0008868732
75649,0.99757606
75652,9.80923e-06
75653,0.0003312224
75658,0.9980122
75659,0.0002415792
75662,0.00021040546
75663,0.9998903
75668,0.99956864
75669,0.0006067181
75678,0.00027158178
75679,0.00039299615
75683,0.03893492
75685,0.09510931
75689,0.0005166947
75692,0.9913401
75693,0.0004402685
75701,0.0014937096
75709,0.00046763997
75717,3.43272e-05
75719,0.9993674
75720,0.99872106
75729,0.000609352
75736,0.00013676548
75738,0.0001659511
75748,0.9949302
75774,0.00023675441
75778,8.131319e-05
75781,0.00021236773
75786,5.3860844e-05
75793,0.9990314
75799,7.874404e-05
75802,0.000802589
75808,0.00018041773
75809,0.00041996865
75814,0.9989466
75822,0.0002582146
75824,0.0017875511
75828,0.10356704
75829,0.00013375095
75830,0.8296263
75837,0.000234076
75840,0.11001204
75842,6.7107267e-06
75845,0.99911636
75849,0.0004356806
75850,0.8364281
75855,0.00032626683
75858,0.0099203745
75860,0.997459
75873,0.00087411824
75876,0.99765825
75883,0.99924386
75884,7.681093e-06
75885,0.0005569538
75888,0.000275635
75891,0.0008941929
75893,0.00023086238
75894,0.0004407831
75896,0.0038050383
75899,0.007054637
75902,0.9993212
75904,0.00023992168
75906,0.9998821
75910,3.1653322e-05
75918,0.00016304752
75920,0.001808059
75924,0.07552107
75925,0.999699
75926,0.00028301697
75929,0.00027548338
75933,0.9982408
75936,1.604298e-05
75939,0.00048561968
75943,0.84614414
75947,0.9999454
75950,7.505758e-05
75952,0.00019570604
75965,0.0016199774
75967,0.00040788914
75977,0.00021034788
75984,0.9989441
75986,3.8675485e-06
75997,0.0008756145
76001,0.00031786496
76008,0.0006029753
76011,8.557985e-06
76013,0.00014975542
76019,0.99704283
76020,1.4805758e-05
76022,2.1146032e-05
76023,8.397922e-05
76040,0.997509
76044,0.00015514369
76046,4.201719e-05
76052,1.681271e-05
76054,0.99954104
76055,0.045191955
76056,0.00045304233
76062,0.00017124973
76065,0.00048331203
76073,0.098202705
76079,8.2829465e-06
76080,0.9986222
76083,0.0003147727
76084,0.9986565
76085,0.00013598576
76087,8.163052e-06
76088,0.00031808444
76090,0.00063178124
76091,8.866625e-05
76092,0.0006685468
76097,0.000168637
76103,0.0002536415
76104,1.999973e-05
76110,0.0030923737
76112,0.00030897104
76113,9.9921934e-05
76120,0.00094182335
76123,4.3367913e-06
76124,0.00023340766
76127,0.00047763617
76129,0.0009676407
76135,0.934598
76138,0.07688738
76141,0.95638317
76142,0.0004034906
76145,0.00048316558
76151,0.0005146688
76153,0.9992107
76160,4.179615e-05
76163,0.0003356663
76166,0.00082761137
76171,2.9450232e-05
76172,0.00010786272
76190,2.0405174e-05
76191,0.00056638557
76196,0.0011831209
76200,2.9739998e-05
76205,0.9981652
76210,0.9998603
76211,0.09545097
76215,0.00042678576
76220,0.00055241655
76222,0.9995876
76223,1.2297448e-05
76224,0.0011997878
76225,0.00040240737
76227,0.00093052135
76230,0.0012489728
76234,6.672352e-05
76240,0.00047905423
76254,0.9985349
76256,0.0015193304
76259,0.00068745826
76260,2.9395796e-05
76261,0.11552975
76264,0.00036927953
76283,0.0006089131
76284,0.00043527398
76287,0.00029154206
76288,0.00026294007
76296,0.00026949047
76299,0.0012368402
76301,0.99983275
76302,0.00049483334
76303,0.0001275885
76304,0.0006311863
76305,0.99966145
76310,0.9962065
76317,0.088317506
76319,2.3653414e-05
76322,0.00025415592
76324,0.9985323
76325,0.0006129713
76328,0.09992149
76329,0.9992812
76333,8.7323446e-05
76334,4.3236087e-05
76340,0.8106502
76342,0.9991462
76348,0.00021559678
76350,3.547273e-06
76356,0.102661505
76364,0.00021829554
76368,0.00035432502
76372,0.00031243943
76373,0.0003016315
76378,0.998686
76384,0.9992908
76386,0.00040691896
76391,0.9944073
76393,0.9971712
76394,0.00093905994
76403,0.99997175
76413,0.0033023376
76417,0.00049057463
76420,0.00081512367
76424,3.069502e-05
76429,1.1037512e-05
76430,0.00069845765
76433,0.93364364
76447,0.0014965956
76455,0.0005650492
76472,0.0003039907
76474,0.099925496
76476,5.16207e-05
76483,0.0011829163
76484,0.000106488966
76488,0.999283
76502,0.00035782976
76503,0.0064452016
76507,1.8945626e-05
76511,0.00013966164
76513,0.0001611223
76517,1.9389961e-05
76519,0.0019575479
76522,0.9969332
76527,0.088553816
76533,0.002236183
76534,0.0003468121
76544,0.0001446523
76545,0.9981602
76548,0.068471044
76549,0.9990127
76553,0.002507978
76555,0.00027965105
76557,0.00047195988
76558,0.0004400304
76560,0.99766976
76572,3.3503973e-05
76573,0.9995834
76575,6.496332e-06
76580,9.632839e-05
76581,0.9965243
76591,0.99780136
76592,0.00075009704
76597,0.0002645812
76598,0.9991037
76609,0.0064339098
76612,0.9993789
76615,2.3064613e-05
76616,0.051364787
76618,0.9972831
76620,0.0005141449
76625,2.8966551e-05
76630,0.00013287459
76634,0.99990773
76635,0.86073047
76638,0.9986349
76639,0.00061070756
76640,0.064233325
76641,0.000111018424
76642,0.99520606
76660,0.00020473987
76663,0.007845203
76670,0.9997267
76672,0.00027510803
76675,0.00021583783
76682,0.07471759
76684,0.99602854
76687,0.00050166325
76688,0.00017587734
76689,0.00080750324
76691,0.9977093
76692,0.00012236953
76699,0.0006810475
76706,0.9996743
76708,0.9989778
76709,5.892196e-05
76713,0.0004340171
76714,9.341465e-05
76716,0.008027911
76730,0.9965251
76732,0.99986124
76736,0.99377596
76737,0.0001494932
76738,0.9995234
76752,0.9966898
76754,0.00040295918
76758,0.99884534
76766,0.9986994
76768,0.00015209726
76769,0.9942409
76771,5.8863945e-05
76775,0.9949479
76778,0.00089789444
76783,0.067421414
76790,0.99954647
76791,1.3313407e-05
76796,0.07501341
76800,0.9997327
76802,1.0197141e-05
76804,0.99974185
76812,0.9949108
76815,0.0007196335
76816,0.99878794
76818,0.00779844
76824,0.00026265645
76825,0.99812204
76826,0.00061748753
76828,0.000556096
76829,0.90338457
76832,0.0009642261
76836,0.0005367842
76838,0.013292036
76847,0.9974375
76857,2.7405415e-05
76862,0.0006379872
76865,0.0004134493
76871,5.7304887e-06
76872,0.04930288
76873,3.1082996e-05
76874,0.00029517149
76876,0.9997086
76882,0.9978278
76887,0.00040542922
76888,0.00014813112
76889,0.00031093878
76893,0.00038739652
76894,0.0024694742
76901,0.99885774
76913,0.09859727
76922,0.00027364783
76923,0.9989273
76927,8.728399e-05
76934,0.0013462418
76938,0.99693716
76942,0.99973434
76943,0.00020677982
76945,0.0007738206
76949,0.0006712372
76955,0.000420811
76956,2.5278905e-05
76972,0.99996245
76976,0.008869662
76978,3.6806836e-05
76984,3.0575444e-05
76986,0.0003298897
76992,0.82978404
76998,0.9980136
76999,0.0009858955
77009,0.9996325
77010,0.0003147178
77012,0.00038939482
77018,0.00032666026
77022,0.0029893166
77023,0.0005602874
77025,0.07603299
77030,0.9995882
77038,0.00011462144
77041,0.99844897
77045,1.3661147e-05
77053,0.00028303612
77059,8.6403525e-06
77061,1.4461189e-05
77065,0.0005799419
77066,0.0012217154
77069,0.9978999
77077,0.00013678543
77082,0.0012494149
77087,0.00042933022
77092,0.99574775
77095,0.00036451672
77101,0.9840164
77108,2.1221202e-05
77119,0.00093622255
77123,1.0889662e-05
77124,1.1047296e-05
77129,0.015030524
77130,0.0024255835
77131,0.0005945788
77135,3.3190827e-05
77139,0.00042796723
77141,0.000107944616
77147,0.88977754
77149,0.99883026
77151,0.008433608
77152,0.99915004
77165,0.0005129302
77166,0.9966582
77169,0.99922943
77171,0.9979588
77172,0.00021630448
77175,0.99953043
77177,0.00019986038
77179,0.9876485
77185,5.3590024e-06
77187,1.0521201e-05
77190,0.0039291526
77197,0.00022557801
77199,0.0009152405
77200,0.99390405
77205,0.00046138128
77206,0.0003962608
77207,0.997297
77209,0.99937385
77214,1.5233651e-05
77217,0.00015022051
77219,0.99895275
77220,0.00069364277
77221,0.08826511
77222,0.00039192222
77226,0.00019715627
77229,0.00032282804
77230,0.9994099
77234,3.8041142e-06
77242,0.99912566
77244,2.5777621e-05
77249,9.4357645e-05
77254,0.9989159
77256,0.08167307
77271,0.00012052569
77272,0.0011404124
77276,0.0005268229
77281,1.2172344e-05
77282,1.39586045e-05
77285,0.00068376947
77290,2.9195511e-05
77302,0.001358782
77304,0.99957997
77306,0.9987715
77310,0.99261135
77315,2.5726073e-05
77326,0.000115590636
77328,0.0004022879
77338,7.205569e-05
77339,0.00019826132
77367,1.5080273e-05
77375,0.000109351015
77376,0.010320464
77377,0.0001680104
77379,3.81782e-06
77383,1.2481968e-05
77388,0.9996356
77390,0.99851924
77393,0.9948078
77394,0.070818834
77399,0.99926406
77404,5.6760062e-05
77406,0.00039755006
77407,2.6681277e-05
77410,0.00014680541
77415,0.9984174
77423,0.00102643
77426,4.4194883e-05
77431,0.00020931751
77433,8.527475e-05
77445,0.99953735
77453,0.0002456485
77455,0.9997992
77459,8.076735e-06
77469,0.000112202004
77475,0.00021112588
77476,0.00032145646
77477,0.9650652
77479,0.99603087
77483,0.0011299062
77494,0.00012252787
77495,0.0045776325
77497,0.9988992
77511,0.00079589296
77515,0.00036197927
77516,0.00013519476
77518,0.00034594117
77523,0.9988418
77529,7.3515446e-05
77533,0.000376637
77534,0.00038595503
77541,0.00035332388
77549,1.5830588e-05
77553,0.0008193514
77559,0.0066447216
77563,0.00047691877
77564,0.9987715
77571,0.8433928
77581,0.9996891
77586,0.9984529
77587,0.0003393149
77589,0.00013920972
77595,0.9994867
77600,0.99912673
77601,5.0367147e-05
77603,0.0001803823
77609,4.6128316e-06
77610,5.978441e-06
77619,0.00011046708
77623,1.032363e-05
77625,0.0003603969
77626,0.0005194967
77632,0.992529
77635,0.00010058904
77657,0.0005331821
77668,0.00011502503
77672,2.904173e-05
77674,0.0003888981
77682,0.0002498802
77697,0.9987392
77699,8.137944e-05
77700,9.908193e-05
77707,0.9987748
77711,0.99933547
77714,0.15927173
77716,0.00017234578
77717,0.0006182707
77721,0.00021080888
77737,5.958345e-05
77739,0.001589337
77741,0.00041444448
77742,0.07353172
77746,0.0010624769
77747,1.0912731e-05
77749,0.0003708498
77759,0.09910204
77764,0.9989832
77771,0.9990175
77776,0.00012101558
77780,0.9991387
77785,0.0005761596
77786,4.4510343e-06
77789,0.00094418717
77793,0.00084146165
77794,0.9995333
77801,0.0010910399
77807,0.9988619
77817,0.073322915
77823,0.00021161379
77827,0.9966223
77834,0.0005359664
77835,2.563294e-05
77836,0.0022994408
77838,0.00018372148
77849,0.00013254063
77854,0.99786085
77855,0.0004674521
77862,0.0017579893
77865,0.0009524227
77870,0.9999467
77871,2.040529e-05
77877,0.99716383
77888,2.4537629e-05
77892,0.00014164076
77895,0.0003989605
77899,0.0058908006
77910,0.8156729
77924,5.5142177e-06
77926,0.0024570313
77931,0.07183392
77933,0.008104452
77946,0.9959413
77948,0.0006718977
77949,0.0008442352
77959,0.9942935
77962,3.121331e-05
77965,0.9978175
77976,0.0002505171
77979,0.00010805121
77982,0.99976283
77987,0.00026444148
77996,0.9977982
77998,0.99938154
78001,0.00010595637
78009,0.00078325067
78011,0.9921869
78015,0.98756146
78017,0.9999484
78027,5.1499246e-05
78031,0.9984536
78034,0.99897385
78036,0.99703526
78039,1.1065495e-05
78040,0.00038054315
78041,0.99910384
78044,0.00034315768
78045,0.0001754984
78046,0.00014618185
78049,7.5709936e-06
78055,0.00020359541
78057,8.019936e-05
78061,0.99899536
78073,0.0002692149
78079,0.99968636
78080,3.0101863e-05
78083,0.0005706985
78088,0.99914956
78092,0.0017786082
78094,0.9997198
78100,0.91853166
78103,0.009340797
78105,0.00017242468
78116,0.0002108722
78117,1.532412e-05
78121,9.551047e-06
78128,0.002146179
78130,0.00013205709
78131,0.001396052
78133,0.0006823881
78138,0.11543503
78140,0.99961627
78142,0.050496656
78145,0.007720495
78147,0.99927264
78150,0.99955815
78151,0.00040731987
78152,6.090404e-06
78154,0.0005581186
78161,0.99995685
78163,0.0001732591
78167,0.00034984993
78169,0.00053021155
78172,0.00015917745
78174,0.00021200317
78176,0.00021732404
78178,0.00042741912
78180,0.9993136
78182,0.000127184
78184,0.00015709992
78196,0.00014237035
78197,0.00024176654
78199,3.8530587e-05
78205,0.000442625
78220,0.00016794122
78223,0.00045293698
78226,7.501695e-06
78238,0.00027080454
78240,0.99714786
78244,0.0004047897
78245,0.99447083
78246,0.00037643133
78249,0.99675506
78252,0.0028148445
78256,0.00015285096
78258,0.014388164
78259,4.3660057e-06
78266,0.9759473
78270,0.99956197
78274,0.0660784
78279,0.00014531077
78289,1.0029625e-05
78291,0.00042762284
78302,0.998961
78305,0.000416534
78306,0.99911743
78307,0.90691185
78326,0.00014496021
78328,0.0004840375
78329,0.99964714
78331,0.790461
78332,0.9994079
78333,0.03484754
78337,0.00056380534
78338,8.413745e-06
78339,0.00026609274
78347,0.00010984891
78348,0.9958007
78355,1.136078e-05
78359,0.000566129
78365,0.07431688
78366,0.00047065117
78368,0.99890125
78379,1.2797161e-05
78385,0.082030274
78388,0.000314626
78399,0.0007874461
78400,2.7479711e-05
78401,0.0030314687
78403,0.00016639286
78405,0.0006313759
78409,0.00092540955
78412,0.06208059
78419,0.9238409
78423,6.4861615e-06
78425,0.9987489
78427,0.9978295
78429,6.992683e-05
78432,0.067380704
78435,6.428986e-05
78437,1.2213577e-05
78439,0.0079880515
78444,0.99983037
78450,0.99714607
78457,0.0004980616
78459,0.0004395294
78462,0.99917954
78464,0.9996519
78465,8.26273e-05
78469,0.8660131
78477,1.1287905e-05
78480,0.00046407635
78484,0.9996625
78487,1.2807612e-05
78492,0.9993766
78494,0.00042319452
78500,0.10591053
78501,0.99936646
78504,0.00024787392
78505,0.00012000778
78516,0.00082306605
78517,0.00023563967
78521,0.0007751077
78535,0.00010921752
78545,0.00010458176
78547,2.2396083e-05
78550,0.9992373
78551,0.00059398124
78554,4.106066e-05
78566,0.0012272928
78568,0.9958379
78570,6.653551e-05
78575,0.00037250895
78577,0.00021080545
78584,0.9984664
78585,1.7494282e-05
78590,0.0042232997
78591,0.00033881917
78602,1.2244974e-05
78604,0.99872714
78605,0.9999331
78607,1.1593514e-05
78613,0.001024241
78617,0.00013918238
78619,0.99592376
78626,0.0002225519
78629,0.0005262789
78636,0.0024319943
78637,0.00021333194
78638,0.10149357
78648,0.00035333904
78657,0.002298441
78660,0.00034094253
78661,0.9950728
78669,0.00035885855
78671,9.22015e-05
78679,0.00020734368
78681,0.0897101
78682,0.9992173
78686,0.00028337687
78687,1.8329096e-05
78694,0.0008136744
78705,0.99937636
78706,3.6303525e-05
78707,0.000348757
78711,0.00011115667
78719,0.9990921
78723,3.895656e-06
78729,0.00018717156
78735,0.99956495
78743,0.9986216
78745,0.99829763
78746,0.00074158114
78747,0.9987178
78755,0.0007084439
78756,0.99936134
78762,0.99791616
78764,0.00015032511
78775,0.00023563764
78776,1.6061978e-05
78777,0.0002451908
78778,0.00047200284
78790,0.00016154627
78792,2.456624e-05
78794,0.00017108684
78795,0.0004509294
78798,9.429536e-06
78801,0.0009696328
78804,0.00021647985
78808,0.99916255
78809,0.9992274
78812,9.0641315e-06
78813,0.993383
78814,0.0005207299
78816,1.053778e-05
78831,0.0004891712
78832,0.0006851429
78840,0.9964971
78841,0.00069766166
78855,0.9977203
78862,4.8117226e-06
78865,3.1586864e-05
78867,0.9978886
78871,0.00042945976
78885,0.00019876953
78890,3.2136388e-05
78891,0.99948287
78893,0.98503035
78898,0.00044183395
78902,0.00031923494
78909,0.00044119195
78915,0.0035012085
78916,0.9054059
78922,0.00028074204
78923,0.00016903642
78929,0.9983367
78936,1.4024039e-05
78937,0.008304689
78940,0.0027835232
78942,0.0001589892
78945,0.99972457
78946,0.0002167316
78948,0.000114113674
78952,0.00021940857
78954,1.8380593e-05
78957,1.3705841e-05
78962,0.7869854
78964,0.00035685254
78970,0.99798584
78971,0.0004043063
78974,0.0012708621
78975,0.99995124
78979,9.345661e-05
78982,0.1144974
78988,0.9999292
78995,0.00063895294
78998,3.7673217e-05
79007,3.7784393e-05
79010,0.9999087
79012,0.99831176
79015,0.9999155
79016,0.0008471846
79018,0.9997235
79019,0.0005806681
79025,0.0006765398
79027,0.9989567
79031,0.00016680238
79047,7.6531935e-05
79048,0.0004491174
79051,0.9986645
79057,0.00039108322
79058,0.999624
79065,0.050659895
79069,0.00054777367
79071,0.00015365936
79076,0.9962149
79083,0.00057887303
79086,0.999501
79091,0.99983215
79092,0.99036986
79093,0.0005105535
79104,0.00024546846
79107,0.0010275827
79113,3.8214444e-06
79116,0.00013119807
79120,0.0001277732
79125,0.9987804
79135,0.0024172051
79136,0.0021621666
79138,0.0008680459
79147,6.546582e-05
79154,6.2822414e-06
79164,0.99813974
79169,0.00072165806
79175,0.0005860592
79179,0.99975795
79180,0.00031426086
79182,4.612405e-06
79183,0.99927944
79184,0.00013815591
79186,0.0005340923
79187,0.9981852
79190,0.00055431796
79194,0.011845594
79195,0.99633044
79196,0.00040819234
79202,0.0020421485
79203,0.0013875286
79204,0.9966043
79206,5.383405e-06
79212,0.0009732299
79221,3.5055666e-05
79222,0.0015433524
79236,0.0009569656
79239,0.0006560107
79240,0.9951338
79244,0.00031432527
79245,1.7217806e-05
79247,2.2858321e-05
79249,1.4696341e-05
79252,0.9993284
79254,0.78548944
79263,0.0002149414
79265,0.0004779545
79266,0.99326986
79270,0.00010864922
79271,0.00014180983
79274,0.0010275656
79276,1.2722907e-05
79280,0.0010944121
79283,9.751801e-06
79292,0.00011757438
79294,0.99769706
79299,0.0005420966
79300,0.00029315
79301,1.8712251e-05
79302,0.00011574362
79306,0.0017343492
79307,5.091306e-06
79309,0.8946315
79311,0.0006622744
79314,0.99987125
79316,0.0015669814
79317,7.308738e-05
79318,0.9984554
79320,0.0001768392
79321,1.19710785e-05
79324,0.0003865875
79325,0.9977216
79330,4.082845e-05
79334,0.0002886527
79335,0.0002817739
79338,0.008728333
79339,0.9964437
79342,0.00016931191
79345,0.9990871
79349,0.9805859
79350,0.001164636
79364,0.99994993
79375,0.00017359544
79378,0.12150176
79379,0.00022514634
79390,1.4621677e-05
79401,3.5800273e-05
79403,0.00041372073
79405,8.668596e-06
79409,0.0036522385
79417,0.9987675
79419,0.99959046
79430,0.0008155622
79431,0.0009944926
79436,7.010287e-06
79441,0.0003990843
79442,0.01186727
79443,0.8840216
79449,2.3751287e-05
79450,0.0018011644
79451,0.9999361
79458,0.0004884942
79465,0.00011140794
79467,0.00022463086
79477,2.221576e-05
79478,0.99919444
79481,4.8353668e-05
79486,0.9994893
79489,0.00032509255
79495,7.890384e-05
79508,0.0003666799
79514,0.00013481293
79515,0.0003325767
79521,0.0005013929
79522,0.99828595
79523,0.09819555
79527,0.00015037242
79535,0.0006362891
79536,0.99886274
79538,0.0005002872
79540,0.0003428493
79543,2.471303e-05
79550,0.00027330287
79551,0.9996774
79553,0.00047408565
79556,0.0006849383
79557,1.683628e-05
79564,0.0017049764
79569,0.00025143838
79574,0.99916553
79575,0.00045314513
79576,0.99947685
79583,0.99858713
79584,0.00025645815
79587,0.99960953
79589,0.00058571744
79594,0.8116004
79595,5.3637013e-06
79596,0.99815387
79599,0.9969503
79601,0.001941681
79604,0.0006422967
79607,0.0002066312
79609,0.9996847
79611,0.9996711
79616,0.99908626
79619,0.9984602
79620,8.2837396e-05
79622,0.0013659877
79624,0.9990858
79626,0.00015236944
79637,0.00043642215
79639,9.9206736e-05
79640,0.00068259134
79642,0.9989467
79655,2.575214e-05
79663,1.4700533e-05
79667,0.00031184306
79671,0.0004510584
79680,0.99944824
79687,0.00058703276
79692,8.956431e-05
79695,0.9959869
79697,0.00055287743
79702,0.0035660146
79705,0.8666073
79707,1.0952778e-05
79711,0.9988589
79712,0.00017362622
79713,0.99683774
79715,0.007836821
79716,1.660206e-05
79717,0.99955827
79722,0.0005453632
79725,0.00032428713
79731,6.701965e-06
79733,0.8325018
79735,6.3333595e-05
79751,1.1301488e-05
79755,0.0004845303
79756,0.00017005115
79757,0.0004995708
79764,0.9991197
79769,0.0004339021
79770,8.867868e-05
79773,0.9996716
79779,1.0347839e-05
79780,0.002453531
79793,0.998226
79794,0.00045107128
79795,7.661969e-06
79799,0.07480144
79800,0.0014698242
79805,0.00014607317
79808,0.00019466534
79810,0.99887544
79815,1.2098392e-05
79819,6.0487248e-05
79823,0.0001783519
79825,2.0387764e-05
79828,9.582029e-06
79835,0.9988305
79840,0.0005198412
79843,0.003005849
79847,0.0003765503
79850,0.009099141
79855,3.4862904e-05
79863,0.00029063068
79867,0.9998311
79871,1.1338072e-05
79876,0.0002752631
79880,0.0002019189
79884,0.00042854247
79889,1.1905819e-05
79897,0.0010504258
79898,0.0001302475
79901,0.00031770775
79907,0.0004443939
79909,0.9994498
79918,0.0121703595
79919,0.00030761166
79925,0.9988187
79931,0.0005109897
79934,0.99878114
79936,0.00013759728
79947,0.0003421013
79952,0.99504036
79954,8.7385924e-05
79959,0.0005176786
79965,0.99858177
79970,0.9995803
79974,0.76201093
79978,0.92515737
79979,0.00096092175
79980,0.9043318
79987,0.0002834512
79996,0.9822595
80000,0.99958223
80002,9.239405e-06
80007,1.3822521e-05
80013,0.9978264
80014,6.592245e-05
80028,0.0010919268
80031,0.00022921104
80036,0.00083478034
80041,3.2959437e-05
80044,1.22658e-05
80048,0.0013151754
80067,0.9994967
80075,0.0053314874
80076,0.00038408022
80078,0.00017546595
80079,5.666066e-06
80081,0.9869731
80083,0.0017187453
80086,0.0001880838
80088,7.651318e-05
80091,0.00025608554
80095,3.5889946e-06
80097,0.046162803
80106,0.9997371
80113,0.00072364934
80117,0.0014309823
80119,0.010887257
80120,1.934495e-05
80125,0.057636842
80126,0.00018580718
80127,0.8867333
80134,0.99922144
80137,9.666702e-05
80139,0.00068831607
80143,0.00010254774
80146,0.0011962604
80151,3.8010596e-05
80154,0.99978846
80160,0.0004753971
80162,0.00038561027
80164,0.00019504045
80165,0.00021899621
80170,0.00037300962
80171,0.99948347
80172,1.4456074e-05
80173,0.99905926
80175,0.00041865098
80176,0.9975031
80177,0.00020500612
80179,0.00028802286
80180,0.008113714
80186,0.00065136567
80188,0.00011194604
80191,3.432033e-05
80193,0.0005918666
80199,0.00023744255
80200,0.00025581417
80204,0.99651825
80207,0.0022078005
80209,0.0004333383
80213,0.00024783352
80214,0.0008475819
80215,0.00015800128
80217,8.080147e-06
80218,0.00027291648
80219,0.00020722923
80224,0.00021693629
80225,0.99950457
80227,0.9996489
80229,3.4509038e-05
80230,0.9994098
80232,0.0002717675
80233,0.00205287
80245,0.00035781018
80254,1.9392108e-05
80260,9.338103e-06
80265,0.9994586
80268,0.997097
80271,2.9824807e-05
80276,0.00052229577
80283,1.795831e-05
80286,2.1208174e-05
80287,0.99913126
80290,0.0004864726
80292,0.00032318957
80297,0.00011137055
80298,0.9999372
80302,0.0019518046
80305,0.000106704756
80309,2.6763895e-05
80318,0.9974255
80324,0.00026399587
80326,0.9999672
80332,0.9990771
80333,8.387838e-05
80336,0.0006632101
80337,0.000289818
80346,0.0011869932
80350,0.99851054
80362,0.0015892962
80369,0.0004260602
80370,7.504944e-06
80376,1.9779025e-05
80378,0.0006850655
80379,0.99968207
80381,0.00017211586
80382,0.000112823196
80384,0.0003991762
80386,0.99868435
80388,6.495045e-05
80390,0.0007144922
80398,0.00094534253
80402,0.00055151636
80403,0.99971944
80407,0.00040693663
80414,0.00045511956
80423,0.99995685
80425,0.9997484
80426,0.9999429
80430,0.00026652843
80433,0.00014398557
80439,0.0007054002
80440,6.7370947e-06
80443,0.00019813074
80446,0.00032014717
80454,0.00047037628
80455,0.80178535
80465,0.0021621985
80467,0.00033081404
80468,0.0007497436
80480,1.3068563e-05
80482,0.00011320793
80487,0.06818359
80493,5.7201552e-05
80499,0.00023702861
80505,0.9970727
80507,0.0011531168
80508,8.292552e-05
80511,0.00047943066
80513,0.99912757
80518,0.00040659093
80523,1.7560707e-05
80525,1.108143e-05
80531,0.00016270118
80535,0.076148726
80540,0.014800968
80545,7.631461e-05
80559,2.4936537e-05
80565,0.0002437545
80566,0.00025235076
80567,0.0001141312
80572,0.8030942
80574,0.0009347916
80578,1.1579889e-05
80579,0.00040509738
80580,0.00021505191
80581,0.0013675459
80584,0.00028385143
80587,6.607116e-06
80588,0.0015144222
80589,0.0007556958
80594,3.2465707e-06
80596,0.9997234
80597,7.507576e-05
80599,0.00018674337
80601,0.98436695
80609,0.00012620364
80614,0.8705261
80625,0.00052900176
80631,0.9998827
80633,0.00028656927
80634,0.00014869025
80640,0.9989378
80641,0.00041963448
80648,0.00059988484
80652,7.699523e-06
80654,0.997343
80663,0.00085300294
80665,4.077771e-06
80667,0.00014658774
80669,5.0315637e-05
80670,0.0003844196
80671,0.98403996
80672,0.0011221162
80674,0.9978896
80677,0.9953815
80683,3.7026268e-05
80692,0.000111559224
80694,0.99995923
80695,0.99977463
80703,0.10689828
80704,0.00036474562
80710,0.9976197
80713,0.0006318059
80716,0.00015131583
80724,0.037989225
80725,0.0004404452
80727,0.9997553
80731,0.00021097637
80735,0.9993844
80742,0.0010062793
80743,0.0001658527
80746,0.000851018
80748,0.0005234064
80750,0.0011287556
80755,0.0002154895
80760,1.87253e-05
80764,0.9947759
80766,0.001311932
80772,1.4335371e-05
80773,0.00019075388
80784,7.974035e-05
80788,0.99869967
80793,0.0044547617
80794,0.00070220383
80796,0.0016068202
80798,0.000258781
80805,0.008839986
80812,0.00018329859
80821,3.1880896e-05
80825,1.4270635e-05
80826,0.0042873365
80827,0.00013575747
80829,5.7731368e-06
80834,0.00019721042
80840,0.99644935
80841,5.1673494e-05
80842,0.0001614588
80844,0.004507988
80847,0.00042304408
80848,0.00018385152
80850,0.00047447623
80852,0.99739933
80854,7.472684e-05
80858,0.00043922596
80860,0.00011922237
80861,0.0004489616
80862,0.00032171616
80863,0.00041743653
80865,0.0004237611
80875,0.0017853923
80878,0.9988219
80879,0.00310347
80885,0.002520519
80889,0.00019634452
80892,0.07732549
80901,0.001153847
80917,0.00046201615
80918,0.0005951078
80922,0.00018707683
80925,5.8832575e-05
80926,0.00020427656
80930,6.261011e-05
80931,0.0013444512
80936,0.00020976344
80940,8.9179575e-06
80942,0.00048143973
80944,0.9911602
80948,7.939118e-05
80953,0.9984793
80969,0.99923754
80970,0.000703735
80971,0.0009571238
80972,0.0018432601
80975,0.99911433
80976,0.99859065
80984,0.83419615
80989,0.00024484226
80999,0.00036089853
81002,0.14946045
81006,0.007873033
81014,5.2284267e-05
81016,0.0017982551
81020,9.9706354e-05
81022,0.008670738
81023,0.00027807895
81027,9.343226e-06
81032,0.999954
81033,4.4577613e-05
81036,0.0004261664
81039,0.00037581692
81041,0.9973482
81044,0.9993443
81046,0.048886906
81052,0.00022224103
81059,2.1782214e-05
81060,0.9997478
81061,0.000490008
81063,0.00030941053
81070,0.00031961375
81071,0.00011733024
81077,0.0044923173
81083,0.9894924
81085,0.99963045
81091,0.00057516183
81095,0.00020243687
81096,6.483102e-05
81100,0.00011194466
81101,0.06846614
81102,0.0001962908
81103,3.586089e-05
81107,0.00020446519
81108,0.0012578155
81115,0.00019497481
81125,0.0002037795
81126,1.3616611e-05
81132,0.99954283
81134,0.9997141
81140,0.00017562429
81141,0.9985984
81144,0.00012949124
81149,0.0015709387
81155,0.004945
81162,0.00011902018
81168,0.99936074
81169,0.059666313
81173,0.000115113144
81174,0.9996811
81175,0.99943095
81186,2.277188e-05
81187,0.00074546575
81189,0.00016088327
81198,8.861494e-05
81204,0.00043947852
81212,0.0007678498
81213,0.00023131404
81217,1.598792e-05
81221,5.1157144e-06
81225,0.9949647
81227,0.00030804746
81229,0.007706345
81230,0.000108723434
81232,0.9925915
81233,0.99942267
81236,8.024931e-05
81244,0.0008509754
81248,0.8990946
81254,0.00034209134
81257,0.00020746232
81261,0.00012999537
81262,0.00017685961
81266,0.99979705
81267,2.1215375e-05
81268,0.00018587097
81269,0.00024414854
81275,2.8754872e-05
81281,0.0037809736
81286,0.0006420173
81289,0.0003643939
81292,2.4618608e-05
81296,0.0002594292
81305,6.122988e-06
81309,0.99980253
81314,0.00010548297
81317,0.0011478318
81319,1.2357722e-05
81320,9.490286e-05
81324,0.99360055
81325,0.000289189
81326,1.317356e-05
81330,0.00021219894
81336,0.00013030689
81347,0.00019066423
81348,0.0003511109
81350,2.3329143e-05
81352,0.00015737758
81353,0.00025859525
81357,0.00010310114
81358,2.1312815e-05
81361,2.5192892e-05
81365,0.00085217843
81383,1.5842095e-05
81385,0.000119788034
81393,0.0008180911
81394,0.00013425975
81402,0.0001277966
81408,0.0005537128
81409,0.00040748902
81410,0.0005352902
81411,0.00032226194
81416,0.0007396501
81423,7.188606e-06
81430,0.00021739678
81432,0.99919647
81433,5.702168e-06
81435,0.9834315
81441,3.657935e-05
81445,0.0002519464
81451,0.00014366135
81452,0.00020690012
81461,0.99946934
81465,0.999134
81467,0.8953017
81473,0.0012439756
81474,1.1302662e-05
81479,0.05869067
81481,0.9981692
81496,0.99992156
81501,0.9994766
81508,0.00047655246
81523,0.9996489
81526,0.09042563
81547,0.15430978
81554,0.0004294274
81555,0.100764826
81564,0.0002494995
81567,0.998781
81571,0.012035855
81575,8.5795546e-05
81576,0.00024923775
81579,0.9985544
81581,1.2127168e-05
81588,1.0339828e-05
81591,0.0005499877
81602,0.00043809004
81612,0.99484396
81617,2.5550718e-05
81622,0.9985324
81624,0.0021539868
81625,3.718355e-05
81626,0.0013016744
81628,0.0004695665
81637,7.999481e-05
81638,0.0004635557
81640,1.182082e-05
81649,0.0003016922
81650,0.8664461
81656,0.00020410796
81658,0.0022006482
81666,0.9994161
81667,3.7095044e-05
81671,0.9993228
81672,0.0002487933
81676,0.00026967013
81684,0.00042144067
81690,0.00052710425
81692,0.001989137
81693,0.00041911838
81694,0.0076366896
81698,7.468203e-05
81699,0.00077091076
81701,0.00035919773
81713,0.99905735
81714,0.0044476325
81721,0.0011970709
81725,2.7315446e-05
81726,0.00017459443
81727,0.027286867
81729,0.075659655
81731,0.0004905234
81732,0.0001386044
81746,0.00026915435
81755,0.00049191405
81760,0.00051649055
81762,1.67869e-05
81765,0.0003045677
81769,0.0004273745
81770,0.007818134
81788,0.00039658748
81789,0.9942983
81792,0.99688196
81797,5.229837e-06
81799,0.013393183
81807,1.608945e-05
81809,0.00038639316
81812,0.00057609234
81817,0.0005003788
81819,0.0001177939
81820,0.97444195
81822,0.00040562195
81823,0.9991147
81831,0.059951577
81835,3.4904733e-06
81838,1.0951483e-05
81840,0.00019313894
81846,5.3895117e-05
81852,0.00037998398
81853,0.9894266
81856,0.00027884674
81861,0.11896531
81864,0.00010670395
81866,0.9829238
81871,8.082423e-05
81875,0.00020578771
81877,2.6154825e-05
81881,0.0004237286
81883,0.0003522374
81884,0.0020112724
81889,2.4787189e-05
81890,0.0002343719
81893,0.9995158
81895,0.0032702535
81897,0.0017948876
81898,1.3748637e-05
81900,0.003433087
81902,0.0005219078
81903,0.00036494146
81904,0.00048824557
81908,2.8826369e-05
81910,0.99963593
81918,0.9972566
81919,0.0005963072
81929,0.9985293
81934,0.1250493
81936,0.037878998
81946,0.00019939082
81947,0.9989072
81949,0.0017203578
81950,0.00020706904
81952,0.0003594418
81957,0.000109496264
81962,0.05062547
81967,0.003385675
81969,0.9982755
81971,0.00030391305
81976,1.7424816e-05
81977,0.00073804794
81981,0.0013525705
81984,0.00020714567
81989,0.998588
81994,0.00038585684
81997,9.755154e-05
81998,0.98744816
81999,0.00030070407
82001,0.00014816277
82002,0.9314554
82004,0.00034425323
82005,1.129232e-05
82010,4.246525e-05
82018,1.1168608e-05
82019,0.9995863
82021,0.99627787
82026,2.5754991e-05
82027,0.00034837367
82031,0.0003000543
82033,0.0019004489
82040,0.9951266
82041,0.05561706
82045,0.002481298
82050,0.99800617
82065,0.00072102353
82067,6.976065e-05
82070,0.000318928
82078,0.9998677
82079,0.99701846
82082,0.0001884401
82088,0.0009163774
82096,0.00016301067
82105,0.99993443
82107,0.0011036977
82109,0.99775046
82115,0.99969566
82120,0.9996295
82126,0.9942973
82133,0.0005158662
82134,0.99736124
82140,0.00010535972
82147,0.99763477
82148,0.0017996578
82151,0.00015997354
82154,0.00015303602
82156,0.0060302718
82160,0.00042881013
82162,0.99940705
82167,0.00072371104
82168,0.00068871933
82171,0.0002063229
82173,0.9999522
82175,0.0013375494
82183,0.0002875611
82189,0.00254936
82191,0.00056605804
82192,1.9935273e-05
82193,0.0005311602
82198,0.99954885
82202,0.00066022814
82207,0.99876165
82212,0.00048713383
82216,0.07086358
82217,0.00032756245
82227,7.3773394e-06
82229,0.99923456
82230,0.00031711976
82231,0.0003087446
82239,0.0004589186
82241,3.5864992e-05
82243,0.0003962865
82245,9.755262e-06
82252,0.080124184
82254,0.9992061
82257,0.00021072708
82258,3.0865478e-05
82262,0.999848
82268,0.00059211825
82271,6.424696e-05
82275,0.00014136295
82276,0.9993274
82302,0.91590357
82308,0.06861903
82309,0.00010668003
82310,0.0004101303
82311,0.00024354683
82322,0.9986117
82324,0.99820936
82329,0.9992824
82330,0.00011221794
82331,2.3904557e-05
82336,0.9992692
82339,0.00024955283
82344,0.078948945
82347,0.00032082057
82348,0.99961436
82351,2.4695924e-05
82353,0.00019089943
82356,8.658052e-05
82357,0.0010166813
82371,0.99678504
82372,0.0002705684
82374,0.0002296109
82376,0.9999529
82377,0.0023476633
82378,0.0015335937
82380,0.00023833076
82383,0.00021842193
82384,0.0008845937
82385,0.0051318347
82392,0.002552234
82398,0.99853754
82400,0.0004267701
82405,0.00086695154
82419,0.00020447436
82420,2.390946e-05
82425,8.846609e-06
82430,0.9960886
82432,0.99915254
82434,0.9952799
82436,0.00024312481
82439,0.9974738
82441,0.0034794258
82442,0.0046674567
82443,0.06873368
82449,0.99158514
82455,2.0518528e-05
82456,0.00021646147
82457,1.3699856e-05
82461,0.00046679538
82462,3.3040284e-05
82466,0.99972993
82467,6.291193e-05
82468,0.0004331863
82478,9.71647e-06
82484,1.1192354e-05
82493,0.00022257758
82495,4.1806077e-05
82496,0.07838449
82502,0.00051526056
82505,0.0005970218
82510,0.99450195
82513,0.00026326868
82517,0.00029857497
82522,0.0004221089
82527,0.00013239284
82532,0.00020477404
82537,9.7855744e-05
82539,0.0008885496
82540,3.1137944e-05
82543,0.0009859077
82546,0.00060152024
82549,0.00024438376
82550,0.08759217
82553,0.0033064142
82555,0.00044544385
82557,0.004845279
82562,0.0005335904
82567,0.000116267176
82581,1.5505639e-05
82587,0.00039168427
82591,0.00018367227
82594,0.00014275314
82597,0.00021086595
82599,0.00016226243
82600,0.00038454458
82604,0.00031851293
82609,0.0005917442
82610,1.3280932e-05
82613,0.0006915801
82616,0.9992642
82622,0.00013458161
82624,0.0004149254
82627,0.0005724505
82634,0.00045247498
82636,0.0005764623
82641,0.9976439
82643,0.00042260718
82652,0.00084201066
82655,0.003968457
82663,0.00034392782
82665,0.0011825789
82667,0.998604
82675,0.0003727679
82704,0.0010683455
82706,0.98449683
82708,0.00036150648
82709,0.0004744991
82710,9.945882e-06
82717,0.0004023249
82718,5.0076058e-05
82726,0.99638593
82733,5.3158333e-06
82734,5.9778322e-05
82745,0.00020123257
82747,4.682114e-06
82750,1.9662666e-05
82753,0.99890697
82757,0.99524456
82767,0.98410136
82770,0.99823284
82772,0.0003750056
82775,0.00088429917
82781,7.74052e-05
82786,0.000283711
82791,9.084639e-05
82794,0.00048646567
82795,0.1117311
82796,7.648699e-05
82799,0.00015374833
82800,0.07094105
82801,0.00064283743
82802,0.9994936
82804,0.9989354
82805,0.99724257
82810,0.9990662
82814,0.047913384
82816,0.77550614
82823,0.00026492652
82824,0.9937795
82828,0.99881315
82829,0.0013224139
82832,0.0011284036
82835,0.00030599066
82836,0.00027193414
82838,3.9546612e-05
82841,0.9990157
82843,1.0982818e-05
82846,0.9996313
82848,0.0023589884
82852,0.0002496725
82855,0.0006682045
82861,7.853808e-06
82866,0.9997794
82867,0.00024560074
82871,0.0071202423
82875,0.00017660532
82876,0.99989176
82878,8.79352e-05
82888,4.3824173e-05
82891,0.99833953
82892,0.00029371344
82895,0.99772686
82900,0.9994012
82905,7.1415474e-05
82907,0.99959856
82909,0.000416319
82910,0.99827313
82913,0.9083628
82917,0.9991223
82921,9.133473e-05
82924,0.00035459944
82927,6.294607e-06
82934,1.5422156e-05
82945,0.00027261607
82948,0.00025650338
82949,0.9981363
82956,0.00044568017
82967,0.062165767
82972,0.0005799068
82977,0.006086686
82978,0.0002205298
82980,0.9997329
82981,1.3007427e-05
82983,0.00015901224
82988,0.0004503613
82989,7.714973e-06
82990,9.577572e-05
82993,0.9567929
82995,0.00032857485
82996,0.00025822275
82998,0.9960931
83009,0.0014199648
83010,0.0001948752
83013,0.99910223
83015,0.9980724
83016,0.00021328108
83020,0.0002812339
83021,0.00010852983
83029,0.9981108
83043,0.00031762564
83048,0.99949825
83050,0.9966815
83052,1.2670888e-05
83055,0.99794763
83056,0.00016636636
83057,0.06715481
83060,0.00014697222
83061,0.09093609
83066,4.5393583e-05
83077,0.0004985865
83081,0.00026009738
83083,0.05758364
83094,0.0013455785
83097,0.995928
83098,3.4189135e-05
83103,0.0008735266
83104,0.0001219403
83114,1.5313792e-05
83117,0.0010667238
83122,0.0007423798
83127,0.001365446
83135,0.00019069205
83138,0.07272724
83142,0.00043143218
83144,0.00019470655
83149,9.863078e-05
83165,0.9923509
83167,0.009176036
83171,0.9988092
83174,0.99832755
83178,4.557637e-05
83184,7.738693e-06
83191,0.00072107575
83198,0.99967766
83203,0.08479158
83204,0.99977916
83205,0.99830973
83213,0.00018190933
83218,0.000119067634
83223,0.99447155
83230,8.085351e-06
83239,0.013016176
83240,0.0019105023
83243,0.00041832603
83244,0.999313
83249,7.469422e-05
83252,0.00070386345
83265,0.9997265
83266,0.009179644
83270,1.9558835e-05
83272,0.00065030967
83276,1.0443787e-05
83279,0.07289193
83286,0.013592644
83289,1.19772685e-05
83291,0.0056353235
83294,0.9996656
83301,0.99971503
83303,0.00031539242
83304,0.00013165876
83306,1.3290282e-05
83309,8.178967e-05
83311,0.99853444
83317,0.0007267957
83333,6.810732e-06
83337,0.00067294226
83352,0.055825956
83356,0.00065999315
83358,0.99930334
83366,0.99941885
83370,1.6909655e-05
83373,4.5488937e-06
83375,0.0005599169
83376,1.0024892e-05
83379,0.9993304
83385,0.00046750985
83399,0.00041626804
83400,0.00060807564
83403,0.00025271313
83411,0.0009793708
83423,0.013494644
83425,0.006110974
83430,0.00018181621
83432,0.056067023
83445,0.00037356175
83452,9.832614e-05
83453,0.0016144826
83462,0.00060599373
83465,0.99578875
83467,1.0311764e-05
83469,0.0003468625
83471,0.99952686
83474,0.9975325
83475,0.00011422418
83479,0.0001758894
83484,0.04211415
83499,0.0069498247
83500,4.296641e-05
83507,0.0005577615
83518,0.00020429058
83523,0.0029240767
83525,0.13557224
83531,0.00011953508
83536,0.00021124045
83538,0.00011840392
83551,0.90874326
83562,0.0006918421
83563,0.00025477554
83564,0.00016558866
83565,0.9993837
83570,0.0047990894
83579,0.00207855
83580,0.9999566
83581,0.00018535188
83586,0.9988944
83589,0.00088423304
83592,6.672938e-05
83596,2.980351e-05
83597,0.9993931
83602,0.99851924
83608,0.9876946
83609,0.00010040006
83610,7.9504214e-05
83612,0.011430633
83615,0.048370276
83617,9.231007e-05
83620,8.823144e-06
83624,0.00034389307
83629,0.9995932
83631,0.00010079288
83633,0.00026373094
83634,0.0004453179
83636,0.0006382801
83648,0.00010532387
83650,1.2187166e-05
83651,0.07689684
83655,2.9500212e-05
83657,0.99678314
83666,1.158507e-05
83667,9.321412e-06
83669,0.99820316
83673,9.662773e-06
83675,4.6937785e-06
83694,0.00037826182
83701,0.0007562544
83704,0.0005533026
83708,3.112506e-05
83715,5.37831e-06
83719,0.00010904862
83723,0.00052260305
83724,0.046946526
83728,0.00017271939
83735,0.00017700013
83737,0.9991373
83740,0.9996934
83746,0.0003233292
83751,0.00037145926
83761,0.0001845715
83762,0.9998276
83768,0.00019155182
83771,0.00028250905
83777,0.00015387783
83783,0.00034038018
83794,0.0004995534
83796,0.99869907
83799,0.99905795
83805,1.085142e-05
83808,0.00019169251
83814,0.0005081531
83820,5.036686e-05
83827,0.0030422995
83828,4.2161806e-05
83831,0.000385091
83833,0.99887496
83834,0.00025342032
83837,0.00059787364
83838,0.00026117938
83839,0.0039422433
83840,0.0006983837
83848,0.04219118
83849,0.9990054
83850,0.00033252026
83855,8.556377e-06
83857,0.91859144
83858,0.99951446
83871,6.502668e-05
83883,0.00014890038
83885,0.065321974
83890,0.0006011371
83899,0.0018057361
83906,0.0021268183
83908,0.00034697543
83909,8.001937e-06
83910,0.00012816452
83911,0.00016069943
83915,0.0001296034
83918,0.0005543317
83927,0.0016826845
83929,0.00023665535
83936,0.9990994
83946,0.99917775
83954,0.00020880243
83955,0.9999498
83958,0.0008549445
83961,0.00013665142
83963,0.00026216506
83965,1.013691e-05
83967,0.9987471
83972,0.0032405406
83973,0.0002740836
83975,0.00013830246
83982,0.00015877468
83983,0.00042733637
83984,0.00044573031
83992,2.350812e-05
83995,0.000118017175
83998,6.472872e-05
84002,0.99853694
84012,2.145982e-05
84014,0.00063016143
84017,1.0354057e-05
84023,0.99833894
84026,0.9943493
84027,0.00021840462
84028,0.99809366
84029,0.00031667715
84037,0.00044724703
84041,0.12668785
84046,2.2710245e-05
84049,0.9997794
84052,0.00021925925
84058,0.99994934
84060,0.9140636
84068,0.00025219683
84071,0.99920684
84079,0.00042264585
84081,0.00028617826
84083,1.8219636e-05
84084,0.000236868
84090,0.00039584606
84095,0.00031612875
84100,0.0009114762
84105,0.00013642943
84108,0.998922
84114,0.00072248996
84115,0.00059455103
84118,0.0075733913
84120,0.00028267773
84130,7.513943e-05
84131,0.00014993445
84135,0.99928266
84146,0.99860257
84148,8.7794106e-05
84153,2.0558602e-05
84154,0.010274114
84155,0.0015253033
84162,0.00041306263
84165,0.005114707
84168,0.00012761891
84169,0.111451805
84172,0.00011458703
84178,0.0006439114
84182,0.99715436
84184,0.00056731194
84186,0.99695766
84191,0.0002172248
84200,0.00050583226
84201,3.2815264e-05
84202,0.015208648
84212,0.00057684537
84215,5.7417187e-06
84216,7.233933e-06
84223,7.10318e-05
84225,0.998278
84232,0.9981218
84233,0.999967
84234,0.00012359995
84249,0.00056699594
84251,0.003847402
84253,0.00035885617
84265,6.066511e-05
84268,2.8866394e-05
84275,0.0008812001
84280,0.00018316039
84290,0.99863106
84291,0.0003208588
84293,0.0004918857
84303,7.359211e-05
84308,0.0013377048
84309,0.00089153566
84315,0.00061406416
84316,0.99529934
84330,0.004103205
84331,0.00043111565
84334,8.625623e-06
84343,0.00018514364
84347,0.00094860233
84349,0.0015231828
84350,0.00010443249
84354,0.00021651122
84355,0.00057917077
84360,0.00067297753
84370,0.00020458746
84374,0.9952251
84378,0.097988464
84380,0.99917454
84384,0.9412317
84386,0.0012439052
84392,8.524474e-06
84397,0.0012765768
84402,0.99995744
84416,0.0019564768
84423,1.2154168e-05
84424,0.00059779757
84425,0.00026019983
84429,7.997978e-05
84430,0.99915195
84432,0.999188
84434,1.5714362e-05
84435,2.3703791e-05
84438,0.0037936359
84442,0.000520486
84452,0.063750476
84453,0.000558972
84463,0.0012449494
84467,0.0012830452
84468,0.00022638084
84470,1.9748737e-05
84477,2.8033579e-05
84478,0.99925166
84484,0.0010284313
84486,0.9993026
84487,0.0004924611
84495,0.00072075287
84496,0.062471878
84499,0.99824417
84509,0.00046988507
84510,0.00036112723
84521,0.08238139
84525,0.00058753934
84528,9.290066e-05
84535,0.0001073471
84537,0.049513005
84542,0.0005247091
84544,0.00027842462
84552,0.99813145
84554,2.5911873e-05
84555,0.9986603
84556,0.00013975357
84559,0.00038436078
84562,0.009175282
84570,0.9980096
84571,0.00046873855
84572,5.2540377e-06
84581,0.00012475313
84582,0.9922753
84583,0.000101164565
84605,0.9993129
84608,0.00030316785
84620,1.1250054e-05
84621,0.0004688893
84624,0.00033918195
84628,4.2335374e-05
84629,0.99898905
84632,0.00012855412
84635,0.0002366075
84638,6.0702783e-05
84639,4.9531695e-06
84644,0.00042255197
84647,0.0016973959
84650,0.0004045598
84652,6.381502e-05
84654,0.00010570116
84665,0.99515164
84667,0.93964654
84668,0.994762
84670,2.7337337e-05
84672,4.3855944e-05
84674,2.0006293e-05
84681,0.00013507376
84682,0.00037526735
84685,0.00031597147
84688,0.99940133
84693,0.012083212
84710,3.0722786e-05
84711,0.9974503
84713,2.6784477e-05
84714,0.00016131275
84717,9.861503e-06
84718,0.99361414
84730,0.00046261813
84731,0.00016167061
84734,2.8328825e-05
84736,0.00039281373
84739,1.2176908e-05
84742,0.9992483
84743,0.0007478462
84744,0.07073059
84749,0.94961154
84751,0.00024742083
84755,0.0683437
84767,0.00012566421
84772,0.07917866
84774,0.00031471028
84778,0.87236565
84781,0.00039467512
84782,0.99830616
84785,0.9993591
84792,0.0008476081
84793,0.00031939356
84803,5.941502e-06
84809,3.1650154e-05
84810,1.9235475e-05
84812,0.99937063
84813,0.99894446
84815,0.99970895
84825,6.7115334e-06
84828,6.9828275e-05
84830,0.0005970693
84833,0.00023069735
84834,0.0027198624
84835,0.00015225731
84839,0.00013037847
84840,0.00014982326
84843,0.08167275
84845,0.00016693221
84846,0.99986076
84850,0.00023459637
84851,9.026111e-05
84854,4.581001e-05
84857,0.995004
84858,0.99714893
84859,0.0009695746
84861,2.2795126e-05
84862,0.00012974237
84864,3.2854907e-05
84876,0.0008335853
84877,0.9996754
84880,0.0015539572
84882,0.00014570271
84883,0.998963
84885,0.00034116412
84898,1.7782875e-05
84903,0.00060640735
84911,0.008704605
84912,0.00018617196
84913,0.0008156011
84916,0.9995695
84918,0.0042178184
84933,0.9999502
84937,2.4667066e-05
84941,0.989056
84945,0.0003985619
84946,0.00028482382
84947,0.00035290408
84948,0.0005687496
84951,0.99848664
84953,0.00016468343
84955,1.6258424e-05
84957,7.474302e-05
84958,0.0006417493
84987,0.0013368737
84991,0.0007234418
84996,0.9996203
85006,9.0436435e-05
85013,6.749125e-05
85019,1.894971e-05
85020,0.9994222
85022,2.0016427e-05
85024,0.0028136668
85025,0.9994306
85028,2.2553615e-05
85030,0.00048623455
85033,0.006208243
85034,1.3702365e-05
85038,0.0003024946
85039,0.00021098844
85040,0.0004180763
85042,0.8601035
85043,0.000490164
85044,1.4000587e-05
85047,7.974132e-06
85048,0.9993913
85051,0.99439573
85052,0.0004101393
85053,0.00010683162
85055,0.0005027144
85056,0.13483024
85070,0.9996105
85072,9.824123e-05
85074,0.00018971562
85077,0.00022808352
85081,0.0004977415
85084,0.0007568795
85096,0.8019973
85099,0.9994154
85104,0.9921943
85120,1.09079865e-05
85124,1.1389234e-05
85129,0.001769363
85133,4.59754e-05
85142,0.091556124
85143,0.10375322
85144,0.9967615
85145,0.0015834816
85148,5.2734645e-06
85149,0.99992645
85150,0.00022740626
85156,0.00041373394
85159,0.0053194235
85168,0.00025181382
85176,0.00031776316
85177,6.4897995e-06
85183,1.0136359e-05
85193,0.998686
85197,0.0023849823
85211,0.0015744781
85214,0.0001993068
85215,0.0004657666
85216,0.99884355
85219,0.9965407
85220,0.00053104456
85224,0.00015908535
85225,0.00013791859
85227,0.010301326
85228,0.00094321027
85229,0.9881187
85232,0.995747
85236,0.00039080015
85241,0.000401954
85242,0.0076369643
85243,0.0004002807
85248,0.12298432
85250,0.016081177
85254,0.0004927774
85256,0.0039753066
85266,9.265409e-05
85273,0.9988619
85274,0.9989759
85280,0.9992287
85283,0.001821028
85290,0.00023480492
85291,0.00040047133
85299,0.0009864363
85300,0.00047191783
85314,0.99945515
85316,0.000161398
85318,0.00012539525
85320,1.877091e-05
85324,0.15118073
85332,1.1779206e-05
85336,4.632277e-06
85341,0.003944723
85343,0.0004166849
85344,0.00063128077
85347,0.99993277
85351,0.00028967467
85356,2.0774252e-05
85358,0.0005519576
85362,0.0005180261
85375,0.0007586751
85381,0.0007083363
85383,0.99935323
85388,0.9998586
85389,0.0003236296
85390,0.00015329935
85391,0.00016966407
85392,0.99984443
85397,0.00060100737
85402,0.8301901
85403,9.678628e-05
85404,4.392488e-06
85405,0.00035843442
85410,0.9935494
85412,0.00034901127
85415,0.0001172657
85417,0.00047153744
85421,0.001558899
85434,0.8997669
85435,0.00051765447
85439,0.9984634
85440,7.709171e-06
85444,5.023035e-05
85447,0.00019365398
85450,0.00021744592
85456,9.3736155e-05
85462,3.6344497e-06
85465,0.0037512593
85467,0.9990588
85472,0.012396172
85473,0.99933773
85479,0.0011765688
85481,0.0001717498
85482,0.00029831403
85484,0.0002757296
85488,0.00041777032
85497,0.010976771
85507,0.00017521266
85510,0.0009534273
85514,0.99812084
85517,0.00016131936
85523,0.00068931485
85525,0.007299322
85533,1.0181147e-05
85541,0.00035716075
85542,0.9975031
85544,0.0033887848
85549,0.00022353826
85551,0.10311751
85553,0.0004347853
85556,0.00037043003
85560,0.9988133
85561,0.99772006
85564,0.00018200633
85565,0.00020281479
85566,0.00021212814
85571,0.9968534
85575,0.0013222502
85586,3.5122626e-05
85609,0.99960893
85616,0.8813608
85617,0.00028773304
85618,0.00028967412
85619,0.99835
85622,0.0078977775
85630,9.414691e-06
85635,0.00043748808
85639,0.9982729
85643,0.0011136079
85646,6.338405e-05
85648,0.078786284
85649,0.00024158311
85650,0.00011859567
85657,0.99962664
85658,0.008871041
85659,0.0008416296
85664,0.9994393
85671,0.059214275
85672,8.160247e-05
85673,0.00014893374
85680,0.9989655
85682,0.99957997
85705,2.2391001e-05
85706,0.00018982743
85707,0.99855345
85716,0.999198
85717,0.00076885696
85723,0.0002391274
85726,0.0009759724
85727,0.00014638089
85728,0.00014305729
85736,0.0006822785
85738,0.9912409
85744,0.999175
85747,9.581956e-06
85748,0.0014467238
85751,2.0647843e-05
85752,0.000480791
85757,0.9994438
85761,0.00027689242
85762,0.00037927844
85768,0.9988925
85770,1.9758967e-05
85771,0.9997131
85775,0.0038715566
85780,0.8138258
85783,6.025403e-05
85789,0.0002093293
85792,0.00022031815
85793,0.9992963
85800,4.3685714e-06
85801,0.99935204
85806,0.999271
85819,5.521297e-05
85820,0.00039850286
85821,0.00033921964
85823,0.003728357
85834,0.0010025803
85839,0.00069626514
85840,0.0008604291
85843,0.00021211337
85846,0.0005153735
85848,0.9999155
85853,0.0007791196
85856,0.99732345
85857,1.0139008e-05
85868,0.020588722
85878,0.00010125577
85879,0.00054751715
85901,0.0001767475
85902,0.00029488627
85904,0.00022371499
85905,0.9991209
85911,0.00011382308
85919,0.00012949826
85923,1.9777272e-05
85929,0.00069078634
85930,0.0033464117
85933,0.99872726
85943,0.99758947
85946,9.6583135e-06
85949,3.1420335e-05
85950,0.0006492454
85951,0.00034236262
85953,0.9999541
85954,9.325502e-06
85960,0.00030716066
85961,0.00061723567
85963,0.0002502872
85964,1.8755289e-05
85969,0.9996165
85971,0.9994236
85972,0.00031119
85973,6.130436e-05
85975,1.0843702e-05
85976,2.875383e-05
85977,0.90068924
85982,6.968898e-05
85983,0.9992212
85984,2.8819388e-05
85986,0.0004259227
85987,0.1396501
85988,0.0001671117
85989,0.00043624226
85996,0.99891734
85999,0.00065175316
86002,0.00049425283
86013,2.3861558e-05
86018,0.9992204
86019,3.6039197e-05
86021,0.0005816993
86022,6.0811824e-05
86032,0.0039924034
86035,0.00011087264
86036,1.25293145e-05
86040,0.00044161902
86041,0.00057476864
86046,0.99965525
86054,0.0004036264
86056,0.00033068508
86064,6.187105e-05
86065,0.00020414864
86067,8.648159e-05
86074,0.00013202977
86075,0.0006240413
86076,0.0005538796
86079,0.00021152766
86081,0.001795298
86093,5.917193e-06
86120,1.9220972e-05
86121,0.999524
86148,0.0004415843
86151,0.0027075731
86152,0.0005217663
86163,0.99940836
86164,0.0566305
86166,1.6474954e-05
86169,0.99970156
86170,0.0003999624
86178,0.9998921
86183,5.6480265e-05
86184,0.00020609896
86195,0.0008811275
86196,0.0010527305
86203,0.00031672485
86207,0.00053078344
86213,0.99894327
86215,0.00046881536
86217,0.087668896
86224,0.00022014494
86236,0.99675363
86237,0.0001328794
86238,3.7199654e-05
86240,0.9992957
86243,0.0007457582
86245,0.0005745235
86246,0.9985077
86249,0.99896383
86253,0.9997094
86254,0.00022678742
86257,0.0005843502
86260,0.9999441
86262,0.99994516
86263,0.00017221896
86266,0.00046373982
86271,8.810795e-05
86277,0.9983966
86278,3.6628364e-06
86281,0.0005920358
86285,0.00030255574
86289,0.00040486705
86293,0.00030401186
86297,0.0020727501
86307,0.0015115812
86309,0.0002776167
86311,0.0013469099
86319,0.0001141152
86323,0.99614394
86325,0.9981604
86326,0.0005493239
86327,0.00016411956
86330,0.000711572
86335,0.00018758608
86336,0.00029260773
86340,1.2206532e-05
86344,0.0005040971
86349,3.26849e-05
86359,0.00020195915
86370,0.9999573
86374,0.0004351825
86376,0.0718482
86385,0.004396805
86397,0.00020187136
86403,0.8585845
86408,0.0051946463
86410,8.724527e-06
86413,0.0003468104
86421,0.00068633194
86426,6.8548914e-05
86427,0.00010123955
86428,0.0008960245
86429,1.9662855e-05
86441,2.1141032e-05
86443,0.0015972332
86444,0.0045452076
86446,0.0001898088
86448,5.1920022e-05
86462,0.04319217
86464,0.0002090333
86467,0.0005843856
86468,0.00014272782
86470,0.000438184
86471,0.999329
86481,0.0002467487
86484,0.0005102754
86485,0.0034007824
86490,1.1075017e-05
86498,0.016380645
86499,0.9993956
86503,0.992519
86504,0.9987668
86506,0.00047696556
86509,0.0039383057
86511,0.00023436744
86519,0.010039755
86520,0.000179335
86523,0.0009894095
86530,0.00025614633
86535,0.00054037303
86541,0.9991641
86545,0.0021593855
86551,0.0001748415
86552,0.0003753806
86554,3.494942e-05
86555,0.000559986
86557,0.9934695
86559,0.99872226
86561,0.0014926184
86566,0.0015983096
86567,0.0012870382
86570,0.99975306
86571,0.00040719216
86576,0.00026970071
86578,0.00018612617
86587,6.9147216e-05
86588,0.9778031
86590,0.0006320381
86591,0.00016277784
86593,0.99860066
86596,0.00021851023
86599,0.9997304
86604,0.99931943
86605,0.00018183772
86615,0.9996043
86617,0.075653434
86622,0.9849295
86623,0.0007231526
86626,0.0055733016
86627,3.4713248e-05
86630,0.99757844
86631,0.8292533
86632,0.0007157909
86636,0.20088276
86637,0.0011054965
86640,1.2769135e-05
86641,0.9928035
86642,0.00011567465
86647,0.9983728
86651,0.99929297
86652,0.00056725054
86660,0.0007517124
86663,0.082508124
86665,8.129645e-05
86667,0.99996114
86668,0.9987649
86671,0.00012188938
86672,0.00012388774
86689,0.9988348
86690,0.99958235
86696,0.8832365
86698,0.9985384
86699,0.08781811
86702,0.00038651784
86705,0.99121803
86710,4.3275286e-06
86713,0.0007955427
86721,0.94832456
86722,0.00068050926
86723,1.4093139e-05
86726,0.003992174
86727,0.0919614
86729,0.0012572388
86733,0.00052212126
86738,0.00010855757
86743,0.00015631349
86746,0.9993259
86747,0.00026741702
86751,2.9102222e-05
86758,0.0001667596
86759,1.0555512e-05
86763,0.00033138224
86766,0.00023010005
86770,0.000100325226
86772,0.0003032783
86778,0.0019267494
86785,0.9983064
86787,3.0300067e-05
86788,0.8512187
86789,0.00014744414
86796,0.86029726
86799,0.00011361087
86800,0.00044083438
86805,0.00062007084
86826,0.00064002717
86828,0.11996917
86832,0.8275203
86834,0.9981237
86838,0.00039949085
86845,0.00018816702
86850,0.0001942978
86857,0.9985214
86861,0.00020887272
86862,0.00036420464
86864,0.9995185
86873,7.628296e-05
86875,0.00022624317
86876,0.9951609
86879,0.000585432
86880,0.9992963
86882,9.639524e-06
86884,9.443731e-05
86890,0.9967996
86896,6.0224293e-06
86897,0.00046700565
86901,0.9959656
86902,0.00039711408
86903,5.291099e-05
86904,0.0006248453
86907,0.80724883
86910,0.998359
86911,0.00013070348
86922,0.0003783734
86929,5.319933e-05
86932,0.00050147914
86938,0.8396208
86939,1.391184e-05
86940,0.00027374647
86941,0.00017338122
86946,0.00015339204
86954,0.00038283787
86955,0.00034254498
86959,0.0004609828
86966,0.99935156
86971,0.0003184598
86973,0.0003315314
86993,0.24207431
86996,0.00023694141
87000,0.1429997
87006,0.000465936
87007,0.0004256926
87009,0.0005832949
87010,0.99920064
87017,1.5178485e-05
87020,0.00022978632
87031,0.99102634
87033,0.91146076
87041,0.0005506166
87042,1.2404668e-05
87045,3.1017353e-05
87047,0.9990866
